{"SubTexture":[{"width":219,"y":1,"height":136,"name":"TX_6133_skill015","x":225},{"width":222,"y":1,"height":135,"name":"TX_6133_skill016","x":1},{"width":217,"y":138,"height":135,"name":"TX_6133_skill012","x":1},{"width":214,"y":276,"height":135,"name":"TX_6133_skill017","x":220},{"width":217,"y":275,"height":135,"name":"TX_6133_skill013","x":1},{"width":206,"y":412,"height":135,"name":"TX_6133_skill018","x":1},{"width":217,"y":139,"height":135,"name":"TX_6133_skill014","x":220}],"width":512,"imagePath":"S6133_tex.png","height":1024,"name":"S6133"}