{"frameRate":24,"name":"S6133","version":"5.5","compatibleVersion":"5.5","armature":[{"type":"Armature","frameRate":24,"name":"Armature","aabb":{"x":-108.5,"y":-112.5,"width":217,"height":135},"bone":[{"name":"root"}],"slot":[{"name":"root","parent":"root"}],"skin":[{"slot":[{"name":"root","display":[{"name":"TX_6133_skill012","transform":{"y":-45}},{"name":"TX_6133_skill013","transform":{"y":-45}},{"name":"TX_6133_skill014","transform":{"y":-45}},{"name":"TX_6133_skill015","transform":{"x":1,"y":-44.5}},{"name":"TX_6133_skill016","transform":{"x":2.5,"y":-45}},{"name":"TX_6133_skill017","transform":{"x":-1.5,"y":-45}},{"name":"TX_6133_skill018","transform":{"x":-5.5,"y":-45}}]}]}],"animation":[{"duration":16,"playTimes":0,"name":"hit","slot":[{"name":"root","displayFrame":[{"duration":2},{"duration":2,"value":1},{"duration":2,"value":2},{"duration":2,"value":3},{"duration":2,"value":4},{"duration":2,"value":5},{"duration":4,"value":6}],"colorFrame":[{"duration":10},{"duration":6,"tweenEasing":0},{"duration":0,"value":{"aM":0}}]}]}],"defaultActions":[{"gotoAndPlay":"hit"}]}]}