{"frameRate":30,"name":"P6017","version":"5.5","compatibleVersion":"5.5","armature":[{"type":"Armature","frameRate":30,"name":"Armature","aabb":{"x":-110.48,"y":-133.66,"width":170.64,"height":148.82},"bone":[{"name":"root"},{"name":"bf","parent":"root","transform":{"x":-3,"y":-140}},{"name":"bone","parent":"root","transform":{"y":-40}},{"name":"fs","parent":"root","transform":{"y":-70}},{"name":"mz","parent":"root","transform":{"x":-6.76,"y":-49.29}},{"length":174,"name":"pet6017_shan1","parent":"root","transform":{"x":1.47,"y":-5.35,"skX":-88.64,"skY":-88.64}},{"length":33,"name":"yz","parent":"root","transform":{"x":0.65,"y":0.06,"skX":90.9,"skY":90.9}},{"length":25,"name":"PET6017_duzi","parent":"bone","transform":{"x":-5.62,"y":28.79,"skX":-83.7,"skY":-83.7}},{"length":30,"name":"bone2","parent":"PET6017_duzi","transform":{"x":25.32,"y":0.11,"skX":-2.7,"skY":-2.7}},{"length":26,"name":"PET6017_youtui1","parent":"PET6017_duzi","transform":{"x":24.51,"y":-21.26,"skX":169.29,"skY":169.29}},{"length":26,"name":"PET6017_zuotui1","parent":"PET6017_duzi","transform":{"x":28.54,"y":21.81,"skX":-167.13,"skY":-167.13}},{"length":19,"name":"PET6017_weiba2","parent":"PET6017_duzi","transform":{"x":15.73,"y":-18.52,"skX":-104.98,"skY":-104.98}},{"length":38,"name":"PET6017_tou","parent":"bone2","transform":{"x":30.25,"y":-0.44,"skX":-3.15,"skY":-3.15}},{"length":27,"name":"PET6017_youshou","parent":"bone2","transform":{"x":16.43,"y":-24.24,"skX":136.15,"skY":136.15}},{"length":12,"name":"PET6017_youtui2","parent":"PET6017_youtui1","transform":{"x":30.87,"y":6.91,"skX":-61.48,"skY":-61.48}},{"length":29,"name":"PET6017_zuoshou1","parent":"bone2","transform":{"x":16.62,"y":14.14,"skX":81.93,"skY":81.93}},{"length":13,"name":"PET6017_zuotui2","parent":"PET6017_zuotui1","transform":{"x":31.65,"y":4.52,"skX":-104.56,"skY":-104.56}},{"length":34,"name":"bone5","parent":"PET6017_weiba2","transform":{"x":19.43,"y":-0.14,"skX":92.25,"skY":92.25}},{"length":18,"name":"bone4","parent":"PET6017_youtui2","transform":{"x":12.31,"y":0.04}},{"length":50,"name":"PET6017_youer","parent":"PET6017_tou","transform":{"x":23.99,"y":-17.03,"skX":-43.84,"skY":-43.84}},{"length":12,"name":"PET6017_zuiputong","parent":"PET6017_tou","transform":{"x":-4.41,"y":14.33,"skX":180,"skY":180}},{"length":38,"name":"PET6017_zuoer","parent":"PET6017_tou","transform":{"x":25.72,"y":20.05,"skX":16.65,"skY":16.65}},{"length":16,"name":"bone3","parent":"PET6017_zuotui2","transform":{"x":13.61,"skX":-4.98,"skY":-4.98}},{"length":16,"name":"PET6017_yangjingputong","parent":"PET6017_tou","transform":{"x":4.98,"y":12.63,"skX":-2.25,"skY":-2.25}},{"length":40,"name":"bone6","parent":"bone5","transform":{"x":34.41,"y":0.06,"skX":60.1,"skY":60.1}},{"length":20,"name":"PET6017_weiba1","parent":"bone6","transform":{"x":43.54,"y":-0.55,"skX":-31.55,"skY":-31.55}},{"length":30,"name":"bone7","parent":"PET6017_weiba1","transform":{"x":19.89,"y":-1.05,"skX":-93.15,"skY":-93.15}},{"length":48,"name":"bone8","parent":"bone7","transform":{"x":30.39,"y":-0.1,"skX":-55.28,"skY":-55.28}},{"length":55,"name":"bone9","parent":"bone8","transform":{"x":48.58,"y":0.23,"skX":-4.95,"skY":-4.95}}],"slot":[{"name":"PET6017_weiba1","parent":"PET6017_weiba1"},{"name":"pet_yinying","parent":"yz"},{"name":"PET6017_zuotui2","parent":"PET6017_zuotui2"},{"name":"PET6017_zuoer","parent":"PET6017_zuoer"},{"name":"PET6017_zuoshou1","parent":"PET6017_zuoshou1"},{"name":"PET6017_weiba2","parent":"PET6017_weiba2"},{"name":"PET6017_zuotui1","parent":"PET6017_zuotui1"},{"name":"PET6017_duzi","parent":"PET6017_duzi"},{"name":"PET6017_tou","parent":"PET6017_tou"},{"displayIndex":1,"name":"PET6017_yangjingputong","parent":"PET6017_yangjingputong"},{"name":"PET6017_youtui2","parent":"PET6017_youtui2"},{"name":"PET6017_youer","parent":"PET6017_youer"},{"name":"PET6017_youtui1","parent":"PET6017_youtui1"},{"name":"PET6017_zuiputong","parent":"PET6017_zuiputong"},{"name":"PET6017_youshou","parent":"PET6017_youshou"},{"displayIndex":-1,"name":"pet6017_shan1","parent":"pet6017_shan1"}],"skin":[{"slot":[{"name":"PET6017_youer","display":[{"name":"PET6017_youer","transform":{"x":23.94,"y":0.08,"skX":133.41,"skY":133.41}}]},{"name":"PET6017_zuiputong","display":[{"name":"PET6017_zuigongji","transform":{"x":2.11,"y":0.72,"skX":-90.43,"skY":-90.43}},{"name":"PET6017_zuiputong","transform":{"x":2.11,"y":0.72,"skX":-90.43,"skY":-90.43}},{"name":"PET6017_zuishengli","transform":{"x":2.11,"y":0.72,"skX":-90.43,"skY":-90.43}},{"name":"PET6017_zuisiwang","transform":{"x":2.11,"y":0.72,"skX":-90.43,"skY":-90.43}},{"name":"PET6017_zuixuli","transform":{"x":2.11,"y":0.72,"skX":-90.43,"skY":-90.43}}]},{"name":"PET6017_weiba2","display":[{"type":"mesh","name":"PET6017_weiba2","width":51,"height":70,"vertices":[-16.38,-88.67,-38.88,-70.11,-44.65,-64.53,-49.66,-59.68,-54.76,-44.5,-51.75,-30.92,-40.52,-21.88,-25.44,-21.87,-17.78,-29.64,-20.79,-32.54,-29.49,-27.78,-41.44,-30.68,-46.88,-45.54,-43.52,-53.38,-41.32,-58.52,-38.24,-60.7,-9.66,-80.9,-5.09,-87.98,-45.49,-60.03],"uvs":[0.77856,0.01271,0.3373,0.27786,0.22417,0.35762,0.12578,0.427,0.0257,0.64408,0.08484,0.83797,0.30546,0.96722,0.60115,0.96722,0.75126,0.85619,0.69213,0.81477,0.52154,0.88271,0.28727,0.84128,0.18036,0.62917,0.24636,0.51697,0.28954,0.44357,0.34989,0.41248,0.91048,0.12374,1,0.02266,0.20766,0.42203],"triangles":[1,15,16,0,16,17,0,1,16,9,7,8,10,7,9,10,6,7,11,6,10,12,5,11,2,14,15,2,15,1,2,18,14,5,6,11,18,13,14,4,5,12,18,3,13,3,12,13,3,4,12,2,3,18],"weights":[1,24,1,1,24,1,2,17,0.00062,24,0.99937,2,17,0.84965,24,0.15034,2,17,0.99552,24,0.00447,2,17,0.99866,24,0.00133,1,17,0.99999,2,17,0.99995,24,0.00004,2,17,0.99994,24,0.00005,2,17,0.99994,24,0.00005,2,17,0.99995,24,0.00004,1,17,1,2,17,0.99439,24,0.0056,2,17,0.99295,24,0.00704,2,17,0.34851,24,0.65148,2,17,0.00053,24,0.99945,1,24,1,1,24,1,2,17,0.5,24,0.5],"slotPose":[1,0,0,1,0,0],"bonePose":[24,0.805618,-0.592435,0.592435,0.805618,-45.282297,-60.006856,17,-0.111989,-0.993709,0.993709,-0.111989,-41.488369,-25.806595],"edges":[4,5,5,6,6,7,7,8,8,9,9,10,10,11,11,12,12,13,13,14,14,15,15,16,16,17,17,0,0,1,1,2,2,3,3,4],"userEdges":[]}]},{"name":"PET6017_tou","display":[{"name":"PET6017_tou","transform":{"x":8.98,"y":1.98,"skX":89.56,"skY":89.56}}]},{"name":"PET6017_youshou","display":[{"name":"PET6017_youshou","transform":{"x":13.33,"y":-0.2,"skX":-49.73,"skY":-49.73}}]},{"name":"PET6017_youtui1","display":[{"name":"PET6017_youtui1","transform":{"x":15.06,"y":1.14,"skX":-85.58,"skY":-85.58}}]},{"name":"PET6017_duzi","display":[{"type":"mesh","name":"PET6017_duzi","width":69,"height":87,"vertices":[-13.72,-90.31,-20.86,-84.38,-26.52,-79.69,-28.17,-61.36,-30.82,-54.78,-33.89,-47.14,-36.86,-39.76,-38.06,-36.79,-39.38,-28.37,-36.18,-21.27,-25.27,-13.32,-9.66,-7.78,3.43,-7.94,16.55,-14.97,25.37,-26.28,25.96,-31.28,26.69,-37.5,23.75,-46.02,21.62,-52.17,17.3,-65.56,13.89,-83.02,5.78,-89.74,-3.34,-91.62,-2.48,-36.61,-4.06,-29.7],"uvs":[0.40107,0.03765,0.29749,0.10586,0.21566,0.15975,0.19192,0.37044,0.15355,0.44602,0.10892,0.53392,0.06587,0.61873,0.04853,0.65289,0.02931,0.74972,0.07566,0.83131,0.23391,0.92275,0.46,0.98641,0.64991,0.98461,0.84015,0.90371,0.96789,0.77371,0.97645,0.7162,0.9871,0.6446,0.94442,0.5467,0.91363,0.47605,0.85106,0.32201,0.80132,0.12118,0.68376,0.04408,0.5515,0.02256,0.5643,0.65495,0.54117,0.73441],"triangles":[17,23,16,23,14,15,16,23,15,24,13,14,23,24,14,18,23,17,19,23,18,21,22,20,3,23,19,20,22,19,22,1,19,1,3,19,24,12,13,0,1,22,24,11,12,2,3,1,3,4,23,10,11,24,6,24,23,5,6,23,4,5,23,9,10,24,7,9,24,6,7,24,7,8,9],"weights":[2,8,0.00958,12,0.99041,2,8,0.09536,12,0.90463,3,7,0.00217,8,0.19295,12,0.80487,2,7,0.14817,8,0.85181,2,7,0.27094,8,0.72904,2,7,0.4468,8,0.55319,2,7,0.61668,8,0.3833,2,7,0.67207,8,0.32792,2,7,0.78264,8,0.21735,3,7,0.84885,8,0.15113,12,0.00001,2,7,0.96137,8,0.03862,1,7,1,2,7,0.98709,8,0.0129,2,7,0.8327,8,0.16729,2,7,0.56296,8,0.43703,2,7,0.47226,8,0.52773,2,7,0.35127,8,0.64872,2,7,0.18324,8,0.81675,2,7,0.08045,8,0.91954,2,7,0.00066,8,0.99933,2,8,0.02474,12,0.97525,1,12,1,1,12,1,2,7,0.5,8,0.5,1,7,1],"slotPose":[1,0,0,1,0,0],"bonePose":[8,0.062791,-0.998027,0.998027,0.062791,-2.732192,-36.365021,12,0.007854,-0.999969,0.999969,0.007854,-1.27191,-66.582957,7,0.109734,-0.993961,0.993961,0.109734,-5.62,-11.21],"edges":[8,9,9,10,10,11,11,12,12,13,13,14,14,15,15,16,16,17,17,18,18,19,19,20,20,21,21,22,22,0,0,1,1,2,2,3,3,4,4,5,5,6,6,7,7,8],"userEdges":[]}]},{"name":"pet_yinying","display":[{"name":"pet_yinying","transform":{"x":-0.38,"y":0.5,"skX":-90.9,"skY":-90.9,"scY":1.3}}]},{"name":"PET6017_zuotui2","display":[{"type":"mesh","name":"PET6017_zuotui2","width":40,"height":20,"vertices":[1.59,-11.75,0.55,-8.16,1.82,-5.08,15.17,-3.71,17.98,-3.18,20.25,-2.74,24.31,-1.97,26.59,-0.2,32.47,0.4,38.87,-5.84,37.55,-9.84,32.75,-12.43,25.96,-13.48,21.59,-12.77,18.56,-12.28,16.02,-13.66,14.84,-14.29,14.85,-16.85,10.29,-18.37,4.61,-14.9,18,-7.69],"uvs":[0.02939,0.33384,0.00339,0.51384,0.03539,0.66784,0.36939,0.73584,0.43966,0.76254,0.49661,0.78418,0.59811,0.82274,0.65511,0.91074,0.80211,0.94074,0.96211,0.62874,0.92911,0.42874,0.80911,0.29874,0.63914,0.24655,0.53009,0.28192,0.45414,0.30655,0.39055,0.23817,0.36114,0.20655,0.36114,0.07855,0.24714,0.00255,0.10514,0.17655,0.44014,0.53655],"triangles":[10,8,9,11,8,10,12,6,11,6,7,11,7,8,11,13,20,6,20,5,6,13,6,12,20,4,5,14,20,13,20,3,4,15,20,14,16,3,20,15,16,20,16,19,3,19,2,3,0,2,19,18,19,16,18,16,17,1,2,0],"weights":[1,16,1,1,16,1,1,16,1,2,16,0.8606,22,0.13939,2,16,0.43771,22,0.56228,2,16,0.13765,22,0.86234,2,16,0.00076,22,0.99923,1,22,1,1,22,1,1,22,1,1,22,1,1,22,1,1,22,1,2,16,0.07212,22,0.92787,2,16,0.51436,22,0.48563,2,16,0.91672,22,0.08327,2,16,0.97956,22,0.02043,2,16,0.9999,22,0.00009,1,16,1,1,16,1,2,16,0.5,22,0.5],"slotPose":[1,0,0,1,0,0],"bonePose":[16,0.996765,0.080373,-0.080373,0.996765,4.527769,-8.773624,22,0.999979,-0.006458,0.006458,0.999979,18.093739,-7.679749],"edges":[1,2,2,3,3,4,4,5,5,6,6,7,7,8,8,9,9,10,10,11,11,12,12,13,13,14,14,15,15,16,16,17,17,18,18,19,19,0,0,1],"userEdges":[]}]},{"name":"PET6017_youtui2","display":[{"type":"mesh","name":"PET6017_youtui2","width":43,"height":38,"vertices":[-33.11,-3.25,-30.6,-0.13,-25.12,2.41,-21.3,4.19,-18.25,5.92,-9.6,10.85,-1.98,11.63,5.85,5.53,4.63,1,0.14,-1.97,-11.85,-4.94,-14.86,-5.91,-17.72,-6.83,-15.31,-11.77,-16.93,-16.58,-23.7,-19.88,-28.35,-17.36,-30.48,-13.1,-29.59,-9.4,-33,-7.12,-17.28,-1.63],"uvs":[0.0302,0.51815,0.0888,0.60068,0.21608,0.66748,0.30499,0.71415,0.37596,0.75988,0.57717,0.88952,0.75429,0.91015,0.93661,0.74952,0.90796,0.63015,0.80378,0.55204,0.52508,0.47394,0.45487,0.44821,0.38834,0.42383,0.44434,0.29415,0.40657,0.16741,0.24899,0.08047,0.1409,0.14678,0.09141,0.25878,0.11225,0.35605,0.0328,0.41647,0.39872,0.56086],"triangles":[8,6,7,9,6,8,5,6,9,10,5,9,10,20,5,20,4,5,11,20,10,3,4,20,12,20,11,14,12,13,2,20,12,15,16,14,18,12,14,16,18,14,2,3,20,18,2,12,17,18,16,18,1,2,18,0,1,19,0,18],"weights":[1,14,1,1,14,1,2,14,0.95177,18,0.04822,2,14,0.62146,18,0.37852,2,14,0.22511,18,0.77488,1,18,1,1,18,1,1,18,0.99999,1,18,0.99999,1,18,0.99999,2,14,0.05957,18,0.94042,2,14,0.4038,18,0.59618,2,14,0.87826,18,0.12173,1,14,1,1,14,0.99999,1,14,1,1,14,1,1,14,1,1,14,1,1,14,1,2,14,0.5,18,0.5],"slotPose":[1,0,0,1,0,0],"bonePose":[14,0.912763,0.40849,-0.40849,0.912763,-28.577876,-6.594999,18,0.912763,0.40849,-0.40849,0.912763,-17.358104,-1.529979],"edges":[0,1,1,2,2,3,3,4,4,5,5,6,6,7,7,8,8,9,9,10,10,11,11,12,12,13,13,14,14,15,15,16,16,17,17,18,18,19,19,0],"userEdges":[]}]},{"name":"pet6017_shan1","display":[{"name":"pet6017_shan1","transform":{"x":89.73,"y":-12.11,"skX":88.64,"skY":88.64}},{"name":"pet6017_shan2","transform":{"x":89.73,"y":-12.11,"skX":88.64,"skY":88.64}}]},{"name":"PET6017_zuoshou1","display":[{"name":"PET6017_zuoshou1","transform":{"x":13.18,"y":0.38,"skX":4.48,"skY":4.48}},{"name":"PET6017_zuoshou2","transform":{"x":13.18,"y":0.38,"skX":4.48,"skY":4.48}}]},{"name":"PET6017_zuotui1","display":[{"name":"PET6017_zuotui1","transform":{"x":11.9,"y":0.55,"skX":-109.15,"skY":-109.15}}]},{"name":"PET6017_weiba1","display":[{"type":"mesh","name":"PET6017_weiba1","width":117,"height":73,"vertices":[-112.89,-47.21,-96.15,-62.26,-87.74,-70.77,-87.74,-60.38,-85.66,-54.14,-83.78,-55.52,-70.11,-75.1,-66.72,-79.94,-62.98,-85.29,-57.44,-93.23,-44.27,-104.09,-34.46,-110.04,-30.57,-110.75,-27.33,-111.32,-18.99,-111.09,-9.09,-107.15,-7.87,-103.75,-7.44,-100.16,-15.52,-86.87,-7.82,-82.81,1.3,-99.03,-0.79,-106.31,-6.48,-113.81,-20.75,-118.28,-30.35,-117.7,-33.4,-116.76,-37.53,-115.2,-48.76,-109.77,-67.05,-96.01,-70.37,-93.42,-72.95,-102.72,-83.14,-100.94,-103.43,-76.7,-115.57,-53.93,-115.58,-48.49,-71.65,-85.99,-68.46,-88.89,-31.99,-114.06],"uvs":[0.02299,0.99792,0.16599,0.79178,0.23792,0.67515,0.23792,0.81755,0.25568,0.90299,0.27176,0.884,0.38857,0.61584,0.41751,0.54941,0.44944,0.47612,0.49684,0.3673,0.60931,0.21851,0.69312,0.13694,0.72641,0.12719,0.75417,0.11927,0.8254,0.12223,0.91002,0.17623,0.92043,0.22297,0.92415,0.27186,0.85502,0.45425,0.92102,0.50985,0.99897,0.28752,0.98109,0.18778,0.93235,0.08492,0.8104,0.02381,0.7283,0.03174,0.70225,0.04477,0.66692,0.06617,0.57092,0.14073,0.41462,0.32926,0.38625,0.36474,0.36425,0.23726,0.2771,0.26167,0.10364,0.59393,0,0.90585,0,0.98044,0.37539,0.46659,0.40254,0.42677,0.71434,0.08183],"triangles":[21,17,20,17,19,20,17,18,19,22,15,21,15,16,21,16,17,21,14,15,22,23,14,22,23,13,14,24,13,23,24,37,13,37,12,13,37,11,12,25,37,24,25,26,37,26,11,37,26,10,11,27,10,26,27,9,10,28,9,27,36,8,9,28,36,9,35,7,8,36,35,8,3,5,6,2,3,6,35,6,7,35,2,6,31,35,29,30,31,29,31,2,35,32,2,31,3,4,5,32,1,2,32,33,1,33,0,1,33,34,0,36,35,28,35,29,28],"weights":[1,28,1,1,28,1,1,28,1,1,28,1,1,28,1,1,28,1,2,27,0.0851,28,0.91489,2,27,0.43637,28,0.56361,2,27,0.94346,28,0.05653,1,27,1,1,27,1,3,25,0.00001,26,0.10678,27,0.89319,3,25,0.00006,26,0.73953,27,0.2604,1,26,1,3,25,0.02299,26,0.97477,27,0.00223,3,25,0.02561,26,0.97429,27,0.00008,1,26,1,2,25,0.94617,26,0.05381,1,25,1,1,25,1,1,25,1,1,25,0.99999,3,25,0.15029,26,0.84941,27,0.00028,2,25,0.00822,26,0.99177,2,26,0.83569,27,0.1643,2,26,0.48047,27,0.51952,1,27,1,1,27,1,1,27,1,2,27,0.86105,28,0.13894,2,27,0.64029,28,0.35969,2,27,0.45065,28,0.54934,1,28,0.99999,1,28,1,1,28,1,2,27,0.5,28,0.5,1,27,1,2,26,0.5,27,0.5],"slotPose":[1,0,0,1,0,0],"bonePose":[27,-0.805825,0.592154,-0.592154,-0.805825,-32.786697,-114.850386,28,-0.751725,0.659477,-0.659477,-0.751725,-72.069868,-86.268893,25,0.376548,-0.926397,0.926397,0.376548,-10.53152,-86.244569,26,-0.945689,-0.325073,0.325073,-0.945689,-4.014704,-105.065986],"edges":[33,34,34,0,0,1,1,2,2,3,3,4,4,5,5,6,6,7,7,8,8,9,9,10,10,11,11,12,12,13,13,14,14,15,15,16,16,17,17,18,18,19,19,20,20,21,21,22,22,23,23,24,24,25,25,26,26,27,27,28,28,29,29,30,30,31,31,32,32,33],"userEdges":[35,28]}]},{"name":"PET6017_zuoer","display":[{"name":"PET6017_zuoer","transform":{"x":18.68,"y":3.15,"skX":72.91,"skY":72.91}}]},{"name":"PET6017_yangjingputong","display":[{"name":"PET6017_yangjingbiyan","transform":{"x":0.82,"y":-0.75,"skX":91.82,"skY":91.82}},{"name":"PET6017_yangjinggongji","transform":{"x":0.82,"y":-0.75,"skX":91.82,"skY":91.82}},{"name":"PET6017_yangjingputong","transform":{"x":0.82,"y":-0.75,"skX":91.82,"skY":91.82}},{"name":"PET6017_yangjingshouji","transform":{"x":0.82,"y":-0.75,"skX":91.82,"skY":91.82}},{"name":"PET6017_yangjingsiwang","transform":{"x":0.82,"y":-0.75,"skX":91.82,"skY":91.82}},{"name":"PET6017_yangjingxuli","transform":{"x":0.82,"y":-0.75,"skX":91.82,"skY":91.82}}]}]}],"animation":[{"duration":40,"name":"attack","frame":[{"duration":34},{"duration":0,"events":[{"name":"0"}]}],"bone":[{"name":"bone","translateFrame":[{"duration":8,"tweenEasing":0},{"duration":6,"tweenEasing":0,"y":4},{"duration":6,"tweenEasing":0,"x":-9.16,"y":-4.25},{"tweenEasing":0,"x":-10,"y":-5},{"tweenEasing":0,"x":10},{"duration":2,"tweenEasing":0,"x":8},{"tweenEasing":0,"x":10},{"duration":2,"tweenEasing":0,"x":8},{"tweenEasing":0,"x":10},{"duration":2,"tweenEasing":0,"x":8},{"tweenEasing":0,"x":10},{"duration":2,"tweenEasing":0,"x":8},{"duration":7,"tweenEasing":0,"x":11,"y":-1},{"duration":0}]},{"name":"yz","translateFrame":[{"duration":20,"tweenEasing":0},{"tweenEasing":0},{"duration":12,"tweenEasing":0,"x":13.12},{"duration":7,"tweenEasing":0,"x":13.12},{"duration":0}],"scaleFrame":[{"duration":8,"tweenEasing":0},{"duration":12,"tweenEasing":0,"y":1.1},{"tweenEasing":0},{"tweenEasing":0},{"duration":2,"tweenEasing":0,"y":1.05},{"tweenEasing":0},{"duration":2,"tweenEasing":0,"y":1.05},{"tweenEasing":0},{"duration":2,"tweenEasing":0,"y":1.05},{"tweenEasing":0},{"duration":2,"tweenEasing":0,"y":1.05},{"duration":7}]},{"name":"PET6017_duzi","rotateFrame":[{"duration":8},{"duration":6,"tweenEasing":0},{"duration":6,"tweenEasing":0,"rotate":-3.73},{"tweenEasing":0,"rotate":-3.93},{"tweenEasing":0,"rotate":10.2},{"duration":2,"tweenEasing":0,"rotate":8.72},{"tweenEasing":0,"rotate":10.2},{"duration":2,"tweenEasing":0,"rotate":8.72},{"tweenEasing":0,"rotate":10.2},{"duration":2,"tweenEasing":0,"rotate":8.72},{"tweenEasing":0,"rotate":10.2},{"duration":2,"tweenEasing":0,"rotate":8.72},{"duration":7,"tweenEasing":0,"rotate":10.2},{"duration":0}]},{"name":"PET6017_weiba2","rotateFrame":[{"duration":8,"tweenEasing":0},{"duration":7,"tweenEasing":0,"rotate":7.87},{"duration":6,"tweenEasing":0,"rotate":32.76},{"tweenEasing":0,"rotate":21.47},{"duration":2,"tweenEasing":0,"rotate":22.59},{"tweenEasing":0,"rotate":21.47},{"duration":2,"tweenEasing":0,"rotate":22.59},{"tweenEasing":0,"rotate":21.47},{"duration":2,"tweenEasing":0,"rotate":22.59},{"tweenEasing":0,"rotate":21.47},{"duration":2,"tweenEasing":0,"rotate":22.59},{"tweenEasing":0,"rotate":21.47},{"duration":6,"tweenEasing":0,"rotate":22.59},{"duration":0}]},{"name":"PET6017_youtui1","rotateFrame":[{"duration":8,"tweenEasing":0},{"duration":6,"tweenEasing":0,"rotate":-3.03},{"duration":6,"tweenEasing":0,"rotate":-9.34},{"tweenEasing":0,"rotate":-9.92},{"tweenEasing":0,"rotate":16.79},{"duration":2,"tweenEasing":0,"rotate":15.51},{"tweenEasing":0,"rotate":16.79},{"duration":2,"tweenEasing":0,"rotate":15.51},{"tweenEasing":0,"rotate":16.79},{"duration":2,"tweenEasing":0,"rotate":15.51},{"tweenEasing":0,"rotate":16.79},{"duration":2,"tweenEasing":0,"rotate":15.51},{"duration":7,"tweenEasing":0,"rotate":17.53},{"duration":0}],"scaleFrame":[{"duration":8,"tweenEasing":0},{"duration":6,"tweenEasing":0,"x":0.9},{"duration":6,"tweenEasing":0,"x":1.08},{"tweenEasing":0,"x":1.1},{"duration":19}]},{"name":"PET6017_zuotui1","rotateFrame":[{"duration":8,"tweenEasing":0},{"duration":6,"tweenEasing":0},{"duration":6,"tweenEasing":0,"rotate":-18.5},{"tweenEasing":0,"rotate":-20.19},{"tweenEasing":0,"rotate":-17.09},{"duration":2,"tweenEasing":0,"rotate":-19.26},{"tweenEasing":0,"rotate":-17.09},{"duration":2,"tweenEasing":0,"rotate":-19.26},{"tweenEasing":0,"rotate":-17.09},{"duration":2,"tweenEasing":0,"rotate":-19.26},{"tweenEasing":0,"rotate":-17.09},{"duration":2,"tweenEasing":0,"rotate":-19.26},{"duration":7,"tweenEasing":0,"rotate":-16.25},{"duration":0}],"scaleFrame":[{"duration":8,"tweenEasing":0},{"duration":6,"tweenEasing":0,"x":0.9},{"duration":6,"tweenEasing":0,"x":1.08},{"tweenEasing":0,"x":1.1},{"duration":19}]},{"name":"bone2","translateFrame":[{"duration":8,"tweenEasing":0},{"duration":6,"tweenEasing":0,"x":-0.76,"y":1.65},{"duration":6,"tweenEasing":0,"x":2.49,"y":-0.61},{"tweenEasing":0,"x":2.78,"y":-0.82},{"duration":10,"tweenEasing":0},{"duration":2,"tweenEasing":0},{"duration":7,"tweenEasing":0,"x":1.08,"y":0.58},{"duration":0}],"rotateFrame":[{"duration":8,"tweenEasing":0},{"duration":6,"tweenEasing":0,"rotate":12.94},{"duration":6,"tweenEasing":0,"rotate":-14.71},{"tweenEasing":0,"rotate":-17.23},{"tweenEasing":0,"rotate":9.75},{"duration":2,"tweenEasing":0,"rotate":6.08},{"tweenEasing":0,"rotate":9.75},{"duration":2,"tweenEasing":0,"rotate":6.08},{"tweenEasing":0,"rotate":9.75},{"duration":2,"tweenEasing":0,"rotate":6.08},{"tweenEasing":0,"rotate":9.75},{"duration":2,"tweenEasing":0,"rotate":6.08},{"duration":7,"tweenEasing":0,"rotate":8.71},{"duration":0}]},{"name":"PET6017_tou","translateFrame":[{"duration":8,"tweenEasing":0},{"duration":12,"tweenEasing":0},{"tweenEasing":0,"x":-0.38,"y":1.21},{"duration":19}],"rotateFrame":[{"duration":8,"tweenEasing":0},{"duration":12,"tweenEasing":0,"rotate":-0.34},{"tweenEasing":0,"rotate":6.79},{"duration":9,"rotate":-17.79},{"duration":3,"tweenEasing":0,"rotate":-17.79},{"duration":7,"tweenEasing":0,"rotate":-19.52},{"duration":0}]},{"name":"PET6017_youshou","translateFrame":[{"duration":8,"tweenEasing":0},{"duration":12,"tweenEasing":0},{"duration":13,"tweenEasing":0,"x":-1.28,"y":5.19},{"duration":7,"tweenEasing":0,"x":-1.28,"y":5.19},{"duration":0}],"rotateFrame":[{"duration":8,"tweenEasing":0},{"duration":12,"tweenEasing":0,"rotate":15.08},{"tweenEasing":0,"rotate":90.44},{"tweenEasing":0,"rotate":82.28},{"duration":2,"tweenEasing":0,"rotate":92.91},{"tweenEasing":0,"rotate":82.28},{"duration":2,"tweenEasing":0,"rotate":92.91},{"tweenEasing":0,"rotate":82.28},{"duration":2,"tweenEasing":0,"rotate":92.91},{"tweenEasing":0,"rotate":82.28},{"duration":2,"tweenEasing":0,"rotate":92.91},{"duration":7,"tweenEasing":0,"rotate":86.57},{"duration":0}]},{"name":"PET6017_youtui2","translateFrame":[{"duration":8,"tweenEasing":0},{"duration":6,"tweenEasing":0,"x":-1.39,"y":1.22},{"duration":6,"tweenEasing":0,"x":-0.26,"y":0.23},{"tweenEasing":0,"x":-0.15,"y":0.14},{"duration":19}],"rotateFrame":[{"duration":8,"tweenEasing":0},{"duration":6,"tweenEasing":0,"rotate":3.22},{"duration":6,"tweenEasing":0,"rotate":7},{"tweenEasing":0,"rotate":7.34},{"tweenEasing":0,"rotate":-1.72},{"duration":2,"tweenEasing":0,"rotate":-2.59},{"tweenEasing":0,"rotate":-1.72},{"duration":2,"tweenEasing":0,"rotate":-2.59},{"tweenEasing":0,"rotate":-1.72},{"duration":2,"tweenEasing":0,"rotate":-2.59},{"tweenEasing":0,"rotate":-1.72},{"duration":2,"tweenEasing":0,"rotate":-2.59},{"duration":7,"tweenEasing":0,"rotate":0.02},{"duration":0}],"scaleFrame":[{"duration":8,"tweenEasing":0},{"duration":6,"tweenEasing":0,"x":1.11},{"duration":6,"tweenEasing":0,"x":0.93},{"tweenEasing":0,"x":0.91},{"duration":19}]},{"name":"PET6017_zuoshou1","rotateFrame":[{"duration":8,"tweenEasing":0},{"duration":12,"tweenEasing":0,"rotate":-22.26},{"tweenEasing":0,"rotate":-65.3},{"tweenEasing":0,"rotate":-37.75},{"duration":12,"rotate":-33.71},{"duration":6,"tweenEasing":0,"rotate":-33.71},{"duration":0}]},{"name":"PET6017_zuotui2","translateFrame":[{"duration":8,"tweenEasing":0},{"duration":6,"tweenEasing":0,"x":-0.4,"y":1.41},{"duration":6,"tweenEasing":0,"x":-0.44,"y":2.14},{"tweenEasing":0,"x":-0.44,"y":2.21},{"duration":19}],"rotateFrame":[{"duration":8,"tweenEasing":0},{"duration":6,"tweenEasing":0,"rotate":3.56},{"duration":6,"tweenEasing":0,"rotate":21.18},{"tweenEasing":0,"rotate":22.78},{"tweenEasing":0,"rotate":1.46},{"duration":2,"tweenEasing":0,"rotate":3.78},{"tweenEasing":0,"rotate":1.46},{"duration":2,"tweenEasing":0,"rotate":3.78},{"tweenEasing":0,"rotate":1.46},{"duration":2,"tweenEasing":0,"rotate":3.78},{"tweenEasing":0,"rotate":1.46},{"duration":2,"tweenEasing":0,"rotate":3.78},{"duration":7,"tweenEasing":0,"rotate":3.48},{"duration":0}],"scaleFrame":[{"duration":8,"tweenEasing":0},{"duration":6,"tweenEasing":0,"x":1.11},{"duration":6,"tweenEasing":0,"x":0.93},{"tweenEasing":0,"x":0.91},{"duration":19}]},{"name":"bone5","rotateFrame":[{"duration":8,"tweenEasing":0},{"duration":7,"tweenEasing":0,"rotate":-6.75},{"duration":5,"tweenEasing":0,"rotate":-32.17},{"tweenEasing":0,"rotate":-32.39},{"tweenEasing":0,"rotate":-32.48},{"duration":2,"tweenEasing":0,"rotate":-28.52},{"tweenEasing":0,"rotate":-32.48},{"duration":2,"tweenEasing":0,"rotate":-28.52},{"tweenEasing":0,"rotate":-32.48},{"duration":2,"tweenEasing":0,"rotate":-28.52},{"tweenEasing":0,"rotate":-32.48},{"duration":2,"tweenEasing":0,"rotate":-28.52},{"tweenEasing":0,"rotate":-32.48},{"duration":6,"tweenEasing":0,"rotate":-28.52},{"duration":0}]},{"name":"PET6017_youer","rotateFrame":[{"duration":8,"tweenEasing":0},{"duration":7,"tweenEasing":0,"rotate":23.36},{"duration":5,"tweenEasing":0,"rotate":-9.12},{"tweenEasing":0,"rotate":11.08},{"tweenEasing":0,"rotate":3.05},{"duration":2,"tweenEasing":0,"rotate":18.23},{"tweenEasing":0,"rotate":3.05},{"duration":2,"tweenEasing":0,"rotate":18.23},{"tweenEasing":0,"rotate":3.05},{"duration":2,"tweenEasing":0,"rotate":18.23},{"tweenEasing":0,"rotate":3.05},{"duration":2,"tweenEasing":0,"rotate":18.23},{"tweenEasing":0,"rotate":3.05},{"duration":6,"tweenEasing":0,"rotate":18.23},{"duration":0}]},{"name":"PET6017_zuoer","rotateFrame":[{"duration":8,"tweenEasing":0},{"duration":7,"tweenEasing":0,"rotate":-16.31},{"duration":5,"tweenEasing":0,"rotate":24.38},{"tweenEasing":0,"rotate":-0.02},{"tweenEasing":0,"rotate":-7.5},{"duration":2,"tweenEasing":0,"rotate":8.23},{"tweenEasing":0,"rotate":-7.5},{"duration":2,"tweenEasing":0,"rotate":8.23},{"tweenEasing":0,"rotate":-7.5},{"duration":2,"tweenEasing":0,"rotate":8.23},{"tweenEasing":0,"rotate":-7.5},{"duration":2,"tweenEasing":0,"rotate":8.23},{"tweenEasing":0,"rotate":-7.5},{"duration":6,"tweenEasing":0,"rotate":8.23},{"duration":0}]},{"name":"bone3","rotateFrame":[{"duration":8,"tweenEasing":0},{"duration":6,"tweenEasing":0,"rotate":-4.06},{"duration":6,"tweenEasing":0,"rotate":3.67},{"tweenEasing":0,"rotate":4.37},{"tweenEasing":0,"rotate":3.59},{"duration":2,"tweenEasing":0,"rotate":5.9},{"tweenEasing":0,"rotate":3.59},{"duration":2,"tweenEasing":0,"rotate":5.9},{"tweenEasing":0,"rotate":3.59},{"duration":2,"tweenEasing":0,"rotate":5.9},{"tweenEasing":0,"rotate":3.59},{"duration":2,"tweenEasing":0,"rotate":5.9},{"duration":7,"tweenEasing":0,"rotate":5.61},{"duration":0}]},{"name":"bone4","rotateFrame":[{"duration":8,"tweenEasing":0},{"duration":6,"tweenEasing":0,"rotate":1.44},{"duration":6,"tweenEasing":0,"rotate":0.46},{"tweenEasing":0,"rotate":0.37},{"tweenEasing":0,"rotate":-21.07},{"duration":2,"tweenEasing":0,"rotate":-21.95},{"tweenEasing":0,"rotate":-21.07},{"duration":2,"tweenEasing":0,"rotate":-21.95},{"tweenEasing":0,"rotate":-21.07},{"duration":2,"tweenEasing":0,"rotate":-21.95},{"tweenEasing":0,"rotate":-21.07},{"duration":2,"tweenEasing":0,"rotate":-21.95},{"duration":7,"tweenEasing":0,"rotate":-19.32},{"duration":0}]},{"name":"bone6","rotateFrame":[{"duration":8,"tweenEasing":0},{"duration":7,"tweenEasing":0,"rotate":-7.21},{"duration":5,"tweenEasing":0,"rotate":-21.47},{"tweenEasing":0,"rotate":-13.61},{"tweenEasing":0,"rotate":-17.15},{"duration":2,"tweenEasing":0,"rotate":-14},{"tweenEasing":0,"rotate":-17.15},{"duration":2,"tweenEasing":0,"rotate":-14},{"tweenEasing":0,"rotate":-17.15},{"duration":2,"tweenEasing":0,"rotate":-14},{"tweenEasing":0,"rotate":-17.15},{"duration":2,"tweenEasing":0,"rotate":-14},{"tweenEasing":0,"rotate":-17.15},{"duration":6,"tweenEasing":0,"rotate":-14},{"duration":0}]},{"name":"PET6017_weiba1","rotateFrame":[{"duration":8,"tweenEasing":0},{"duration":7,"tweenEasing":0,"rotate":3.74},{"duration":5,"tweenEasing":0,"rotate":11.69},{"tweenEasing":0,"rotate":15.09},{"tweenEasing":0,"rotate":9.86},{"duration":2,"tweenEasing":0,"rotate":11.59},{"tweenEasing":0,"rotate":9.86},{"duration":2,"tweenEasing":0,"rotate":11.59},{"tweenEasing":0,"rotate":9.86},{"duration":2,"tweenEasing":0,"rotate":11.59},{"tweenEasing":0,"rotate":9.86},{"duration":2,"tweenEasing":0,"rotate":11.59},{"tweenEasing":0,"rotate":9.86},{"duration":6,"tweenEasing":0,"rotate":11.59},{"duration":0}]},{"name":"bone7","rotateFrame":[{"duration":8,"tweenEasing":0},{"duration":7,"tweenEasing":0,"rotate":5.85},{"duration":5,"tweenEasing":0,"rotate":24.14},{"tweenEasing":0,"rotate":32.24},{"tweenEasing":0,"rotate":9.31},{"duration":2,"tweenEasing":0,"rotate":11.07},{"tweenEasing":0,"rotate":9.31},{"duration":2,"tweenEasing":0,"rotate":11.07},{"tweenEasing":0,"rotate":9.31},{"duration":2,"tweenEasing":0,"rotate":11.07},{"tweenEasing":0,"rotate":9.31},{"duration":2,"tweenEasing":0,"rotate":11.07},{"tweenEasing":0,"rotate":9.31},{"duration":6,"tweenEasing":0,"rotate":11.07},{"duration":0}]},{"name":"bone8","rotateFrame":[{"duration":8,"tweenEasing":0},{"duration":7,"tweenEasing":0,"rotate":8.92},{"duration":5,"tweenEasing":0,"rotate":-0.96},{"tweenEasing":0,"rotate":3.21},{"tweenEasing":0,"rotate":6.95},{"duration":2,"tweenEasing":0,"rotate":14.56},{"tweenEasing":0,"rotate":6.95},{"duration":2,"tweenEasing":0,"rotate":14.56},{"tweenEasing":0,"rotate":6.95},{"duration":2,"tweenEasing":0,"rotate":14.56},{"tweenEasing":0,"rotate":6.95},{"duration":2,"tweenEasing":0,"rotate":14.56},{"tweenEasing":0,"rotate":6.95},{"duration":6,"tweenEasing":0,"rotate":14.56},{"duration":0}]},{"name":"bone9","rotateFrame":[{"duration":8,"tweenEasing":0},{"duration":7,"tweenEasing":0,"rotate":3.52},{"duration":5,"tweenEasing":0,"rotate":-13.81},{"tweenEasing":0,"rotate":-3.86},{"tweenEasing":0,"rotate":-1.33},{"duration":2,"tweenEasing":0,"rotate":6.71},{"tweenEasing":0,"rotate":-1.33},{"duration":2,"tweenEasing":0,"rotate":6.71},{"tweenEasing":0,"rotate":-1.33},{"duration":2,"tweenEasing":0,"rotate":6.71},{"tweenEasing":0,"rotate":-1.33},{"duration":2,"tweenEasing":0,"rotate":6.71},{"tweenEasing":0,"rotate":-1.33},{"duration":6,"tweenEasing":0,"rotate":6.71},{"duration":0}]},{"name":"fs","translateFrame":[{"duration":40,"x":80.84}]}],"slot":[{"name":"PET6017_yangjingputong","displayFrame":[{"duration":10,"value":1},{"duration":11},{"duration":19,"value":1}]}]},{"duration":37,"name":"dead","bone":[{"name":"bone","translateFrame":[{"duration":8,"tweenEasing":0},{"duration":7,"tweenEasing":0,"y":4},{"duration":2,"tweenEasing":0,"y":-5},{"duration":2,"tweenEasing":0,"x":-4.7,"y":-6.28},{"tweenEasing":0,"x":-4.39,"y":-4.1},{"duration":4,"tweenEasing":0,"y":7},{"duration":3,"tweenEasing":0,"y":4},{"duration":10,"tweenEasing":0,"y":6},{"duration":0,"y":5}],"rotateFrame":[{"duration":17,"tweenEasing":0},{"duration":2,"tweenEasing":0},{"tweenEasing":0,"rotate":-49.14},{"duration":17,"rotate":-94.03}]},{"name":"yz","translateFrame":[{"duration":28,"tweenEasing":0},{"duration":9,"tweenEasing":0},{"duration":0,"x":-7.39}],"scaleFrame":[{"duration":8,"tweenEasing":0},{"duration":7,"tweenEasing":0,"y":1.1},{"duration":5,"tweenEasing":0},{"duration":4,"tweenEasing":0,"y":1.4},{"duration":4,"tweenEasing":0,"y":1.3},{"duration":9,"tweenEasing":0,"y":1.4},{"duration":0,"y":1.3}]},{"name":"PET6017_duzi","rotateFrame":[{"duration":15,"tweenEasing":0},{"duration":22,"rotate":-3.93}]},{"name":"PET6017_weiba2","rotateFrame":[{"duration":15},{"duration":2,"tweenEasing":0},{"duration":3,"tweenEasing":0,"rotate":10.03},{"duration":17,"rotate":9.81}]},{"name":"PET6017_youtui1","rotateFrame":[{"duration":8,"tweenEasing":0},{"duration":7,"tweenEasing":0,"rotate":-3.03},{"duration":2,"tweenEasing":0,"rotate":2.18},{"duration":2,"tweenEasing":0,"rotate":-5.14},{"tweenEasing":0,"rotate":6.26},{"duration":5,"tweenEasing":0,"rotate":12},{"duration":5,"tweenEasing":0,"rotate":15.36},{"duration":7,"tweenEasing":0,"rotate":10.49},{"duration":0,"rotate":11.99}],"scaleFrame":[{"duration":8,"tweenEasing":0},{"duration":7,"tweenEasing":0,"x":0.9},{"duration":22}]},{"name":"PET6017_zuotui1","rotateFrame":[{"duration":8,"tweenEasing":0},{"duration":7,"tweenEasing":0},{"duration":2,"tweenEasing":0,"rotate":-4.43},{"duration":2,"tweenEasing":0,"rotate":-37.13},{"tweenEasing":0,"rotate":-18.08},{"duration":17,"rotate":34.04}],"scaleFrame":[{"duration":8,"tweenEasing":0},{"duration":7,"tweenEasing":0,"x":0.9},{"duration":22,"x":1.1}]},{"name":"bone2","translateFrame":[{"duration":8,"tweenEasing":0},{"duration":7,"tweenEasing":0,"x":-0.76,"y":1.65},{"duration":22,"x":2.78,"y":-0.82}],"rotateFrame":[{"duration":8,"tweenEasing":0},{"duration":7,"tweenEasing":0,"rotate":12.94},{"duration":2,"tweenEasing":0,"rotate":-7.52},{"duration":2,"tweenEasing":0,"rotate":1.03},{"duration":18,"tweenEasing":0,"rotate":5.39},{"duration":0,"rotate":-7.52}]},{"name":"PET6017_tou","rotateFrame":[{"duration":8,"tweenEasing":0},{"duration":7,"tweenEasing":0,"rotate":-0.34},{"duration":2,"tweenEasing":0,"rotate":-8.74},{"duration":2,"tweenEasing":0,"rotate":-0.23},{"tweenEasing":0,"rotate":13.03},{"duration":4,"tweenEasing":0,"rotate":-8.74},{"duration":4,"tweenEasing":0,"rotate":-12.36},{"duration":9,"tweenEasing":0,"rotate":-3.31},{"duration":0,"rotate":-3.43}]},{"name":"PET6017_youshou","rotateFrame":[{"duration":8,"tweenEasing":0},{"duration":7,"tweenEasing":0,"rotate":15.08},{"duration":5,"tweenEasing":0,"rotate":4.86},{"duration":17,"tweenEasing":0,"rotate":46.86},{"duration":0,"rotate":46.85}]},{"name":"PET6017_youtui2","translateFrame":[{"duration":8,"tweenEasing":0},{"duration":7,"tweenEasing":0,"x":-1.39,"y":1.22},{"duration":22,"x":0.98,"y":-0.79}],"rotateFrame":[{"duration":8,"tweenEasing":0},{"duration":7,"tweenEasing":0,"rotate":3.22},{"duration":4,"tweenEasing":0,"rotate":14.6},{"tweenEasing":0,"rotate":5.62},{"duration":5,"tweenEasing":0,"rotate":-2.91},{"duration":5,"tweenEasing":0,"rotate":0.44},{"duration":7,"tweenEasing":0,"rotate":-4.4},{"duration":0,"rotate":-2.91}],"scaleFrame":[{"duration":8,"tweenEasing":0},{"duration":7,"tweenEasing":0,"x":1.11},{"duration":22}]},{"name":"PET6017_zuoshou1","rotateFrame":[{"duration":8,"tweenEasing":0},{"duration":7,"tweenEasing":0,"rotate":-22.26},{"duration":5,"tweenEasing":0,"rotate":-1.52},{"duration":17,"tweenEasing":0,"rotate":101.06},{"duration":0,"rotate":101.05}]},{"name":"PET6017_zuotui2","translateFrame":[{"duration":8,"tweenEasing":0},{"duration":7,"tweenEasing":0,"x":-0.4,"y":1.41},{"duration":22,"x":-0.44,"y":2.21}],"rotateFrame":[{"duration":8,"tweenEasing":0},{"duration":7,"tweenEasing":0},{"duration":2,"tweenEasing":0,"rotate":19.09},{"duration":2,"tweenEasing":0,"rotate":11.28},{"tweenEasing":0,"rotate":28.03},{"duration":5,"tweenEasing":0,"rotate":46.77},{"duration":5,"tweenEasing":0,"rotate":50.13},{"duration":7,"tweenEasing":0,"rotate":45.27},{"duration":0,"rotate":46.77}],"scaleFrame":[{"duration":8,"tweenEasing":0},{"duration":7,"tweenEasing":0,"x":1.11},{"duration":22,"x":0.91}]},{"name":"bone5","rotateFrame":[{"duration":8,"tweenEasing":0},{"duration":7,"tweenEasing":0,"rotate":-6.89},{"duration":2,"tweenEasing":0,"rotate":0.69},{"duration":3,"tweenEasing":0,"rotate":3.3},{"duration":17,"rotate":7.4}]},{"name":"PET6017_youer","rotateFrame":[{"duration":8,"tweenEasing":0},{"duration":7,"tweenEasing":0,"rotate":17.74},{"duration":2,"tweenEasing":0,"rotate":37.75},{"duration":2,"tweenEasing":0,"rotate":57.77},{"tweenEasing":0,"rotate":67.13},{"duration":4,"tweenEasing":0,"rotate":64.52},{"duration":6,"tweenEasing":0,"rotate":60.32},{"duration":7,"tweenEasing":0,"rotate":66.46},{"duration":0,"rotate":64.52}]},{"name":"PET6017_zuoer","rotateFrame":[{"duration":8,"tweenEasing":0},{"duration":7,"tweenEasing":0,"rotate":40.3},{"duration":2,"tweenEasing":0,"rotate":50.22},{"duration":2,"tweenEasing":0,"rotate":54.87},{"tweenEasing":0,"rotate":56.91},{"duration":4,"tweenEasing":0,"rotate":34.55},{"duration":6,"tweenEasing":0,"rotate":30.34},{"duration":7,"tweenEasing":0,"rotate":36.49},{"duration":0,"rotate":34.55}]},{"name":"bone3","rotateFrame":[{"duration":8},{"duration":7,"tweenEasing":0},{"duration":2,"tweenEasing":0,"rotate":2.76},{"duration":2,"tweenEasing":0,"rotate":14.76},{"tweenEasing":0,"rotate":3.1},{"duration":5,"tweenEasing":0,"rotate":-20.77},{"duration":5,"tweenEasing":0,"rotate":-17.41},{"duration":7,"tweenEasing":0,"rotate":-22.26},{"duration":0,"rotate":-20.77}]},{"name":"bone4","rotateFrame":[{"duration":8,"tweenEasing":0},{"duration":7,"tweenEasing":0,"rotate":1.44},{"duration":2,"tweenEasing":0,"rotate":-15.1},{"duration":2,"tweenEasing":0,"rotate":8.95},{"tweenEasing":0,"rotate":5.65},{"duration":5,"tweenEasing":0,"rotate":32.5},{"duration":5,"tweenEasing":0,"rotate":35.86},{"duration":7,"tweenEasing":0,"rotate":31.01},{"duration":0,"rotate":32.5}]},{"name":"bone6","rotateFrame":[{"duration":8,"tweenEasing":0},{"duration":7,"tweenEasing":0,"rotate":-0.3},{"duration":2,"tweenEasing":0,"rotate":9.33},{"duration":3,"tweenEasing":0,"rotate":-7.6},{"duration":17,"rotate":-8.91}]},{"name":"PET6017_weiba1","rotateFrame":[{"duration":8,"tweenEasing":0},{"duration":7,"tweenEasing":0,"rotate":-3.53},{"duration":2,"tweenEasing":0,"rotate":26.25},{"duration":3,"tweenEasing":0,"rotate":20.82},{"duration":17,"rotate":-33.42}]},{"name":"bone7","rotateFrame":[{"duration":8,"tweenEasing":0},{"duration":7,"tweenEasing":0,"rotate":24.56},{"duration":2,"tweenEasing":0,"rotate":13.51},{"duration":3,"tweenEasing":0,"rotate":18.61},{"duration":17,"rotate":13.51}]},{"name":"bone8","rotateFrame":[{"duration":8,"tweenEasing":0},{"duration":7,"tweenEasing":0,"rotate":12.87},{"duration":2,"tweenEasing":0,"rotate":9.35},{"duration":3,"tweenEasing":0,"rotate":-14.21},{"duration":17,"rotate":-18.95}]},{"name":"bone9","rotateFrame":[{"duration":8,"tweenEasing":0},{"duration":7,"tweenEasing":0,"rotate":-7.28},{"duration":2,"tweenEasing":0,"rotate":-10.8},{"duration":3,"tweenEasing":0,"rotate":4.82},{"duration":17,"rotate":-16.65}]}],"slot":[{"name":"PET6017_yangjingputong","displayFrame":[{"duration":8,"value":1},{"duration":29,"value":4}]},{"name":"PET6017_zuiputong","displayFrame":[{"duration":8},{"duration":29,"value":3}]}]},{"duration":23,"name":"hurt","bone":[{"name":"PET6017_youtui2","translateFrame":[{"duration":3,"tweenEasing":0},{"duration":2,"tweenEasing":0,"x":-1.39,"y":1.22},{"duration":11,"tweenEasing":0,"x":0.98,"y":-0.79},{"duration":7,"tweenEasing":0,"x":0.98,"y":-0.79},{"duration":0}],"rotateFrame":[{"duration":3,"tweenEasing":0},{"duration":2,"tweenEasing":0,"rotate":3.22},{"duration":11,"tweenEasing":0,"rotate":14.6},{"duration":7,"tweenEasing":0,"rotate":10.29},{"duration":0}],"scaleFrame":[{"duration":3,"tweenEasing":0},{"duration":2,"tweenEasing":0,"x":1.11},{"duration":18}]},{"name":"yz","translateFrame":[{"duration":3,"tweenEasing":0},{"duration":2,"tweenEasing":0},{"duration":11,"tweenEasing":0,"x":-7.86},{"duration":7,"tweenEasing":0,"x":-10.34},{"duration":0}],"scaleFrame":[{"duration":3,"tweenEasing":0},{"duration":2,"tweenEasing":0,"y":1.1},{"duration":18}]},{"name":"bone9","rotateFrame":[{"duration":3,"tweenEasing":0},{"duration":2,"tweenEasing":0,"rotate":-7.28},{"duration":11,"tweenEasing":0,"rotate":-10.8},{"duration":7,"tweenEasing":0,"rotate":-5.06},{"duration":0}]},{"name":"PET6017_zuotui2","translateFrame":[{"duration":3,"tweenEasing":0},{"duration":2,"tweenEasing":0,"x":-0.4,"y":1.41},{"duration":11,"tweenEasing":0,"x":-0.44,"y":2.21},{"duration":7,"tweenEasing":0,"x":-0.44,"y":2.21},{"duration":0}],"rotateFrame":[{"duration":3,"tweenEasing":0},{"duration":2,"tweenEasing":0},{"duration":11,"tweenEasing":0,"rotate":5.42},{"duration":7,"tweenEasing":0,"rotate":-0.76},{"duration":0}],"scaleFrame":[{"duration":3,"tweenEasing":0},{"duration":2,"tweenEasing":0,"x":1.11},{"duration":11,"tweenEasing":0,"x":0.91},{"duration":7,"tweenEasing":0,"x":0.91},{"duration":0}]},{"name":"bone5","rotateFrame":[{"duration":3,"tweenEasing":0},{"duration":2,"tweenEasing":0,"rotate":-6.89},{"duration":11,"rotate":0.69},{"duration":7,"tweenEasing":0,"rotate":0.69},{"duration":0}]},{"name":"PET6017_youshou","rotateFrame":[{"duration":3,"tweenEasing":0},{"duration":2,"tweenEasing":0,"rotate":15.08},{"duration":11,"rotate":-3.63},{"duration":7,"tweenEasing":0,"rotate":-3.63},{"duration":0}]},{"name":"bone6","rotateFrame":[{"duration":3,"tweenEasing":0},{"duration":2,"tweenEasing":0,"rotate":-0.3},{"duration":11,"tweenEasing":0,"rotate":9.33},{"duration":7,"tweenEasing":0,"rotate":10.97},{"duration":0}]},{"name":"bone2","translateFrame":[{"duration":3,"tweenEasing":0},{"duration":2,"tweenEasing":0,"x":-0.76,"y":1.65},{"duration":11,"tweenEasing":0,"x":2.78,"y":-0.82},{"duration":7,"tweenEasing":0,"x":2.78,"y":-0.82},{"duration":0}],"rotateFrame":[{"duration":3,"tweenEasing":0},{"duration":2,"tweenEasing":0,"rotate":12.94},{"duration":11,"tweenEasing":0,"rotate":-14.14},{"duration":7,"tweenEasing":0,"rotate":-18.57},{"duration":0}]},{"name":"bone4","rotateFrame":[{"duration":3,"tweenEasing":0},{"duration":2,"tweenEasing":0,"rotate":1.44},{"duration":11,"tweenEasing":0,"rotate":-20.02},{"duration":7,"tweenEasing":0,"rotate":-24.33},{"duration":0}]},{"name":"PET6017_zuotui1","rotateFrame":[{"duration":3,"tweenEasing":0},{"duration":2,"tweenEasing":0},{"duration":11,"tweenEasing":0,"rotate":-35.18},{"duration":7,"tweenEasing":0,"rotate":-32.96},{"duration":0}],"scaleFrame":[{"duration":3,"tweenEasing":0},{"duration":2,"tweenEasing":0,"x":0.9},{"duration":11,"tweenEasing":0,"x":1.1},{"duration":7,"tweenEasing":0,"x":1.1},{"duration":0}]},{"name":"PET6017_zuoer","rotateFrame":[{"duration":3,"tweenEasing":0},{"duration":2,"tweenEasing":0,"rotate":40.3},{"duration":11,"tweenEasing":0,"rotate":50.22},{"duration":7,"tweenEasing":0,"rotate":60.73},{"duration":0}]},{"name":"bone8","rotateFrame":[{"duration":3,"tweenEasing":0},{"duration":2,"tweenEasing":0,"rotate":12.87},{"duration":11,"tweenEasing":0,"rotate":9.35},{"duration":7,"tweenEasing":0,"rotate":15.09},{"duration":0}]},{"name":"PET6017_tou","rotateFrame":[{"duration":3,"tweenEasing":0},{"duration":2,"tweenEasing":0,"rotate":-0.34},{"duration":11,"tweenEasing":0,"rotate":6.46},{"duration":7,"tweenEasing":0,"rotate":-6.44},{"duration":0}]},{"name":"PET6017_youtui1","rotateFrame":[{"duration":3,"tweenEasing":0},{"duration":2,"tweenEasing":0,"rotate":-3.03},{"duration":11,"tweenEasing":0,"rotate":-0.88},{"duration":7,"tweenEasing":0,"rotate":-2.64},{"duration":0}],"scaleFrame":[{"duration":3,"tweenEasing":0},{"duration":2,"tweenEasing":0,"x":0.9},{"duration":18}]},{"name":"bone","translateFrame":[{"duration":3,"tweenEasing":0},{"duration":2,"tweenEasing":0,"y":4},{"duration":11,"tweenEasing":0,"x":-10,"y":-5},{"duration":7,"tweenEasing":0,"x":-20,"y":-5},{"duration":0}]},{"name":"PET6017_weiba2","rotateFrame":[{"duration":3},{"duration":2,"tweenEasing":0},{"duration":11,"rotate":-4.32},{"duration":7,"tweenEasing":0,"rotate":-4.32},{"duration":0}]},{"name":"PET6017_duzi","rotateFrame":[{"duration":5,"tweenEasing":0},{"duration":11,"rotate":-3.93},{"duration":7,"tweenEasing":0,"rotate":-3.93},{"duration":0}]},{"name":"PET6017_weiba1","rotateFrame":[{"duration":3,"tweenEasing":0},{"duration":2,"tweenEasing":0,"rotate":-3.53},{"duration":11,"tweenEasing":0,"rotate":26.25},{"duration":7,"tweenEasing":0,"rotate":27.89},{"duration":0}]},{"name":"PET6017_youer","rotateFrame":[{"duration":3,"tweenEasing":0},{"duration":2,"tweenEasing":0,"rotate":17.74},{"duration":11,"tweenEasing":0,"rotate":37.75},{"duration":7,"tweenEasing":0,"rotate":54.54},{"duration":0}]},{"name":"bone3","rotateFrame":[{"duration":3},{"duration":2,"tweenEasing":0},{"duration":11,"tweenEasing":0,"rotate":-6.73},{"duration":7,"tweenEasing":0,"rotate":6.76},{"duration":0}]},{"name":"PET6017_zuoshou1","rotateFrame":[{"duration":3,"tweenEasing":0},{"duration":2,"tweenEasing":0,"rotate":-22.26},{"duration":11,"rotate":15.91},{"duration":7,"tweenEasing":0,"rotate":15.91},{"duration":0}]},{"name":"bone7","rotateFrame":[{"duration":3,"tweenEasing":0},{"duration":2,"tweenEasing":0,"rotate":24.56},{"duration":11,"tweenEasing":0,"rotate":13.51},{"duration":7,"tweenEasing":0,"rotate":19.25},{"duration":0}]}],"slot":[{"name":"PET6017_yangjingputong","displayFrame":[{"duration":3,"value":1},{"duration":20,"value":3}]}]},{"duration":72,"name":"skill","frame":[{"duration":46},{"duration":0,"events":[{"name":"0"}]}],"bone":[{"name":"PET6017_youer","rotateFrame":[{"duration":8,"tweenEasing":0},{"duration":8,"tweenEasing":0,"rotate":22.93},{"duration":8,"tweenEasing":0,"rotate":6.79},{"duration":10,"tweenEasing":0,"rotate":22.93},{"duration":11,"tweenEasing":0,"rotate":6.79},{"tweenEasing":0,"rotate":0.19},{"duration":3,"tweenEasing":0,"rotate":-1.97},{"duration":3,"tweenEasing":0,"rotate":-12.63},{"duration":3,"tweenEasing":0,"rotate":16.16},{"duration":3,"tweenEasing":0,"rotate":-12.63},{"duration":3,"tweenEasing":0,"rotate":16.16},{"duration":3,"tweenEasing":0,"rotate":-12.63},{"duration":8,"tweenEasing":0,"rotate":16.16},{"duration":0}]},{"name":"PET6017_weiba2","rotateFrame":[{"duration":16,"tweenEasing":0},{"duration":48,"rotate":26.14},{"duration":8,"tweenEasing":0,"rotate":26.14},{"duration":0}]},{"name":"PET6017_zuoer","rotateFrame":[{"duration":8,"tweenEasing":0},{"duration":8,"tweenEasing":0,"rotate":-20.56},{"duration":8,"tweenEasing":0,"rotate":15.4},{"duration":10,"tweenEasing":0,"rotate":-20.56},{"duration":11,"tweenEasing":0,"rotate":15.4},{"tweenEasing":0,"rotate":7.7},{"duration":3,"tweenEasing":0,"rotate":12.15},{"duration":3,"tweenEasing":0,"rotate":-2.11},{"duration":3,"tweenEasing":0,"rotate":30.3},{"duration":3,"tweenEasing":0,"rotate":-2.11},{"duration":3,"tweenEasing":0,"rotate":30.3},{"duration":3,"tweenEasing":0,"rotate":-2.11},{"duration":8,"tweenEasing":0,"rotate":30.3},{"duration":0}]},{"name":"bone3","rotateFrame":[{"duration":34},{"duration":4,"tweenEasing":0},{"duration":7,"tweenEasing":0,"rotate":-1.56},{"tweenEasing":0,"rotate":-2},{"duration":3,"tweenEasing":0,"rotate":-7.27},{"duration":3,"tweenEasing":0,"rotate":-10.87},{"duration":3,"tweenEasing":0,"rotate":-7.27},{"duration":3,"tweenEasing":0,"rotate":-10.87},{"duration":3,"tweenEasing":0,"rotate":-7.27},{"duration":3,"tweenEasing":0,"rotate":-10.87},{"duration":8,"tweenEasing":0,"rotate":-7.27},{"duration":0}]},{"name":"PET6017_youtui1","rotateFrame":[{"duration":8,"tweenEasing":0},{"duration":8,"tweenEasing":0,"rotate":-3.03},{"duration":8,"tweenEasing":0,"rotate":-1.51},{"duration":10,"tweenEasing":0,"rotate":-3.03},{"duration":4,"tweenEasing":0,"rotate":-1.51},{"duration":7,"tweenEasing":0,"rotate":-2.69},{"tweenEasing":0,"rotate":-3.03},{"duration":3,"tweenEasing":0,"rotate":0.7},{"duration":3,"tweenEasing":0,"rotate":-0.61},{"duration":3,"tweenEasing":0,"rotate":0.7},{"duration":3,"tweenEasing":0,"rotate":-0.61},{"duration":3,"tweenEasing":0,"rotate":0.7},{"duration":3,"tweenEasing":0,"rotate":-0.61},{"duration":8,"tweenEasing":0,"rotate":0.7},{"duration":0}],"scaleFrame":[{"duration":8,"tweenEasing":0},{"duration":8,"tweenEasing":0,"x":0.9},{"duration":8,"tweenEasing":0,"x":0.95,"y":0.95},{"duration":10,"tweenEasing":0,"x":0.9},{"duration":4,"tweenEasing":0,"x":0.95,"y":0.95},{"duration":7,"tweenEasing":0,"x":0.95,"y":0.95},{"tweenEasing":0,"x":0.9},{"duration":18,"tweenEasing":0,"x":1.1},{"duration":8,"tweenEasing":0,"x":1.1},{"duration":0}]},{"name":"PET6017_youshou","translateFrame":[{"duration":45,"tweenEasing":0},{"tweenEasing":0},{"duration":18,"tweenEasing":0,"x":-1.47,"y":2.79},{"duration":8,"tweenEasing":0,"x":-1.47,"y":2.79},{"duration":0}],"rotateFrame":[{"duration":8,"tweenEasing":0},{"duration":8,"tweenEasing":0,"rotate":-59.27},{"duration":8,"tweenEasing":0,"rotate":-36.73},{"duration":10,"tweenEasing":0,"rotate":-59.27},{"duration":11,"tweenEasing":0,"rotate":-36.73},{"tweenEasing":0,"rotate":-59.27},{"duration":3,"tweenEasing":0,"rotate":-55.13},{"duration":3,"tweenEasing":0,"rotate":-62.78},{"duration":3,"tweenEasing":0,"rotate":-55.13},{"duration":3,"tweenEasing":0,"rotate":-62.78},{"duration":3,"tweenEasing":0,"rotate":-55.13},{"duration":3,"tweenEasing":0,"rotate":-62.78},{"duration":8,"tweenEasing":0,"rotate":-55.13},{"duration":0}]},{"name":"bone2","translateFrame":[{"duration":8,"tweenEasing":0},{"duration":8,"tweenEasing":0,"x":-0.75,"y":1.65},{"duration":8,"tweenEasing":0,"x":-0.38,"y":0.82},{"duration":10,"tweenEasing":0,"x":-0.75,"y":1.65},{"duration":4,"tweenEasing":0,"x":-0.38,"y":0.82},{"duration":7,"tweenEasing":0,"x":-0.67,"y":1.47},{"duration":19,"tweenEasing":0,"x":-0.75,"y":1.65},{"duration":8,"tweenEasing":0,"x":-0.75,"y":1.65},{"duration":0}],"rotateFrame":[{"duration":8,"tweenEasing":0},{"duration":8,"tweenEasing":0,"rotate":12.94},{"duration":8,"tweenEasing":0,"rotate":6.47},{"duration":10,"tweenEasing":0,"rotate":12.94},{"duration":4,"tweenEasing":0,"rotate":6.47},{"duration":7,"tweenEasing":0,"rotate":13.71},{"tweenEasing":0,"rotate":15.78},{"duration":3,"tweenEasing":0,"rotate":-8.05},{"duration":3,"tweenEasing":0,"rotate":-4.31},{"duration":3,"tweenEasing":0,"rotate":-8.05},{"duration":3,"tweenEasing":0,"rotate":-4.31},{"duration":3,"tweenEasing":0,"rotate":-8.05},{"duration":3,"tweenEasing":0,"rotate":-4.31},{"duration":8,"tweenEasing":0,"rotate":-8.05},{"duration":0}],"scaleFrame":[{"duration":8,"tweenEasing":0},{"duration":8,"tweenEasing":0},{"duration":8,"tweenEasing":0,"y":0.95},{"duration":10,"tweenEasing":0},{"duration":4,"tweenEasing":0,"y":0.95},{"duration":7,"tweenEasing":0,"y":0.95},{"duration":27}]},{"name":"bone4","rotateFrame":[{"duration":8,"tweenEasing":0},{"duration":8,"tweenEasing":0,"rotate":1.44},{"duration":8,"tweenEasing":0,"rotate":0.72},{"duration":10,"tweenEasing":0,"rotate":1.44},{"duration":4,"tweenEasing":0,"rotate":0.72},{"duration":7,"tweenEasing":0,"rotate":-1.51},{"tweenEasing":0,"rotate":-2.15},{"duration":3,"tweenEasing":0,"rotate":6.76},{"duration":3,"tweenEasing":0,"rotate":5.16},{"duration":3,"tweenEasing":0,"rotate":6.76},{"duration":3,"tweenEasing":0,"rotate":5.16},{"duration":3,"tweenEasing":0,"rotate":6.76},{"duration":3,"tweenEasing":0,"rotate":5.16},{"duration":8,"tweenEasing":0,"rotate":6.76},{"duration":0}]},{"name":"bone","translateFrame":[{"duration":8,"tweenEasing":0},{"duration":8,"tweenEasing":0,"y":4},{"duration":8,"tweenEasing":0,"y":2},{"duration":10,"tweenEasing":0,"y":4},{"duration":4,"tweenEasing":0,"y":2},{"duration":7,"tweenEasing":0,"y":3.55},{"tweenEasing":0,"y":4},{"duration":18,"x":5,"y":-9},{"duration":8,"tweenEasing":0,"x":5,"y":-9},{"duration":0}]},{"name":"PET6017_tou","rotateFrame":[{"duration":8,"tweenEasing":0},{"duration":8,"tweenEasing":0,"rotate":11.73},{"duration":8,"tweenEasing":0,"rotate":-0.17},{"duration":10,"tweenEasing":0,"rotate":11.73},{"duration":4,"tweenEasing":0,"rotate":-0.17},{"duration":7,"tweenEasing":0,"rotate":11.66},{"tweenEasing":0,"rotate":15.04},{"duration":3,"tweenEasing":0,"rotate":-2.09},{"duration":3,"tweenEasing":0,"rotate":-1.47},{"duration":3,"tweenEasing":0,"rotate":-2.09},{"duration":3,"tweenEasing":0,"rotate":-1.47},{"duration":3,"tweenEasing":0,"rotate":-2.09},{"duration":3,"tweenEasing":0,"rotate":-1.47},{"duration":8,"tweenEasing":0,"rotate":-2.09},{"duration":0}]},{"name":"yz","scaleFrame":[{"duration":8,"tweenEasing":0},{"duration":8,"tweenEasing":0,"y":1.1},{"duration":8,"tweenEasing":0},{"duration":9,"tweenEasing":0,"y":1.1},{"duration":12,"tweenEasing":0},{"tweenEasing":0,"y":1.1},{"duration":3,"tweenEasing":0},{"duration":3,"tweenEasing":0,"y":1.1},{"duration":3,"tweenEasing":0},{"duration":3,"tweenEasing":0,"y":1.1},{"duration":3,"tweenEasing":0},{"duration":3,"tweenEasing":0,"y":1.1},{"duration":8}]},{"name":"bone5","rotateFrame":[{"duration":8,"tweenEasing":0},{"duration":8,"tweenEasing":0,"rotate":-6.89},{"duration":8,"tweenEasing":0,"rotate":-23.84},{"duration":10,"tweenEasing":0,"rotate":-6.89},{"duration":12,"tweenEasing":0,"rotate":-23.84},{"duration":3,"tweenEasing":0,"rotate":-6.89},{"duration":3,"tweenEasing":0,"rotate":-19.08},{"duration":3,"tweenEasing":0,"rotate":-6.89},{"duration":3,"tweenEasing":0,"rotate":-19.08},{"duration":3,"tweenEasing":0,"rotate":-6.89},{"duration":3,"tweenEasing":0,"rotate":-19.08},{"duration":8,"tweenEasing":0,"rotate":-6.89},{"duration":0}]},{"name":"bone6","rotateFrame":[{"duration":8,"tweenEasing":0},{"duration":8,"tweenEasing":0,"rotate":-0.3},{"duration":8,"tweenEasing":0,"rotate":-15.24},{"duration":10,"tweenEasing":0,"rotate":-0.3},{"duration":12,"tweenEasing":0,"rotate":-15.24},{"duration":3,"tweenEasing":0,"rotate":-0.3},{"duration":3,"tweenEasing":0,"rotate":-30.04},{"duration":3,"tweenEasing":0,"rotate":-0.3},{"duration":3,"tweenEasing":0,"rotate":-30.04},{"duration":3,"tweenEasing":0,"rotate":-0.3},{"duration":3,"tweenEasing":0,"rotate":-30.04},{"duration":8,"tweenEasing":0,"rotate":-0.3},{"duration":0}]},{"name":"PET6017_zuotui2","translateFrame":[{"duration":8,"tweenEasing":0},{"duration":8,"tweenEasing":0,"x":-0.4,"y":1.41},{"duration":8,"tweenEasing":0,"x":-0.2,"y":0.7},{"duration":10,"tweenEasing":0,"x":-0.4,"y":1.41},{"duration":4,"tweenEasing":0,"x":-0.2,"y":0.7},{"duration":7,"tweenEasing":0,"x":-0.36,"y":1.25},{"duration":19,"tweenEasing":0,"x":-0.4,"y":1.41},{"duration":8,"tweenEasing":0,"x":-0.4,"y":1.41},{"duration":0}],"rotateFrame":[{"duration":34,"tweenEasing":0},{"duration":4,"tweenEasing":0},{"duration":7,"tweenEasing":0,"rotate":-1.56},{"tweenEasing":0,"rotate":-2},{"duration":3,"tweenEasing":0,"rotate":21.4},{"duration":3,"tweenEasing":0,"rotate":17.8},{"duration":3,"tweenEasing":0,"rotate":21.4},{"duration":3,"tweenEasing":0,"rotate":17.8},{"duration":3,"tweenEasing":0,"rotate":21.4},{"duration":3,"tweenEasing":0,"rotate":17.8},{"duration":8,"tweenEasing":0,"rotate":21.4},{"duration":0}],"scaleFrame":[{"duration":8,"tweenEasing":0},{"duration":8,"tweenEasing":0,"x":1.11},{"duration":8,"tweenEasing":0,"x":1.05},{"duration":10,"tweenEasing":0,"x":1.11},{"duration":4,"tweenEasing":0,"x":1.05},{"duration":7,"tweenEasing":0,"x":1.05},{"tweenEasing":0,"x":1.11},{"duration":18,"tweenEasing":0,"x":0.91},{"duration":8,"tweenEasing":0,"x":0.91},{"duration":0}]},{"name":"PET6017_zuotui1","rotateFrame":[{"duration":45,"tweenEasing":0},{"tweenEasing":0},{"duration":18,"rotate":2.04},{"duration":8,"tweenEasing":0,"rotate":2.04},{"duration":0}],"scaleFrame":[{"duration":8,"tweenEasing":0},{"duration":8,"tweenEasing":0,"x":0.9},{"duration":8,"tweenEasing":0,"x":0.95,"y":0.95},{"duration":10,"tweenEasing":0,"x":0.9},{"duration":4,"tweenEasing":0,"x":0.95,"y":0.95},{"duration":7,"x":0.95,"y":0.95},{"tweenEasing":0,"x":0.9},{"duration":18,"x":1.1},{"duration":8,"tweenEasing":0,"x":1.1},{"duration":0}]},{"name":"PET6017_duzi","rotateFrame":[{"duration":34},{"duration":4,"tweenEasing":0},{"duration":7,"tweenEasing":0,"rotate":2.21},{"tweenEasing":0,"rotate":2.85},{"duration":3,"tweenEasing":0,"rotate":-2.58},{"duration":3,"tweenEasing":0,"rotate":1.27},{"duration":3,"tweenEasing":0,"rotate":-2.58},{"duration":3,"tweenEasing":0,"rotate":1.27},{"duration":3,"tweenEasing":0,"rotate":-2.58},{"duration":3,"tweenEasing":0,"rotate":1.27},{"duration":8,"tweenEasing":0,"rotate":-2.58},{"duration":0}],"scaleFrame":[{"duration":8},{"duration":8,"tweenEasing":0},{"duration":8,"tweenEasing":0,"y":1.05},{"duration":10,"tweenEasing":0},{"duration":4,"tweenEasing":0,"y":1.05},{"duration":7,"tweenEasing":0,"y":1.05},{"duration":27}]},{"name":"bone7","rotateFrame":[{"duration":8,"tweenEasing":0},{"duration":16,"rotate":24.56},{"duration":21,"tweenEasing":0,"rotate":24.56},{"duration":4,"tweenEasing":0,"rotate":11.73},{"duration":12,"rotate":33.39},{"duration":11,"tweenEasing":0,"rotate":33.39},{"duration":0}]},{"name":"PET6017_zuoshou1","rotateFrame":[{"duration":8,"tweenEasing":0},{"duration":8,"tweenEasing":0,"rotate":-38.03},{"duration":8,"tweenEasing":0,"rotate":-11.08},{"duration":10,"tweenEasing":0,"rotate":-38.03},{"duration":11,"tweenEasing":0,"rotate":-11.08},{"tweenEasing":0,"rotate":-38.03},{"duration":3,"tweenEasing":0,"rotate":-20.41},{"duration":3,"tweenEasing":0,"rotate":-30.78},{"duration":3,"tweenEasing":0,"rotate":-20.41},{"duration":3,"tweenEasing":0,"rotate":-30.78},{"duration":3,"tweenEasing":0,"rotate":-20.41},{"duration":3,"tweenEasing":0,"rotate":-30.78},{"duration":8,"tweenEasing":0,"rotate":-20.41},{"duration":0}]},{"name":"PET6017_youtui2","translateFrame":[{"duration":8,"tweenEasing":0},{"duration":8,"tweenEasing":0,"x":-1.39,"y":1.22},{"duration":8,"tweenEasing":0,"x":-0.69,"y":0.61},{"duration":10,"tweenEasing":0,"x":-1.39,"y":1.22},{"duration":4,"tweenEasing":0,"x":-0.69,"y":0.61},{"duration":7,"tweenEasing":0,"x":-1.23,"y":1.08},{"duration":19,"tweenEasing":0,"x":-1.39,"y":1.22},{"duration":8,"tweenEasing":0,"x":-1.39,"y":1.22},{"duration":0}],"rotateFrame":[{"duration":8,"tweenEasing":0},{"duration":8,"tweenEasing":0,"rotate":3.22},{"duration":8,"tweenEasing":0,"rotate":1.61},{"duration":10,"tweenEasing":0,"rotate":3.22},{"duration":4,"tweenEasing":0,"rotate":1.61},{"duration":7,"tweenEasing":0,"rotate":0.06},{"tweenEasing":0,"rotate":-0.37},{"duration":3,"tweenEasing":0,"rotate":8.54},{"duration":3,"tweenEasing":0,"rotate":9.51},{"duration":3,"tweenEasing":0,"rotate":8.54},{"duration":3,"tweenEasing":0,"rotate":9.51},{"duration":3,"tweenEasing":0,"rotate":8.54},{"duration":3,"tweenEasing":0,"rotate":9.51},{"duration":8,"tweenEasing":0,"rotate":8.54},{"duration":0}],"scaleFrame":[{"duration":8,"tweenEasing":0},{"duration":8,"tweenEasing":0,"x":1.11},{"duration":8,"tweenEasing":0,"x":1.05},{"duration":10,"tweenEasing":0,"x":1.11},{"duration":4,"tweenEasing":0,"x":1.05},{"duration":7,"tweenEasing":0,"x":1.05},{"tweenEasing":0,"x":1.11},{"duration":18,"tweenEasing":0,"x":0.91},{"duration":8,"tweenEasing":0,"x":0.91},{"duration":0}]},{"name":"PET6017_weiba1","rotateFrame":[{"duration":8,"tweenEasing":0},{"duration":38,"rotate":-3.53},{"duration":3,"tweenEasing":0,"rotate":-3.53},{"duration":3,"tweenEasing":0,"rotate":10.97},{"duration":3,"tweenEasing":0,"rotate":-3.53},{"duration":3,"tweenEasing":0,"rotate":10.97},{"duration":3,"tweenEasing":0,"rotate":-3.53},{"duration":3,"tweenEasing":0,"rotate":10.97},{"duration":8,"tweenEasing":0,"rotate":-3.53},{"duration":0}]},{"name":"bone8","rotateFrame":[{"duration":8,"tweenEasing":0},{"duration":8,"tweenEasing":0,"rotate":12.87},{"duration":8,"tweenEasing":0,"rotate":2.57},{"duration":10,"tweenEasing":0,"rotate":12.87},{"duration":11,"tweenEasing":0,"rotate":2.57},{"duration":4,"tweenEasing":0,"rotate":-5.72},{"duration":12,"rotate":7.94},{"duration":11,"tweenEasing":0,"rotate":7.94},{"duration":0}]},{"name":"bone9","rotateFrame":[{"duration":8,"tweenEasing":0},{"duration":8,"tweenEasing":0,"rotate":-7.28},{"duration":8,"tweenEasing":0,"rotate":-17.58},{"duration":10,"tweenEasing":0,"rotate":-7.28},{"duration":11,"tweenEasing":0,"rotate":-17.58},{"duration":27,"tweenEasing":0,"rotate":-25.88},{"duration":0}]}],"slot":[{"name":"PET6017_yangjingputong","displayFrame":[{"duration":8,"value":2},{"duration":38,"value":5},{"duration":26,"value":1},{"duration":0,"value":2}]},{"name":"PET6017_zuiputong","displayFrame":[{"duration":46,"value":1},{"duration":26},{"duration":0,"value":1}]},{"name":"pet6017_shan1","displayFrame":[{"duration":11,"value":-1},{"duration":2},{"duration":2,"value":1},{"duration":2},{"duration":2,"value":1},{"duration":2},{"duration":2,"value":1},{"duration":2},{"duration":2,"value":1},{"duration":2},{"duration":2,"value":1},{"duration":2},{"duration":2,"value":1},{"duration":2},{"duration":2,"value":1},{"duration":2},{"duration":2,"value":1},{"duration":2},{"value":1},{"duration":26,"value":-1}]}]},{"duration":30,"name":"stand","bone":[{"name":"bone","translateFrame":[{"duration":15,"tweenEasing":0},{"duration":15,"tweenEasing":0,"y":4},{"duration":0}]},{"name":"yz","scaleFrame":[{"duration":15,"tweenEasing":0},{"duration":15,"tweenEasing":0,"y":1.1},{"duration":0}]},{"name":"PET6017_youtui1","rotateFrame":[{"duration":15,"tweenEasing":0},{"duration":15,"tweenEasing":0,"rotate":-3.03},{"duration":0}],"scaleFrame":[{"duration":15,"tweenEasing":0},{"duration":15,"tweenEasing":0,"x":0.9},{"duration":0}]},{"name":"PET6017_zuotui1","scaleFrame":[{"duration":15,"tweenEasing":0},{"duration":15,"tweenEasing":0,"x":0.9},{"duration":0}]},{"name":"bone2","translateFrame":[{"duration":15,"tweenEasing":0},{"duration":15,"tweenEasing":0,"x":-0.76,"y":1.65},{"duration":0}],"rotateFrame":[{"duration":15,"tweenEasing":0},{"duration":15,"tweenEasing":0,"rotate":5.13},{"duration":0}]},{"name":"PET6017_tou","rotateFrame":[{"duration":15,"tweenEasing":0},{"duration":15,"tweenEasing":0,"rotate":-8.15},{"duration":0}]},{"name":"PET6017_youshou","rotateFrame":[{"duration":6,"tweenEasing":0},{"duration":12,"tweenEasing":0,"rotate":-9.4},{"duration":12,"tweenEasing":0,"rotate":9.44},{"duration":0}]},{"name":"PET6017_youtui2","translateFrame":[{"duration":15,"tweenEasing":0},{"duration":15,"tweenEasing":0,"x":-1.39,"y":1.22},{"duration":0}],"rotateFrame":[{"duration":15,"tweenEasing":0},{"duration":15,"tweenEasing":0,"rotate":1.78},{"duration":0}],"scaleFrame":[{"duration":15,"tweenEasing":0},{"duration":15,"tweenEasing":0,"x":1.11},{"duration":0}]},{"name":"PET6017_zuoshou1","rotateFrame":[{"duration":7,"tweenEasing":0},{"duration":14,"tweenEasing":0,"rotate":4.45},{"duration":9,"tweenEasing":0,"rotate":-16.77},{"duration":0}]},{"name":"PET6017_zuotui2","translateFrame":[{"duration":15,"tweenEasing":0},{"duration":15,"tweenEasing":0,"x":-0.4,"y":1.41},{"duration":0}],"scaleFrame":[{"duration":15,"tweenEasing":0},{"duration":15,"tweenEasing":0,"x":1.11},{"duration":0}]},{"name":"bone5","rotateFrame":[{"duration":8,"tweenEasing":0},{"duration":11,"tweenEasing":0,"rotate":5.19},{"duration":11,"tweenEasing":0,"rotate":-6.89},{"duration":0}]},{"name":"PET6017_youer","rotateFrame":[{"duration":7,"tweenEasing":0},{"duration":11,"tweenEasing":0,"rotate":2.47},{"duration":12,"tweenEasing":0,"rotate":-7.33},{"duration":0}]},{"name":"PET6017_zuoer","rotateFrame":[{"duration":6,"tweenEasing":0},{"duration":12,"tweenEasing":0,"rotate":-2.75},{"duration":12,"tweenEasing":0,"rotate":13.81},{"duration":0}]},{"name":"bone6","rotateFrame":[{"duration":8,"tweenEasing":0},{"duration":11,"tweenEasing":0,"rotate":5.19},{"duration":11,"tweenEasing":0,"rotate":-0.3},{"duration":0}]},{"name":"PET6017_weiba1","rotateFrame":[{"duration":8,"tweenEasing":0},{"duration":11,"tweenEasing":0,"rotate":-0.4},{"duration":11,"tweenEasing":0,"rotate":-3.53},{"duration":0}]},{"name":"bone7","rotateFrame":[{"duration":8,"tweenEasing":0},{"duration":11,"tweenEasing":0,"rotate":9.9},{"duration":11,"tweenEasing":0,"rotate":24.56},{"duration":0}]},{"name":"bone8","rotateFrame":[{"duration":8,"tweenEasing":0},{"duration":11,"tweenEasing":0,"rotate":3.25},{"duration":11,"tweenEasing":0,"rotate":12.87},{"duration":0}]},{"name":"bone9","rotateFrame":[{"duration":8,"tweenEasing":0},{"duration":11,"tweenEasing":0,"rotate":-17.18},{"duration":11,"tweenEasing":0,"rotate":-7.28},{"duration":0}]}],"slot":[{"name":"PET6017_yangjingputong","displayFrame":[{"duration":20,"value":2},{"duration":10},{"duration":0,"value":2}]},{"name":"PET6017_zuiputong","displayFrame":[{"duration":30,"value":1}]}]},{"duration":24,"name":"walk","bone":[{"name":"PET6017_weiba2","rotateFrame":[{"duration":6,"tweenEasing":0},{"duration":6,"tweenEasing":0,"rotate":-6.05},{"duration":6,"tweenEasing":0},{"duration":6,"tweenEasing":0,"rotate":-6.05},{"duration":0}]},{"name":"bone4","rotateFrame":[{"duration":6,"tweenEasing":0,"rotate":-28.94},{"duration":6,"tweenEasing":0,"rotate":2.79},{"duration":6,"tweenEasing":0,"rotate":6.01},{"duration":6,"tweenEasing":0,"rotate":-10.11},{"duration":0,"rotate":-28.94}]},{"name":"bone3","rotateFrame":[{"duration":6,"tweenEasing":0,"rotate":-5.94},{"duration":6,"tweenEasing":0,"rotate":-14.09},{"duration":6,"tweenEasing":0,"rotate":-47.58},{"duration":6,"tweenEasing":0,"rotate":9.61},{"duration":0,"rotate":-5.94}]},{"name":"PET6017_youer","rotateFrame":[{"duration":6,"tweenEasing":0},{"duration":6,"tweenEasing":0,"rotate":-9.94},{"duration":6,"tweenEasing":0},{"duration":6,"tweenEasing":0,"rotate":-9.94},{"duration":0}]},{"name":"bone5","rotateFrame":[{"duration":6,"tweenEasing":0},{"duration":6,"tweenEasing":0,"rotate":-6.53},{"duration":6,"tweenEasing":0},{"duration":6,"tweenEasing":0,"rotate":-6.53},{"duration":0}]},{"name":"PET6017_zuotui2","translateFrame":[{"duration":6,"tweenEasing":0},{"duration":12,"tweenEasing":0,"x":5.25,"y":-2.53},{"duration":6,"tweenEasing":0,"x":5.25,"y":-2.53},{"duration":0}],"rotateFrame":[{"duration":6,"tweenEasing":0,"rotate":7.08},{"duration":6,"tweenEasing":0,"rotate":-5.55},{"duration":6,"tweenEasing":0,"rotate":29.59},{"duration":6,"tweenEasing":0,"rotate":-24.41},{"duration":0,"rotate":7.08}]},{"name":"PET6017_youshou","translateFrame":[{"duration":12,"tweenEasing":0},{"duration":12,"tweenEasing":0,"x":0.65,"y":2.99},{"duration":0}],"rotateFrame":[{"duration":12,"tweenEasing":0,"rotate":-4.72},{"duration":12,"tweenEasing":0,"rotate":75.21},{"duration":0,"rotate":-4.72}]},{"name":"PET6017_duzi","rotateFrame":[{"duration":24,"rotate":4.31}]},{"name":"bone8","rotateFrame":[{"duration":6,"tweenEasing":0},{"duration":6,"tweenEasing":0,"rotate":-5.39},{"duration":6,"tweenEasing":0},{"duration":6,"tweenEasing":0,"rotate":-5.39},{"duration":0}]},{"name":"PET6017_zuoer","rotateFrame":[{"duration":6,"tweenEasing":0},{"duration":6,"tweenEasing":0,"rotate":16.92},{"duration":6,"tweenEasing":0},{"duration":6,"tweenEasing":0,"rotate":16.92},{"duration":0}]},{"name":"bone2","rotateFrame":[{"duration":6,"tweenEasing":0,"rotate":4.31},{"duration":6,"tweenEasing":0,"rotate":11.18},{"duration":6,"tweenEasing":0,"rotate":4.31},{"duration":6,"tweenEasing":0,"rotate":11.18},{"duration":0,"rotate":4.31}]},{"name":"bone6","rotateFrame":[{"duration":6,"tweenEasing":0},{"duration":6,"tweenEasing":0,"rotate":13.78},{"duration":6,"tweenEasing":0},{"duration":6,"tweenEasing":0,"rotate":13.78},{"duration":0}]},{"name":"PET6017_weiba1","rotateFrame":[{"duration":6,"tweenEasing":0},{"duration":6,"tweenEasing":0,"rotate":-5.39},{"duration":6,"tweenEasing":0},{"duration":6,"tweenEasing":0,"rotate":-5.39},{"duration":0}]},{"name":"PET6017_youtui2","translateFrame":[{"duration":6,"tweenEasing":0},{"duration":6,"tweenEasing":0,"x":-4.79,"y":2.46},{"duration":6,"tweenEasing":0,"x":2.65,"y":-0.18},{"duration":6,"tweenEasing":0,"x":2.65,"y":-0.18},{"duration":0}],"rotateFrame":[{"duration":6,"tweenEasing":0,"rotate":-6.43},{"duration":6,"tweenEasing":0,"rotate":-15.3},{"duration":6,"tweenEasing":0,"rotate":-12.15},{"duration":6,"tweenEasing":0,"rotate":-7.94},{"duration":0,"rotate":-6.43}]},{"name":"PET6017_zuoshou1","rotateFrame":[{"duration":12,"tweenEasing":0,"rotate":88.36},{"duration":12,"tweenEasing":0,"rotate":29.15},{"duration":0,"rotate":88.36}]},{"name":"PET6017_tou","rotateFrame":[{"duration":6,"tweenEasing":0,"rotate":-5.69},{"duration":6,"tweenEasing":0,"rotate":-11.3},{"duration":6,"tweenEasing":0,"rotate":-5.69},{"duration":6,"tweenEasing":0,"rotate":-11.3},{"duration":0,"rotate":-5.69}]},{"name":"bone","translateFrame":[{"duration":6,"tweenEasing":0},{"duration":6,"tweenEasing":0,"y":-5},{"duration":6,"tweenEasing":0},{"duration":6,"tweenEasing":0,"y":-5},{"duration":0}]},{"name":"bone9","rotateFrame":[{"duration":6,"tweenEasing":0},{"duration":6,"tweenEasing":0,"rotate":-5.39},{"duration":6,"tweenEasing":0},{"duration":6,"tweenEasing":0,"rotate":-5.39},{"duration":0}]},{"name":"PET6017_zuotui1","rotateFrame":[{"duration":6,"tweenEasing":0,"rotate":-30.59},{"duration":6,"rotate":-30.59},{"duration":6,"tweenEasing":0,"rotate":48.58},{"duration":6,"tweenEasing":0,"rotate":18.31},{"duration":0,"rotate":-30.59}],"scaleFrame":[{"duration":12,"tweenEasing":0},{"duration":6,"tweenEasing":0},{"duration":6,"tweenEasing":0,"x":0.9},{"duration":0}]},{"name":"bone7","rotateFrame":[{"duration":6,"tweenEasing":0},{"duration":6,"tweenEasing":0,"rotate":-5.38},{"duration":6,"tweenEasing":0},{"duration":6,"tweenEasing":0,"rotate":-5.38},{"duration":0}]},{"name":"PET6017_youtui1","translateFrame":[{"duration":6,"tweenEasing":0},{"duration":6,"tweenEasing":0},{"duration":6,"tweenEasing":0,"x":-3.26,"y":-1.55},{"duration":6,"tweenEasing":0,"x":-3.26,"y":-1.55},{"duration":0}],"rotateFrame":[{"duration":6,"tweenEasing":0,"rotate":32.7},{"duration":6,"tweenEasing":0,"rotate":-10.27},{"duration":6,"tweenEasing":0,"rotate":-38.81},{"duration":6,"tweenEasing":0,"rotate":-1.34},{"duration":0,"rotate":32.7}],"scaleFrame":[{"duration":6,"tweenEasing":0},{"duration":6,"tweenEasing":0,"x":0.9},{"duration":12}]}],"slot":[{"name":"PET6017_yangjingputong","displayFrame":[{"duration":17,"value":2},{"duration":7},{"duration":0,"value":2}]},{"name":"PET6017_zuiputong","displayFrame":[{"duration":24,"value":1}]}]},{"duration":44,"name":"win","bone":[{"name":"PET6017_youtui2","translateFrame":[{"duration":6,"tweenEasing":0},{"duration":2,"tweenEasing":0,"x":-1.39,"y":1.22},{"tweenEasing":0,"x":0.98,"y":-0.79},{"duration":10,"tweenEasing":0,"x":-2.22,"y":3.41},{"tweenEasing":0,"x":-2.22,"y":3.41},{"duration":4,"tweenEasing":0,"x":0.98,"y":-0.79},{"tweenEasing":0,"x":-1.39,"y":1.22},{"tweenEasing":0,"x":0.98,"y":-0.79},{"duration":10,"tweenEasing":0,"x":-2.22,"y":3.41},{"tweenEasing":0,"x":-2.22,"y":3.41},{"duration":2,"tweenEasing":0,"x":0.98,"y":-0.79},{"duration":5,"tweenEasing":0,"x":-1.39,"y":1.22},{"duration":0}],"rotateFrame":[{"duration":6,"tweenEasing":0},{"duration":2,"tweenEasing":0,"rotate":3.22},{"tweenEasing":0,"rotate":14.6},{"duration":8,"tweenEasing":0,"rotate":32.45},{"duration":2,"tweenEasing":0,"rotate":14.23},{"tweenEasing":0,"rotate":-20.77},{"duration":4,"tweenEasing":0,"rotate":14.6},{"tweenEasing":0,"rotate":3.22},{"tweenEasing":0,"rotate":14.6},{"duration":8,"tweenEasing":0,"rotate":32.45},{"duration":2,"tweenEasing":0,"rotate":14.23},{"tweenEasing":0,"rotate":-20.77},{"duration":2,"tweenEasing":0,"rotate":14.6},{"duration":5,"tweenEasing":0,"rotate":3.22},{"duration":0}],"scaleFrame":[{"duration":6,"tweenEasing":0},{"duration":2,"tweenEasing":0,"x":1.11},{"duration":12,"tweenEasing":0},{"duration":4,"tweenEasing":0},{"tweenEasing":0,"x":1.11},{"duration":12,"tweenEasing":0},{"duration":2,"tweenEasing":0},{"duration":5,"tweenEasing":0,"x":1.11},{"duration":0}]},{"name":"yz","scaleFrame":[{"duration":6,"tweenEasing":0},{"duration":2,"tweenEasing":0,"y":1.1},{"duration":9,"tweenEasing":0},{"duration":3,"tweenEasing":0,"y":0.8},{"duration":4,"tweenEasing":0},{"tweenEasing":0,"y":1.1},{"duration":9,"tweenEasing":0},{"duration":3,"tweenEasing":0,"y":0.8},{"duration":3,"tweenEasing":0},{"duration":4,"tweenEasing":0,"y":1.1},{"duration":0}]},{"name":"bone9","rotateFrame":[{"duration":6,"tweenEasing":0},{"duration":2,"tweenEasing":0,"rotate":-7.28},{"duration":9,"tweenEasing":0,"rotate":-17.62},{"duration":2,"tweenEasing":0,"rotate":3.49},{"tweenEasing":0,"rotate":10.33},{"duration":4,"tweenEasing":0,"rotate":-17.62},{"tweenEasing":0,"rotate":-7.28},{"duration":9,"tweenEasing":0,"rotate":-17.62},{"duration":2,"tweenEasing":0,"rotate":3.49},{"tweenEasing":0,"rotate":10.33},{"duration":2,"tweenEasing":0,"rotate":-17.62},{"duration":5,"tweenEasing":0,"rotate":-7.28},{"duration":0}]},{"name":"PET6017_zuotui2","translateFrame":[{"duration":6,"tweenEasing":0},{"duration":2,"tweenEasing":0,"x":-0.4,"y":1.41},{"tweenEasing":0,"x":-0.44,"y":2.21},{"duration":10,"tweenEasing":0,"x":-5.66,"y":5.75},{"tweenEasing":0,"x":-5.66,"y":5.75},{"duration":4,"tweenEasing":0,"x":-0.44,"y":2.21},{"tweenEasing":0,"x":-0.4,"y":1.41},{"tweenEasing":0,"x":-0.44,"y":2.21},{"duration":10,"tweenEasing":0,"x":-5.66,"y":5.75},{"tweenEasing":0,"x":-5.66,"y":5.75},{"duration":2,"tweenEasing":0,"x":-0.44,"y":2.21},{"duration":5,"tweenEasing":0,"x":-0.4,"y":1.41},{"duration":0}],"rotateFrame":[{"duration":6,"tweenEasing":0},{"duration":2,"tweenEasing":0},{"tweenEasing":0,"rotate":19.09},{"duration":8,"tweenEasing":0,"rotate":49.91},{"duration":2,"tweenEasing":0,"rotate":63.07},{"tweenEasing":0,"rotate":17.22},{"duration":5,"tweenEasing":0,"rotate":19.09},{"tweenEasing":0,"rotate":19.09},{"duration":8,"tweenEasing":0,"rotate":49.91},{"duration":2,"tweenEasing":0,"rotate":63.07},{"tweenEasing":0,"rotate":17.22},{"duration":2,"tweenEasing":0,"rotate":19.09},{"duration":5,"tweenEasing":0,"rotate":19.09},{"duration":0}],"scaleFrame":[{"duration":6,"tweenEasing":0},{"duration":2,"tweenEasing":0,"x":1.11},{"duration":12,"tweenEasing":0,"x":0.91},{"duration":4,"tweenEasing":0,"x":0.91},{"tweenEasing":0,"x":1.11},{"duration":12,"tweenEasing":0,"x":0.91},{"duration":2,"tweenEasing":0,"x":0.91},{"duration":5,"tweenEasing":0,"x":1.11},{"duration":0}]},{"name":"bone5","rotateFrame":[{"duration":6,"tweenEasing":0},{"duration":2,"tweenEasing":0,"rotate":-6.89},{"duration":9,"tweenEasing":0,"rotate":0.69},{"duration":2,"tweenEasing":0,"rotate":-17.58},{"tweenEasing":0,"rotate":-4.43},{"duration":4,"tweenEasing":0,"rotate":0.69},{"tweenEasing":0,"rotate":-6.89},{"duration":9,"tweenEasing":0,"rotate":0.69},{"duration":2,"tweenEasing":0,"rotate":-17.58},{"tweenEasing":0,"rotate":-4.43},{"duration":2,"tweenEasing":0,"rotate":0.69},{"duration":5,"tweenEasing":0,"rotate":-6.89},{"duration":0}]},{"name":"PET6017_youshou","translateFrame":[{"duration":8,"tweenEasing":0},{"duration":9,"tweenEasing":0},{"duration":3,"tweenEasing":0,"x":-0.93,"y":5.42},{"duration":5,"tweenEasing":0},{"duration":9,"tweenEasing":0},{"duration":3,"tweenEasing":0,"x":-0.93,"y":5.42},{"duration":7}],"rotateFrame":[{"duration":6,"tweenEasing":0},{"duration":2,"tweenEasing":0,"rotate":15.08},{"duration":9,"tweenEasing":0,"rotate":-31.57},{"duration":3,"tweenEasing":0,"rotate":-173.6},{"duration":4,"tweenEasing":0,"rotate":-31.57},{"tweenEasing":0,"rotate":15.08},{"duration":9,"tweenEasing":0,"rotate":-31.57},{"duration":3,"tweenEasing":0,"rotate":-173.6},{"duration":2,"tweenEasing":0,"rotate":-31.57},{"duration":5,"tweenEasing":0,"rotate":15.08},{"duration":0}]},{"name":"bone6","rotateFrame":[{"duration":6,"tweenEasing":0},{"duration":2,"tweenEasing":0,"rotate":-0.3},{"duration":9,"tweenEasing":0,"rotate":9.33},{"duration":2,"tweenEasing":0,"rotate":24.43},{"tweenEasing":0,"rotate":11.62},{"duration":4,"tweenEasing":0,"rotate":9.33},{"tweenEasing":0,"rotate":-0.3},{"duration":9,"tweenEasing":0,"rotate":9.33},{"duration":2,"tweenEasing":0,"rotate":24.43},{"tweenEasing":0,"rotate":11.62},{"duration":2,"tweenEasing":0,"rotate":9.33},{"duration":5,"tweenEasing":0,"rotate":-0.3},{"duration":0}]},{"name":"bone2","translateFrame":[{"duration":6,"tweenEasing":0},{"duration":2,"tweenEasing":0,"x":-0.76,"y":1.65},{"duration":12,"tweenEasing":0,"x":2.78,"y":-0.82},{"duration":4,"tweenEasing":0,"x":2.78,"y":-0.82},{"tweenEasing":0,"x":-0.76,"y":1.65},{"duration":12,"tweenEasing":0,"x":2.78,"y":-0.82},{"duration":2,"tweenEasing":0,"x":2.78,"y":-0.82},{"duration":5,"tweenEasing":0,"x":-0.76,"y":1.65},{"duration":0}],"rotateFrame":[{"duration":6,"tweenEasing":0},{"duration":2,"tweenEasing":0,"rotate":12.94},{"duration":9,"tweenEasing":0,"rotate":0.02},{"duration":3,"tweenEasing":0,"rotate":-4.92},{"duration":4,"tweenEasing":0,"rotate":0.02},{"tweenEasing":0,"rotate":12.94},{"duration":9,"tweenEasing":0,"rotate":0.02},{"duration":3,"tweenEasing":0,"rotate":-4.92},{"duration":2,"tweenEasing":0,"rotate":0.02},{"duration":5,"tweenEasing":0,"rotate":12.94},{"duration":0}]},{"name":"bone","translateFrame":[{"duration":6,"tweenEasing":0},{"duration":2,"tweenEasing":0,"y":4},{"tweenEasing":0,"y":-5},{"duration":8,"tweenEasing":0,"y":-70},{"duration":2,"tweenEasing":0,"y":-80},{"tweenEasing":0,"y":-70},{"duration":4,"tweenEasing":0,"y":-5},{"tweenEasing":0,"y":4},{"tweenEasing":0,"y":-5},{"duration":8,"tweenEasing":0,"y":-70},{"duration":2,"tweenEasing":0,"y":-80},{"tweenEasing":0,"y":-70},{"duration":2,"tweenEasing":0,"y":-5},{"duration":5,"tweenEasing":0,"y":4},{"duration":0}]},{"name":"bone4","rotateFrame":[{"duration":6,"tweenEasing":0},{"duration":2,"tweenEasing":0,"rotate":1.44},{"tweenEasing":0,"rotate":-15.1},{"duration":8,"tweenEasing":0,"rotate":9.25},{"duration":2,"tweenEasing":0,"rotate":-6.66},{"tweenEasing":0,"rotate":2.95},{"duration":4,"tweenEasing":0,"rotate":-15.1},{"tweenEasing":0,"rotate":1.44},{"tweenEasing":0,"rotate":-15.1},{"duration":8,"tweenEasing":0,"rotate":9.25},{"duration":2,"tweenEasing":0,"rotate":-6.66},{"tweenEasing":0,"rotate":2.95},{"duration":2,"tweenEasing":0,"rotate":-15.1},{"duration":5,"tweenEasing":0,"rotate":1.44},{"duration":0}]},{"name":"PET6017_zuotui1","rotateFrame":[{"duration":6,"tweenEasing":0},{"duration":2,"tweenEasing":0},{"duration":9,"tweenEasing":0,"rotate":-4.43},{"duration":2,"tweenEasing":0,"rotate":-28.56},{"tweenEasing":0,"rotate":-10.58},{"duration":4,"tweenEasing":0,"rotate":-4.43},{"tweenEasing":0},{"duration":9,"tweenEasing":0,"rotate":-4.43},{"duration":2,"tweenEasing":0,"rotate":-28.56},{"tweenEasing":0,"rotate":-10.58},{"duration":2,"tweenEasing":0,"rotate":-4.43},{"duration":5}],"scaleFrame":[{"duration":6,"tweenEasing":0},{"duration":2,"tweenEasing":0,"x":0.9},{"duration":12,"tweenEasing":0,"x":1.1},{"duration":4,"tweenEasing":0,"x":1.1},{"tweenEasing":0,"x":0.9},{"duration":12,"tweenEasing":0,"x":1.1},{"duration":2,"tweenEasing":0,"x":1.1},{"duration":5,"tweenEasing":0,"x":0.9},{"duration":0}]},{"name":"PET6017_zuoer","rotateFrame":[{"duration":6,"tweenEasing":0},{"duration":7,"tweenEasing":0,"rotate":-20.56},{"duration":5,"tweenEasing":0,"rotate":32.76},{"duration":6,"tweenEasing":0,"rotate":-0.13},{"duration":7,"tweenEasing":0,"rotate":-18.24},{"duration":7,"tweenEasing":0,"rotate":35.76},{"duration":6,"tweenEasing":0,"rotate":-18.95},{"duration":0}]},{"name":"bone8","rotateFrame":[{"duration":6,"tweenEasing":0},{"duration":2,"tweenEasing":0,"rotate":12.87},{"duration":9,"tweenEasing":0,"rotate":2.53},{"duration":2,"tweenEasing":0,"rotate":18.18},{"tweenEasing":0,"rotate":25.85},{"duration":4,"tweenEasing":0,"rotate":2.53},{"tweenEasing":0,"rotate":12.87},{"duration":9,"tweenEasing":0,"rotate":2.53},{"duration":2,"tweenEasing":0,"rotate":18.18},{"tweenEasing":0,"rotate":25.85},{"duration":2,"tweenEasing":0,"rotate":2.53},{"duration":5,"tweenEasing":0,"rotate":12.87},{"duration":0}]},{"name":"PET6017_tou","rotateFrame":[{"duration":6,"tweenEasing":0},{"duration":2,"tweenEasing":0,"rotate":-0.34},{"duration":9,"tweenEasing":0,"rotate":-1.19},{"duration":3,"tweenEasing":0,"rotate":-1.23},{"duration":4,"tweenEasing":0,"rotate":-1.19},{"tweenEasing":0,"rotate":-0.34},{"duration":9,"tweenEasing":0,"rotate":-1.19},{"duration":3,"tweenEasing":0,"rotate":-1.23},{"duration":2,"tweenEasing":0,"rotate":-1.19},{"duration":5,"tweenEasing":0,"rotate":-0.34},{"duration":0}]},{"name":"PET6017_youtui1","rotateFrame":[{"duration":6,"tweenEasing":0},{"duration":2,"tweenEasing":0,"rotate":-3.03},{"duration":9,"tweenEasing":0,"rotate":2.18},{"duration":2,"tweenEasing":0,"rotate":24.54},{"tweenEasing":0,"rotate":11.59},{"duration":4,"tweenEasing":0,"rotate":2.18},{"tweenEasing":0,"rotate":-3.03},{"duration":9,"tweenEasing":0,"rotate":2.18},{"duration":2,"tweenEasing":0,"rotate":24.54},{"tweenEasing":0,"rotate":11.59},{"duration":2,"tweenEasing":0,"rotate":2.18},{"duration":5,"tweenEasing":0,"rotate":-3.03},{"duration":0}],"scaleFrame":[{"duration":6,"tweenEasing":0},{"duration":2,"tweenEasing":0,"x":0.9},{"duration":12,"tweenEasing":0},{"duration":4,"tweenEasing":0},{"tweenEasing":0,"x":0.9},{"duration":12,"tweenEasing":0},{"duration":2,"tweenEasing":0},{"duration":5,"tweenEasing":0,"x":0.9},{"duration":0}]},{"name":"PET6017_weiba2","rotateFrame":[{"duration":8},{"duration":9,"tweenEasing":0},{"duration":3,"tweenEasing":0,"rotate":-7.2},{"duration":5},{"duration":9,"tweenEasing":0},{"duration":3,"tweenEasing":0,"rotate":-7.2},{"duration":7}]},{"name":"PET6017_duzi","rotateFrame":[{"duration":8,"tweenEasing":0},{"duration":29,"rotate":-3.93},{"duration":7,"tweenEasing":0,"rotate":-3.93},{"duration":0}]},{"name":"PET6017_weiba1","rotateFrame":[{"duration":6,"tweenEasing":0},{"duration":2,"tweenEasing":0,"rotate":-3.53},{"duration":9,"tweenEasing":0,"rotate":26.25},{"duration":2,"tweenEasing":0,"rotate":31.71},{"tweenEasing":0,"rotate":3.15},{"duration":4,"tweenEasing":0,"rotate":26.25},{"tweenEasing":0,"rotate":-3.53},{"duration":9,"tweenEasing":0,"rotate":26.25},{"duration":2,"tweenEasing":0,"rotate":31.71},{"tweenEasing":0,"rotate":3.15},{"duration":2,"tweenEasing":0,"rotate":26.25},{"duration":5,"tweenEasing":0,"rotate":-3.53},{"duration":0}]},{"name":"PET6017_youer","rotateFrame":[{"duration":6,"tweenEasing":0},{"duration":7,"tweenEasing":0,"rotate":22.93},{"duration":5,"tweenEasing":0,"rotate":-14.02},{"duration":6,"tweenEasing":0,"rotate":-0.05},{"duration":7,"tweenEasing":0,"rotate":23.21},{"duration":7,"tweenEasing":0,"rotate":-14.54},{"duration":6,"tweenEasing":0,"rotate":13.05},{"duration":0}]},{"name":"bone3","rotateFrame":[{"duration":6},{"duration":2,"tweenEasing":0},{"tweenEasing":0,"rotate":2.76},{"duration":8,"tweenEasing":0,"rotate":12.02},{"duration":2,"tweenEasing":0,"rotate":25.18},{"tweenEasing":0,"rotate":-2.06},{"duration":4,"tweenEasing":0,"rotate":2.76},{"tweenEasing":0},{"tweenEasing":0,"rotate":2.76},{"duration":8,"tweenEasing":0,"rotate":12.02},{"duration":2,"tweenEasing":0,"rotate":25.18},{"tweenEasing":0,"rotate":-2.06},{"duration":2,"tweenEasing":0,"rotate":2.76},{"duration":5}]},{"name":"PET6017_zuoshou1","rotateFrame":[{"duration":6,"tweenEasing":0},{"duration":2,"tweenEasing":0,"rotate":-22.26},{"duration":9,"tweenEasing":0,"rotate":20.19},{"duration":3,"tweenEasing":0,"rotate":-29.86},{"duration":4,"tweenEasing":0,"rotate":20.19},{"tweenEasing":0,"rotate":-22.26},{"duration":9,"tweenEasing":0,"rotate":20.19},{"duration":3,"tweenEasing":0,"rotate":-29.86},{"duration":2,"tweenEasing":0,"rotate":20.19},{"duration":5,"tweenEasing":0,"rotate":-22.26},{"duration":0}]},{"name":"bone7","rotateFrame":[{"duration":6,"tweenEasing":0},{"duration":2,"tweenEasing":0,"rotate":24.56},{"duration":9,"tweenEasing":0,"rotate":6.7},{"duration":2,"tweenEasing":0,"rotate":11.65},{"tweenEasing":0,"rotate":36.37},{"duration":4,"tweenEasing":0,"rotate":6.7},{"tweenEasing":0,"rotate":24.56},{"duration":9,"tweenEasing":0,"rotate":6.7},{"duration":2,"tweenEasing":0,"rotate":11.65},{"tweenEasing":0,"rotate":36.37},{"duration":2,"tweenEasing":0,"rotate":6.7},{"duration":5,"tweenEasing":0,"rotate":24.56},{"duration":0}]}],"slot":[{"name":"PET6017_yangjingputong","displayFrame":[{"duration":8,"value":1},{"duration":36}]},{"name":"PET6017_zuiputong","displayFrame":[{"duration":8},{"duration":36,"value":2}]}]}],"defaultActions":[{"gotoAndPlay":"attack"}]}]}