{"width":512,"imagePath":"P6017_tex.png","height":512,"name":"P6017","SubTexture":[{"width":117,"y":201,"height":73,"name":"PET6017_weiba1","x":265},{"width":120,"y":218,"height":24,"name":"pet_yinying","x":1},{"width":40,"y":244,"height":20,"name":"PET6017_zuotui2","x":33},{"y":218,"frameX":-2,"frameHeight":48,"frameY":0,"width":27,"frameWidth":32,"height":44,"name":"PET6017_zuoer","x":215},{"y":264,"frameX":-2,"frameHeight":28,"frameY":-1,"width":39,"frameWidth":43,"height":24,"name":"PET6017_zuoshou2","x":202},{"y":266,"frameX":-4,"frameHeight":28,"frameY":-3,"width":35,"frameWidth":43,"height":20,"name":"PET6017_zuoshou1","x":33},{"width":51,"y":201,"height":70,"name":"PET6017_weiba2","x":455},{"y":244,"frameX":-2,"frameHeight":36,"frameY":-2,"width":30,"frameWidth":35,"height":31,"name":"PET6017_zuotui1","x":1},{"width":69,"y":201,"height":87,"name":"PET6017_duzi","x":384},{"y":273,"frameX":-4,"frameHeight":62,"frameY":0,"width":56,"frameWidth":65,"height":56,"name":"PET6017_tou","x":455},{"y":277,"frameX":-4,"frameHeight":19,"frameY":-3,"width":30,"frameWidth":40,"height":12,"name":"PET6017_yangjingputong","x":1},{"y":283,"frameX":-3,"frameHeight":19,"frameY":-2,"width":33,"frameWidth":40,"height":15,"name":"PET6017_yangjingshouji","x":102},{"y":264,"frameX":-3,"frameHeight":19,"frameY":0,"width":33,"frameWidth":40,"height":17,"name":"PET6017_yangjingsiwang","x":102},{"y":300,"frameX":-1,"frameHeight":19,"frameY":-3,"width":34,"frameWidth":40,"height":11,"name":"PET6017_yangjingxuli","x":70},{"y":289,"frameX":-2,"frameHeight":19,"frameY":-5,"width":32,"frameWidth":40,"height":8,"name":"PET6017_yangjingbiyan","x":33},{"y":275,"frameX":-4,"frameHeight":19,"frameY":-3,"width":30,"frameWidth":40,"height":12,"name":"PET6017_yangjinggongji","x":70},{"width":43,"y":218,"height":38,"name":"PET6017_youtui2","x":170},{"y":218,"frameX":-4,"frameHeight":51,"frameY":-4,"width":45,"frameWidth":53,"height":44,"name":"PET6017_youer","x":123},{"y":258,"frameX":-2,"frameHeight":41,"frameY":0,"width":30,"frameWidth":34,"height":36,"name":"PET6017_youtui1","x":170},{"y":264,"frameX":-4,"frameHeight":25,"frameY":-3,"width":15,"frameWidth":23,"height":19,"name":"PET6017_zuisiwang","x":243},{"y":218,"frameX":-4,"frameHeight":25,"frameY":-3,"width":12,"frameWidth":23,"height":17,"name":"PET6017_zuigongji","x":244},{"y":289,"frameX":-1,"frameHeight":25,"frameY":-6,"width":18,"frameWidth":23,"height":9,"name":"PET6017_zuiputong","x":67},{"y":244,"frameX":-2,"frameHeight":25,"frameY":-2,"width":18,"frameWidth":23,"height":18,"name":"PET6017_zuishengli","x":102},{"y":237,"frameX":-6,"frameHeight":25,"frameY":-2,"width":13,"frameWidth":23,"height":11,"name":"PET6017_zuixuli","x":244},{"y":244,"frameX":-2,"frameHeight":35,"frameY":-3,"width":25,"frameWidth":30,"height":29,"name":"PET6017_youshou","x":75},{"y":1,"frameX":-22,"frameHeight":215,"frameY":-17,"width":235,"frameWidth":262,"height":198,"name":"pet6017_shan2","x":265},{"width":262,"y":1,"height":215,"name":"pet6017_shan1","x":1}]}