{"frameRate":30,"name":"P6006","version":"5.5","compatibleVersion":"5.5","armature":[{"type":"Armature","frameRate":30,"name":"Armature","aabb":{"x":-125.88,"y":-189.72,"width":199.87,"height":199.52},"bone":[{"name":"root"},{"length":52,"name":"PET6006_02_part02_00015","parent":"root","transform":{"x":48.3,"y":-74.52,"skX":9.91,"skY":9.91,"scX":1.5,"scY":1.5}},{"name":"bf","parent":"root","transform":{"x":-0.02,"y":-179.28}},{"name":"bone","parent":"root","transform":{"y":-70.5,"scX":1.2,"scY":1.2}},{"name":"fs","parent":"root","transform":{"x":60.05,"y":-70.41}},{"name":"mz","parent":"root","transform":{"x":-1.07,"y":-59.56}},{"length":32,"name":"yz","parent":"root","transform":{"x":1.51,"y":-3.95,"skX":93.15,"skY":93.15,"scX":1.2,"scY":1.2}},{"length":27,"name":"PET6006_duzi","parent":"bone","transform":{"x":-12.03,"y":36.79,"skX":-49.39,"skY":-49.39}},{"length":31,"name":"PET6006_weiba","parent":"PET6006_duzi","transform":{"x":15.18,"y":-11.34,"skX":-162.19,"skY":-162.19}},{"length":21,"name":"PET6006_youtui1","parent":"PET6006_duzi","transform":{"x":8.44,"y":-17.36,"skX":155.6,"skY":155.6}},{"length":20,"name":"PET6006_zuojiao1","parent":"PET6006_duzi","transform":{"x":25.7,"y":2.98,"skX":108.57,"skY":108.57}},{"length":25,"name":"bone2","parent":"PET6006_duzi","transform":{"x":28.08,"y":0.09,"skX":-42.63,"skY":-42.63}},{"length":16,"name":"PET6006_bozi","parent":"bone2","transform":{"x":26.99,"y":-1.33,"skX":49.13,"skY":49.13}},{"length":51,"name":"PET6006_youchi3","parent":"bone2","transform":{"x":24.23,"y":-17.7,"skX":-20.3,"skY":-20.3}},{"length":20,"name":"PET6006_youshou1","parent":"bone2","transform":{"x":26.86,"y":-8.5,"skX":-122.52,"skY":-122.52}},{"length":19,"name":"PET6006_youtui2","parent":"PET6006_youtui1","transform":{"x":21.78,"y":0.76,"skX":-3.6,"skY":-3.6}},{"length":62,"name":"PET6006_zuochi3","parent":"bone2","transform":{"x":29.97,"y":-2.89,"skX":50.41,"skY":50.41}},{"length":14,"name":"PET6006_zuojiao2","parent":"PET6006_zuojiao1","transform":{"x":20.6,"y":0.47,"skX":36.21,"skY":36.21}},{"length":20,"name":"PET6006_zuoshou1","parent":"bone2","transform":{"x":24.36,"y":7.26,"skX":155.82,"skY":155.82}},{"length":28,"name":"bone3","parent":"PET6006_weiba","transform":{"x":31.25,"y":0.13,"skX":35.02,"skY":35.02}},{"length":17,"name":"bone5","parent":"PET6006_bozi","transform":{"x":16.12,"skX":18.29,"skY":18.29}},{"length":17,"name":"PET6006_zuoshou2","parent":"PET6006_zuoshou1","transform":{"x":21.44,"y":-0.44,"skX":-63.79,"skY":-63.79}},{"length":24,"name":"bone4","parent":"bone3","transform":{"x":28.13,"y":0.13,"skX":41.4,"skY":41.4}},{"length":19,"name":"PET6006_youshou2","parent":"PET6006_youshou1","transform":{"x":20.88,"y":-1.65,"skX":-97.23,"skY":-97.23}},{"length":20,"name":"PET6006_toulu","parent":"bone5","transform":{"x":17.93,"y":-0.21,"skX":-58.24,"skY":-58.24}},{"length":14,"name":"PET6006_xiae","parent":"PET6006_toulu","transform":{"x":-2.09,"y":0.18,"skX":153.61,"skY":153.61}},{"length":10,"name":"PET6006_yanjingputong","parent":"PET6006_toulu","transform":{"x":0.67,"y":7.63,"skX":2.74,"skY":2.74,"scX":1.1,"scY":1.1}}],"slot":[{"name":"pet_yinying","parent":"yz"},{"displayIndex":2,"name":"PET6006_zuochi3","parent":"PET6006_zuochi3"},{"displayIndex":2,"name":"PET6006_youchi3","parent":"PET6006_youchi3"},{"name":"PET6006_weiba","parent":"PET6006_weiba"},{"name":"PET6006_bozi","parent":"PET6006_bozi"},{"name":"PET6006_zuojiao2","parent":"PET6006_zuojiao2"},{"name":"PET6006_zuojiao1","parent":"PET6006_zuojiao1"},{"name":"PET6006_zuoshou1","parent":"PET6006_zuoshou1"},{"name":"PET6006_zuoshou2","parent":"PET6006_zuoshou2"},{"name":"PET6006_xiae","parent":"PET6006_xiae"},{"name":"PET6006_duzi","parent":"PET6006_duzi"},{"name":"PET6006_toulu","parent":"PET6006_toulu"},{"displayIndex":3,"name":"PET6006_yanjingputong","parent":"PET6006_yanjingputong"},{"name":"PET6006_youtui2","parent":"PET6006_youtui2"},{"name":"PET6006_youshou1","parent":"PET6006_youshou1"},{"name":"PET6006_youtui1","parent":"PET6006_youtui1"},{"name":"PET6006_youshou2","parent":"PET6006_youshou2"},{"displayIndex":-1,"name":"PET6006_02_part02_00015","parent":"PET6006_02_part02_00015"}],"skin":[{"slot":[{"name":"PET6006_zuojiao1","display":[{"name":"PET6006_zuojiao1","transform":{"x":13.29,"y":-1.38,"skX":-59.17,"skY":-59.17}}]},{"name":"PET6006_yanjingputong","display":[{"name":"PET6006_yanjingbiyan","transform":{"x":2.44,"y":-1.22,"skX":80.09,"skY":80.09}},{"name":"PET6006_yanjinggongjig","transform":{"x":2.16,"y":-0.89,"skX":80.09,"skY":80.09}},{"name":"PET6006_yanjingputong","transform":{"x":2.3,"y":-1.08,"skX":80.09,"skY":80.09}},{"name":"PET6006_yanjingshengli","transform":{"x":2.3,"y":-1.36,"skX":80.09,"skY":80.09}},{"name":"PET6006_yanjingshouji","transform":{"x":2.05,"y":-1.21,"skX":80.09,"skY":80.09}},{"name":"PET6006_yanjingsiwang","transform":{"x":2.13,"y":-1.39,"skX":80.09,"skY":80.09}}]},{"name":"PET6006_youtui1","display":[{"name":"PET6006_youtui1","transform":{"x":14.74,"y":0.14,"skX":-106.2,"skY":-106.2}}]},{"name":"PET6006_youshou2","display":[{"name":"PET6006_youshou2","transform":{"x":11.83,"y":0.29,"skX":-48.2,"skY":-48.2}}]},{"name":"PET6006_xiae","display":[{"name":"PET6006_xiae","transform":{"x":5.31,"y":-1.63,"skX":-70.77,"skY":-70.77}}]},{"name":"PET6006_duzi","display":[{"type":"mesh","name":"PET6006_duzi","width":60,"height":83,"vertices":[-3.83,-92.03,-10.68,-90.83,-14.54,-88.66,-24.38,-71.91,-27.59,-64.79,-33.23,-53.12,-31.97,-42.15,-29.94,-30.08,-34.9,-17.64,-31.21,-16.67,-6.43,-15.32,6.78,-18.8,19.42,-28.32,22.81,-39.21,22.81,-48.75,22.81,-53.7,22.81,-56.91,18.96,-67.21,20.71,-74.7,17.65,-83.2,18.68,-88.89,6.34,-91.31,7.33,-51.85,-15.22,-26.79],"uvs":[0.62963,0,0.53462,0.01203,0.48102,0.03385,0.3444,0.20202,0.29979,0.27358,0.22149,0.39069,0.23904,0.50097,0.26716,0.62212,0.19831,0.74704,0.24961,0.75679,0.59386,0.77046,0.77746,0.73532,0.95296,0.63969,1,0.53039,1,0.43462,1,0.38485,1,0.35255,0.94656,0.2491,0.97086,0.17396,0.92832,0.08867,0.94251,0.03148,0.77106,0.00708,0.78477,0.40339,0.47157,0.65517],"triangles":[14,22,13,22,12,13,22,14,15,22,15,16,17,22,16,22,11,12,19,17,18,21,0,17,19,21,17,0,22,17,20,21,19,1,2,0,23,10,11,4,5,22,5,6,22,6,23,22,3,4,22,0,2,22,2,3,22,23,11,22,23,9,10,6,7,23,7,9,23,8,9,7],"weights":[2,7,0.00014,12,0.99985,2,7,0.00392,12,0.99607,3,7,0.00968,11,0.0094,12,0.98091,2,7,0.68279,11,0.3172,1,7,1,2,7,0.97253,11,0.02746,3,7,0.8759,11,0.00006,12,0.12402,2,7,0.97984,12,0.02015,1,7,1,2,7,0.99988,12,0.00011,1,7,1,1,7,1,2,7,0.96884,11,0.03115,2,7,0.81249,11,0.1875,2,7,0.4896,11,0.51039,2,7,0.28851,11,0.71148,2,7,0.18788,11,0.81211,2,7,0.00655,11,0.99344,1,11,1,2,11,0.82991,12,0.17008,2,11,0.50708,12,0.49291,1,12,1,2,7,0.5,11,0.5,1,7,1],"slotPose":[1,0,0,1,0,0],"bonePose":[7,0.781088,-0.910989,0.910989,0.781088,-14.436,-26.352,12,0.879194,-0.816712,0.816712,0.879194,4.84231,-84.173898,11,-0.042298,-1.199254,1.199254,-0.042298,7.578942,-51.86228],"edges":[8,9,9,10,10,11,11,12,12,13,13,14,14,15,15,16,16,17,17,18,18,19,19,20,20,21,21,0,0,1,1,2,2,3,3,4,4,5,5,6,6,7,7,8],"userEdges":[]}]},{"name":"PET6006_youtui2","display":[{"name":"PET6006_youtui2","transform":{"x":12.84,"y":0.61,"skX":-102.6,"skY":-102.6}}]},{"name":"PET6006_02_part02_00015","display":[{"name":"PET6006_02_part02_00015","transform":{"x":96.86,"y":-23.7,"skX":-3.6,"skY":-3.6}},{"name":"PET6006_02_part02_00016","transform":{"x":96.86,"y":-23.7,"skX":-3.6,"skY":-3.6}},{"name":"PET6006_02_part02_00017","transform":{"x":96.86,"y":-23.7,"skX":-3.6,"skY":-3.6}},{"name":"PET6006_02_part02_00018","transform":{"x":96.86,"y":-23.7,"skX":-3.6,"skY":-3.6}},{"name":"PET6006_02_part02_00019","transform":{"x":96.86,"y":-23.7,"skX":-3.6,"skY":-3.6}},{"name":"PET6006_02_part02_00020","transform":{"x":96.86,"y":-23.7,"skX":-3.6,"skY":-3.6}},{"name":"PET6006_02_part02_00021","transform":{"x":96.86,"y":-23.7,"skX":-3.6,"skY":-3.6}},{"name":"PET6006_02_part02_00022","transform":{"x":96.86,"y":-23.7,"skX":-3.6,"skY":-3.6}},{"name":"PET6006_02_part02_00023","transform":{"x":96.86,"y":-23.7,"skX":-3.6,"skY":-3.6}},{"name":"PET6006_02_part02_00024","transform":{"x":96.86,"y":-23.7,"skX":-3.6,"skY":-3.6}},{"name":"PET6006_02_part02_00025","transform":{"x":96.86,"y":-23.7,"skX":-3.6,"skY":-3.6}}]},{"name":"PET6006_zuojiao2","display":[{"name":"PET6006_zuojiao2","transform":{"x":9.44,"y":-6.4,"skX":-95.39,"skY":-95.39}}]},{"name":"PET6006_weiba","display":[{"type":"mesh","name":"PET6006_weiba","width":77,"height":47,"vertices":[-99.55,-63.66,-92.51,-50.78,-79.76,-40.02,-73.66,-38.81,-66.88,-37.46,-56.24,-40.65,-48.9,-42.84,-41.01,-46.22,-33.04,-52.47,-20.44,-66.62,-13.07,-65.21,-7.16,-56.84,-7.17,-36.47,-13.94,-25.01,-24.56,-18.77,-33.67,-16.81,-40.84,-15.81,-48.06,-15.81,-56.69,-15.81,-72.13,-19.36,-81.41,-24.75,-87.41,-28.7,-95.75,-39.74,-99.55,-47.53,-44.94,-29.68,-78.63,-31.81],"uvs":[0,0.14632,0.07625,0.37479,0.21417,0.5656,0.28019,0.58699,0.35362,0.61079,0.46866,0.5544,0.54825,0.51538,0.63359,0.45561,0.71988,0.34466,0.85627,0.0936,0.93596,0.1187,1,0.26683,1,0.62836,0.92677,0.83173,0.81183,0.94219,0.71333,0.97709,0.6356,0.99492,0.55744,0.99492,0.46396,0.99492,0.29692,0.93215,0.19635,0.83662,0.13142,0.76645,0.041,0.57062,0,0.43253,0.59116,0.74887,0.22643,0.71121],"triangles":[8,13,12,10,9,11,9,8,11,8,12,11,7,24,14,7,14,13,8,7,13,24,15,14,24,16,15,24,17,16,6,24,7,18,17,24,5,18,24,6,5,24,5,4,18,4,19,18,25,19,4,3,25,4,25,20,19,2,25,3,2,21,25,21,20,25,22,21,2,1,22,2,23,22,1,0,23,1],"weights":[1,22,1,1,22,1,2,19,0.11429,22,0.8857,3,8,0.00002,19,0.71805,22,0.28191,2,19,0.99814,22,0.00185,3,8,0.08258,19,0.9174,22,0.00001,2,8,0.48549,19,0.51449,2,8,0.91319,19,0.0868,1,8,0.99999,1,8,1,1,8,1,1,8,1,1,8,1,1,8,1,2,8,0.99198,19,0.00801,2,8,0.86857,19,0.13142,2,8,0.59708,19,0.40291,2,8,0.24031,19,0.75968,2,8,0.02001,19,0.97997,2,19,0.97975,22,0.02024,2,19,0.55039,22,0.4496,2,19,0.1009,22,0.89909,1,22,1,1,22,1,2,8,0.5,19,0.5,2,19,0.5,22,0.5],"slotPose":[1,0,0,1,0,0],"bonePose":[8,-1.022292,0.628426,-0.628426,-1.022292,-12.909701,-49.038356,22,-0.850894,-0.846155,0.846155,-0.850894,-78.623831,-31.714121,19,-1.197838,-0.072004,0.072004,-1.197838,-44.938014,-29.532932],"edges":[0,23,23,22,22,21,21,20,20,19,19,18,18,17,17,16,16,15,15,14,14,13,13,12,12,11,11,10,10,9,9,8,8,7,7,6,6,5,5,4,4,3,3,2,2,1,1,0],"userEdges":[]}]},{"name":"pet_yinying","display":[{"name":"pet_yinying","transform":{"x":1.61,"y":2.73,"skX":-93.15,"skY":-93.15}}]},{"name":"PET6006_zuoshou1","display":[{"name":"PET6006_zuoshou1","transform":{"x":9.78,"y":-0.43,"skX":-61.54,"skY":-61.54}}]},{"name":"PET6006_zuoshou2","display":[{"name":"PET6006_zuoshou2","transform":{"x":11.81,"y":-3.06}}]},{"name":"PET6006_zuochi3","display":[{"name":"PET6006_zuochi1","transform":{"x":31.88,"y":5.08,"skX":41.61,"skY":41.61}},{"name":"PET6006_zuochi2","transform":{"x":31.88,"y":5.08,"skX":41.61,"skY":41.61}},{"name":"PET6006_zuochi3","transform":{"x":31.88,"y":5.08,"skX":41.61,"skY":41.61}},{"name":"PET6006_zuochi4","transform":{"x":31.88,"y":5.08,"skX":41.61,"skY":41.61}}]},{"name":"PET6006_youchi3","display":[{"name":"PET6006_youchi1","transform":{"x":35.11,"y":-29.46,"skX":112.34,"skY":112.34}},{"name":"PET6006_youchi2","transform":{"x":35.11,"y":-29.46,"skX":112.34,"skY":112.34}},{"name":"PET6006_youchi3","transform":{"x":35.11,"y":-29.46,"skX":112.34,"skY":112.34}},{"name":"PET6006_youchi4","transform":{"x":35.11,"y":-29.46,"skX":112.34,"skY":112.34}}]},{"name":"PET6006_toulu","display":[{"name":"PET6006_toulu","transform":{"x":4.06,"y":5.29,"skX":82.83,"skY":82.83}}]},{"name":"PET6006_bozi","display":[{"type":"mesh","name":"PET6006_bozi","width":52,"height":34,"vertices":[-16.01,-85.72,-12.64,-91.32,3.18,-99.94,10.18,-103.11,16.17,-105.81,27.82,-110.37,33.98,-115.56,42.12,-115.56,46.36,-111.51,46.36,-96.64,38.63,-95.13,34.46,-96.82,27.16,-93.79,24.35,-91.18,20.33,-87.44,13.7,-78.81,9.26,-78.15,2.62,-81.47,0.35,-81.74,-2.88,-74.84,-14.72,-74.76,-16.01,-78.99,18.92,-97.28,4.43,-83.74,38.36,-105.91],"uvs":[0,0.73134,0.05409,0.59425,0.3078,0.38281,0.41992,0.3052,0.51594,0.23875,0.7028,0.12722,0.80155,0,0.9322,0,1,0.09934,1,0.46413,0.87599,0.50131,0.80915,0.45948,0.69217,0.53384,0.64718,0.59786,0.58278,0.68951,0.47644,0.90095,0.40503,0.91722,0.29869,0.83589,0.26223,0.82892,0.21057,0.99854,0.02067,1,0,0.89631,0.56013,0.44813,0.3276,0.78026,0.87162,0.23688],"triangles":[7,24,8,8,24,9,24,10,9,24,11,10,6,24,7,5,11,24,6,5,24,5,12,11,22,12,5,4,22,5,22,13,12,22,14,13,22,23,14,23,15,14,3,2,22,2,23,22,4,3,22,23,16,15,23,17,16,1,18,2,2,18,23,18,17,23,1,0,18,21,19,18,0,21,18,21,20,19],"weights":[1,12,1,1,12,1,2,12,0.99767,20,0.00232,2,12,0.84216,20,0.15783,2,12,0.35539,20,0.64459,1,20,1,2,20,0.39999,24,0.6,1,24,1,1,24,1,1,24,1,1,24,1,1,20,1,2,12,0.12018,20,0.87981,2,12,0.45707,20,0.54292,2,12,0.89976,20,0.10023,1,12,1,1,12,1,1,12,1,1,12,1,1,12,1,1,12,1,1,12,1,2,12,0.5,20,0.5,1,12,1,1,24,1],"slotPose":[1,0,0,1,0,0],"bonePose":[12,0.879194,-0.816712,0.816712,0.879194,4.84231,-84.173898,20,1.091083,-0.499537,0.499537,1.091083,19.014918,-97.339289,24,0.149569,-1.190642,1.190642,0.149569,38.47314,-106.525114],"edges":[0,21,21,20,20,19,19,18,18,17,17,16,16,15,15,14,14,13,13,12,12,11,11,10,10,9,9,8,8,7,7,6,6,5,5,4,4,3,3,2,2,1,1,0],"userEdges":[]}]},{"name":"PET6006_youshou1","display":[{"name":"PET6006_youshou1","transform":{"x":9.74,"y":0.66,"skX":-145.43,"skY":-145.43}}]}]}],"animation":[{"duration":56,"name":"attack","bone":[{"name":"bone2","rotateFrame":[{"duration":6,"tweenEasing":0},{"tweenEasing":0,"rotate":2.96},{"duration":6,"tweenEasing":0},{"duration":6,"tweenEasing":0,"rotate":12.85},{"duration":6,"tweenEasing":0,"rotate":11.88},{"duration":3,"tweenEasing":0,"rotate":14.77},{"duration":3,"tweenEasing":0,"rotate":-4.27},{"tweenEasing":0,"rotate":-8.08},{"duration":6,"tweenEasing":0,"rotate":44.42},{"duration":8,"tweenEasing":0,"rotate":49.51},{"duration":2,"tweenEasing":0,"rotate":44.98},{"tweenEasing":0,"rotate":27.4},{"tweenEasing":0},{"duration":6,"tweenEasing":0,"rotate":2.96},{"duration":0}]},{"name":"PET6006_weiba","rotateFrame":[{"duration":6,"tweenEasing":0},{"duration":7,"tweenEasing":0,"rotate":-3.7},{"duration":6,"tweenEasing":0,"rotate":-17.1},{"duration":6,"tweenEasing":0,"rotate":22.81},{"duration":6,"tweenEasing":0,"rotate":7.48},{"tweenEasing":0,"rotate":30.51},{"duration":3,"tweenEasing":0,"rotate":22.08},{"duration":3,"tweenEasing":0,"rotate":28.78},{"duration":8,"tweenEasing":0,"rotate":17.74},{"duration":2,"tweenEasing":0,"rotate":24.6},{"duration":2,"tweenEasing":0,"rotate":39.46},{"duration":6,"tweenEasing":0,"rotate":-3.7},{"duration":0}]},{"name":"bone5","rotateFrame":[{"duration":6,"tweenEasing":0},{"tweenEasing":0,"rotate":9.48},{"duration":6,"tweenEasing":0},{"duration":6,"tweenEasing":0,"rotate":-4.67},{"duration":6,"tweenEasing":0,"rotate":-13.61},{"duration":3,"tweenEasing":0,"rotate":-7.14},{"duration":3,"tweenEasing":0,"rotate":-16.52},{"tweenEasing":0,"rotate":-18.39},{"duration":6,"tweenEasing":0,"rotate":5.45},{"duration":8,"tweenEasing":0,"rotate":2.19},{"duration":2,"tweenEasing":0,"rotate":9.17},{"tweenEasing":0,"rotate":-28.66},{"tweenEasing":0},{"duration":6,"tweenEasing":0,"rotate":9.48},{"duration":0}]},{"name":"bone4","rotateFrame":[{"duration":6,"tweenEasing":0},{"duration":7,"tweenEasing":0,"rotate":10.86},{"duration":6,"tweenEasing":0,"rotate":-0.52},{"duration":6,"tweenEasing":0,"rotate":16.76},{"duration":6,"tweenEasing":0,"rotate":-16.5},{"tweenEasing":0,"rotate":1.78},{"duration":3,"tweenEasing":0,"rotate":-15.33},{"duration":3,"tweenEasing":0,"rotate":-7.64},{"duration":8,"tweenEasing":0,"rotate":-17.69},{"duration":2,"tweenEasing":0,"rotate":-10.83},{"duration":2,"tweenEasing":0,"rotate":4.02},{"duration":6,"tweenEasing":0,"rotate":10.86},{"duration":0}]},{"name":"yz","scaleFrame":[{"duration":6,"tweenEasing":0},{"duration":7,"tweenEasing":0,"y":1.1},{"duration":6,"tweenEasing":0,"y":0.8},{"duration":6,"tweenEasing":0,"y":0.85},{"duration":6,"tweenEasing":0,"y":0.8},{"tweenEasing":0,"y":0.85},{"duration":5,"tweenEasing":0,"y":0.95},{"duration":8,"tweenEasing":0,"y":0.9},{"duration":5,"tweenEasing":0,"y":0.95},{"duration":6,"tweenEasing":0,"y":1.1},{"duration":0}]},{"name":"PET6006_toulu","rotateFrame":[{"duration":6,"tweenEasing":0},{"duration":7,"tweenEasing":0,"rotate":-3.77},{"duration":6,"tweenEasing":0,"rotate":-6.53},{"duration":6,"tweenEasing":0,"rotate":4.36},{"duration":6,"tweenEasing":0,"rotate":8.43},{"tweenEasing":0,"rotate":12.29},{"duration":6,"tweenEasing":0,"rotate":-47.91},{"duration":8,"tweenEasing":0,"rotate":-49.19},{"duration":2,"tweenEasing":0,"rotate":-45.8},{"duration":2,"tweenEasing":0,"rotate":10.69},{"duration":6,"tweenEasing":0,"rotate":-3.77},{"duration":0}]},{"name":"PET6006_zuoshou1","rotateFrame":[{"duration":6,"tweenEasing":0},{"duration":7,"tweenEasing":0,"rotate":11.8},{"duration":6,"tweenEasing":0,"rotate":2.42},{"duration":6,"tweenEasing":0,"rotate":18.31},{"duration":6,"tweenEasing":0,"rotate":23.65},{"tweenEasing":0,"rotate":-29.42},{"duration":6,"tweenEasing":0,"rotate":38.12},{"duration":8,"tweenEasing":0,"rotate":42.68},{"duration":2,"tweenEasing":0,"rotate":36.81},{"duration":2,"tweenEasing":0,"rotate":0.86},{"duration":6,"tweenEasing":0,"rotate":11.8},{"duration":0}]},{"name":"bone","translateFrame":[{"duration":6,"tweenEasing":0},{"tweenEasing":0,"x":-2,"y":5},{"tweenEasing":0,"y":-7},{"duration":5,"tweenEasing":0,"y":-20},{"duration":6,"tweenEasing":0,"x":8.88,"y":-30},{"duration":6,"tweenEasing":0,"x":8.88,"y":-25},{"duration":3,"tweenEasing":0,"x":8.88,"y":-33},{"duration":3,"tweenEasing":0,"x":-10.71,"y":-30},{"tweenEasing":0,"x":-14.63,"y":-35},{"tweenEasing":0,"x":8.88,"y":-30},{"tweenEasing":0,"y":-30},{"duration":4,"tweenEasing":0,"x":8.88,"y":-30},{"duration":8,"tweenEasing":0,"x":8.88,"y":-35},{"duration":2,"tweenEasing":0,"x":8.88,"y":-30},{"tweenEasing":0,"x":8.88,"y":-45.4},{"tweenEasing":0,"y":-7},{"duration":6,"tweenEasing":0,"x":-2,"y":5},{"duration":0}],"rotateFrame":[{"duration":7,"tweenEasing":0},{"tweenEasing":0},{"duration":40,"tweenEasing":0,"rotate":10.16},{"tweenEasing":0,"rotate":10.16},{"duration":7}]},{"name":"PET6006_xiae","rotateFrame":[{"duration":6,"tweenEasing":0},{"duration":7,"tweenEasing":0,"rotate":3.18},{"duration":18,"tweenEasing":0,"rotate":-8.74},{"tweenEasing":0,"rotate":-12.88},{"duration":6,"tweenEasing":0,"rotate":7.09},{"duration":8,"tweenEasing":0,"rotate":17.22},{"duration":2,"tweenEasing":0,"rotate":9.53},{"duration":2,"tweenEasing":0,"rotate":11.82},{"duration":6,"tweenEasing":0,"rotate":3.18},{"duration":0}]},{"name":"PET6006_youtui1","rotateFrame":[{"duration":6,"tweenEasing":0},{"tweenEasing":0,"rotate":-10.68},{"duration":6,"tweenEasing":0,"rotate":-10.95},{"duration":6,"tweenEasing":0,"rotate":-18.19},{"duration":6,"tweenEasing":0,"rotate":-7.34},{"duration":6,"tweenEasing":0,"rotate":-24.48},{"tweenEasing":0,"rotate":-21.56},{"duration":3,"tweenEasing":0,"rotate":-3.82},{"duration":3,"tweenEasing":0,"rotate":21.53},{"duration":8,"tweenEasing":0,"rotate":12},{"duration":2,"tweenEasing":0,"rotate":0.84},{"tweenEasing":0,"rotate":-3.6},{"tweenEasing":0,"rotate":-10.95},{"duration":6,"tweenEasing":0,"rotate":-10.68},{"duration":0}]},{"name":"PET6006_youtui2","translateFrame":[{"duration":6,"tweenEasing":0},{"tweenEasing":0,"x":-5.49,"y":3.01},{"duration":42,"tweenEasing":0},{"tweenEasing":0},{"duration":6,"tweenEasing":0,"x":-5.49,"y":3.01},{"duration":0}],"rotateFrame":[{"duration":6,"tweenEasing":0},{"tweenEasing":0,"rotate":9.33},{"duration":6,"tweenEasing":0,"rotate":15.52},{"duration":6,"tweenEasing":0,"rotate":38.69},{"duration":6,"tweenEasing":0,"rotate":53.28},{"duration":6,"tweenEasing":0,"rotate":48.09},{"tweenEasing":0,"rotate":51.01},{"duration":3,"tweenEasing":0,"rotate":31.44},{"duration":3,"tweenEasing":0,"rotate":54.8},{"duration":8,"tweenEasing":0,"rotate":43.25},{"duration":2,"tweenEasing":0,"rotate":52.33},{"tweenEasing":0,"rotate":35.87},{"tweenEasing":0,"rotate":15.52},{"duration":6,"tweenEasing":0,"rotate":9.33},{"duration":0}]},{"name":"PET6006_zuojiao1","rotateFrame":[{"duration":6,"tweenEasing":0},{"tweenEasing":0,"rotate":-14.11},{"duration":6,"tweenEasing":0,"rotate":26.44},{"duration":6,"tweenEasing":0,"rotate":38.3},{"duration":6,"tweenEasing":0,"rotate":30.56},{"duration":3,"tweenEasing":0,"rotate":38.99},{"duration":3,"tweenEasing":0,"rotate":34.46},{"tweenEasing":0,"rotate":33.56},{"duration":3,"tweenEasing":0,"rotate":9.13},{"duration":3,"tweenEasing":0,"rotate":46.97},{"duration":8,"tweenEasing":0,"rotate":25.01},{"duration":2,"tweenEasing":0,"rotate":27.95},{"tweenEasing":0,"rotate":26.13},{"tweenEasing":0,"rotate":26.44},{"duration":6,"tweenEasing":0,"rotate":-14.11},{"duration":0}]},{"name":"PET6006_zuojiao2","translateFrame":[{"duration":6,"tweenEasing":0},{"tweenEasing":0,"x":-2.54,"y":0.19},{"duration":42,"tweenEasing":0},{"tweenEasing":0},{"duration":6,"tweenEasing":0,"x":-2.54,"y":0.19},{"duration":0}],"rotateFrame":[{"duration":6,"tweenEasing":0},{"tweenEasing":0,"rotate":14.46},{"duration":6,"tweenEasing":0,"rotate":-12.05},{"duration":6,"tweenEasing":0,"rotate":-1.3},{"duration":6,"tweenEasing":0,"rotate":-1.76},{"duration":6,"tweenEasing":0,"rotate":15.05},{"tweenEasing":0,"rotate":9.61},{"duration":3,"tweenEasing":0,"rotate":69.09},{"duration":3,"tweenEasing":0,"rotate":47.38},{"duration":8,"tweenEasing":0,"rotate":42.19},{"duration":2,"tweenEasing":0,"rotate":45.13},{"tweenEasing":0,"rotate":5.26},{"tweenEasing":0,"rotate":-12.05},{"duration":6,"tweenEasing":0,"rotate":14.46},{"duration":0}]},{"name":"PET6006_zuoshou2","rotateFrame":[{"duration":6,"tweenEasing":0},{"duration":7,"tweenEasing":0,"rotate":-18.67},{"duration":6,"tweenEasing":0,"rotate":-43.47},{"duration":6,"tweenEasing":0,"rotate":-58.3},{"duration":6,"tweenEasing":0,"rotate":-39.59},{"tweenEasing":0,"rotate":-17.9},{"duration":6,"tweenEasing":0,"rotate":-50.77},{"duration":8,"tweenEasing":0,"rotate":-23.84},{"duration":4,"tweenEasing":0,"rotate":-29.71},{"duration":6,"tweenEasing":0,"rotate":-18.67},{"duration":0}]},{"name":"bone3","rotateFrame":[{"duration":6,"tweenEasing":0},{"duration":7,"tweenEasing":0,"rotate":21.73},{"duration":6,"tweenEasing":0,"rotate":12.58},{"duration":6,"tweenEasing":0,"rotate":14.01},{"duration":6,"tweenEasing":0,"rotate":-6.83},{"tweenEasing":0,"rotate":6.08},{"duration":3,"tweenEasing":0,"rotate":-6.42},{"duration":3,"tweenEasing":0,"rotate":1.4},{"duration":8,"tweenEasing":0,"rotate":-8.5},{"duration":2,"tweenEasing":0,"rotate":-1.64},{"duration":2,"tweenEasing":0,"rotate":13.21},{"duration":6,"tweenEasing":0,"rotate":21.73},{"duration":0}]},{"name":"PET6006_youshou2","rotateFrame":[{"duration":6,"tweenEasing":0},{"duration":7,"tweenEasing":0,"rotate":-14.19},{"duration":6,"tweenEasing":0,"rotate":21.35},{"duration":6,"tweenEasing":0,"rotate":-29.68},{"duration":6,"tweenEasing":0,"rotate":-11.75},{"tweenEasing":0,"rotate":23.33},{"duration":6,"tweenEasing":0,"rotate":44.58},{"duration":8,"tweenEasing":0,"rotate":66.92},{"duration":2,"tweenEasing":0,"rotate":51.43},{"duration":2,"tweenEasing":0,"rotate":43.87},{"duration":6,"tweenEasing":0,"rotate":-14.19},{"duration":0}]},{"name":"PET6006_youshou1","rotateFrame":[{"duration":6,"tweenEasing":0},{"duration":7,"tweenEasing":0,"rotate":20.24},{"duration":6,"tweenEasing":0,"rotate":-38.24},{"duration":6,"tweenEasing":0,"rotate":-22.27},{"duration":6,"tweenEasing":0,"rotate":-18.56},{"tweenEasing":0,"rotate":-112.54},{"duration":6,"tweenEasing":0,"rotate":11.05},{"duration":8,"tweenEasing":0,"rotate":14.38},{"duration":2,"tweenEasing":0,"rotate":-1.1},{"duration":2,"tweenEasing":0,"rotate":16.61},{"duration":6,"tweenEasing":0,"rotate":20.24},{"duration":0}]},{"name":"PET6006_bozi","rotateFrame":[{"duration":6,"tweenEasing":0},{"tweenEasing":0,"rotate":8.61},{"duration":6,"tweenEasing":0},{"duration":6,"tweenEasing":0,"rotate":5.49},{"duration":6,"tweenEasing":0,"rotate":-8.07},{"duration":3,"tweenEasing":0,"rotate":-5.03},{"duration":3,"tweenEasing":0,"rotate":-33.8},{"tweenEasing":0,"rotate":-39.56},{"duration":6,"tweenEasing":0,"rotate":-7.53},{"duration":8,"tweenEasing":0,"rotate":-3.18},{"duration":2,"tweenEasing":0,"rotate":-6.33},{"tweenEasing":0,"rotate":-28.58},{"tweenEasing":0},{"duration":6,"tweenEasing":0,"rotate":8.61},{"duration":0}]},{"name":"PET6006_duzi","rotateFrame":[{"duration":7},{"duration":6,"tweenEasing":0},{"duration":18,"tweenEasing":0,"rotate":-26.6},{"duration":15,"tweenEasing":0,"rotate":-30.63},{"duration":2,"tweenEasing":0,"rotate":-27.65},{"tweenEasing":0,"rotate":-33.95},{"duration":7}]},{"name":"fs","translateFrame":[{"duration":56,"x":15,"y":-29.99}]}],"slot":[{"name":"PET6006_yanjingputong","displayFrame":[{"duration":6,"value":2},{"duration":26},{"duration":18,"value":1},{"duration":6,"value":5},{"duration":0,"value":2}]},{"name":"PET6006_youchi3","displayFrame":[{"duration":2,"value":2},{"duration":2,"value":3},{"duration":2},{"duration":2,"value":1},{"duration":2,"value":2},{"duration":2,"value":3},{"duration":2},{"duration":2,"value":1},{"duration":2,"value":2},{"duration":2,"value":3},{"duration":2},{"duration":2,"value":1},{"duration":2,"value":2},{"duration":2,"value":3},{"duration":2},{"value":1},{"value":2},{"value":3},{},{"value":1},{"value":2},{"value":3},{},{"value":1},{"value":2},{"value":3},{},{"value":1},{"value":2},{"value":3},{},{"value":1},{"value":2},{"value":3},{},{"value":1},{"value":2},{"value":3},{},{"value":1},{"value":2}]},{"name":"PET6006_zuochi3","displayFrame":[{"duration":2,"value":2},{"duration":2,"value":3},{"duration":2},{"duration":2,"value":1},{"duration":2,"value":2},{"duration":2,"value":3},{"duration":2},{"duration":2,"value":1},{"duration":2,"value":2},{"duration":2,"value":3},{"duration":2},{"duration":2,"value":1},{"duration":2,"value":2},{"duration":2,"value":3},{"duration":2},{"value":1},{"value":2},{"value":3},{},{"value":1},{"value":2},{"value":3},{},{"value":1},{"value":2},{"value":3},{},{"value":1},{"value":2},{"value":3},{},{"value":1},{"value":2},{"value":3},{},{"value":1},{"value":2},{"value":3},{},{"value":1},{"value":2}]}]},{"duration":38,"name":"dead","bone":[{"name":"PET6006_weiba","rotateFrame":[{"duration":8,"tweenEasing":0},{"duration":8,"tweenEasing":0,"rotate":-3.7},{"duration":2,"tweenEasing":0,"rotate":-7.18},{"duration":2,"tweenEasing":0,"rotate":23.88},{"tweenEasing":0,"rotate":-40.38},{"duration":5,"tweenEasing":0,"rotate":-18.95},{"duration":5,"tweenEasing":0,"rotate":-17.11},{"duration":7,"tweenEasing":0,"rotate":-20.84},{"duration":0,"rotate":-18.95}]},{"name":"PET6006_zuojiao2","translateFrame":[{"duration":8,"tweenEasing":0},{"duration":8,"tweenEasing":0,"x":-1.25,"y":0.51},{"duration":22}],"rotateFrame":[{"duration":8,"tweenEasing":0},{"duration":8,"tweenEasing":0,"rotate":9.97},{"duration":2,"tweenEasing":0,"rotate":-8.46},{"duration":3,"tweenEasing":0,"rotate":-6.81},{"duration":5,"tweenEasing":0,"rotate":12.6},{"duration":5,"tweenEasing":0,"rotate":17.55},{"duration":7,"tweenEasing":0,"rotate":7.51},{"duration":0,"rotate":12.6}]},{"name":"bone4","rotateFrame":[{"duration":8,"tweenEasing":0},{"duration":8,"tweenEasing":0,"rotate":-11.43},{"duration":2,"tweenEasing":0,"rotate":-4.2},{"duration":2,"tweenEasing":0,"rotate":-5.75},{"tweenEasing":0,"rotate":-7.54},{"duration":5,"tweenEasing":0,"rotate":-12.96},{"duration":5,"tweenEasing":0,"rotate":-11.12},{"duration":7,"tweenEasing":0,"rotate":-14.84},{"duration":0,"rotate":-12.96}]},{"name":"PET6006_youchi3","rotateFrame":[{"duration":8,"tweenEasing":0},{"duration":8,"tweenEasing":0,"rotate":8.03},{"duration":2,"tweenEasing":0,"rotate":-15.17},{"duration":3,"tweenEasing":0,"rotate":-48.79},{"duration":5,"tweenEasing":0,"rotate":-123.7},{"duration":5,"tweenEasing":0,"rotate":-122.66},{"duration":7,"tweenEasing":0,"rotate":-124.18},{"duration":0,"rotate":-123.7}]},{"name":"PET6006_youtui2","translateFrame":[{"duration":8,"tweenEasing":0},{"duration":8,"tweenEasing":0,"x":-2.82,"y":2.3},{"duration":4,"tweenEasing":0,"x":3.07,"y":-0.48},{"tweenEasing":0,"x":3.07,"y":-0.48},{"duration":17}],"rotateFrame":[{"duration":8,"tweenEasing":0},{"duration":8,"tweenEasing":0,"rotate":9.76},{"duration":2,"tweenEasing":0,"rotate":-4.02},{"duration":2,"tweenEasing":0,"rotate":37.97},{"tweenEasing":0,"rotate":73.32},{"duration":5,"tweenEasing":0,"rotate":2},{"duration":5,"tweenEasing":0,"rotate":4.73},{"duration":7,"tweenEasing":0,"rotate":1.48},{"duration":0,"rotate":2}]},{"name":"PET6006_bozi","rotateFrame":[{"duration":8,"tweenEasing":0},{"duration":8,"tweenEasing":0,"rotate":3.2},{"duration":2,"tweenEasing":0,"rotate":-13.35},{"duration":2,"tweenEasing":0,"rotate":-39.79},{"tweenEasing":0,"rotate":-4.3},{"duration":5,"tweenEasing":0,"rotate":-20.76},{"duration":5,"tweenEasing":0,"rotate":-21.83},{"duration":7,"tweenEasing":0,"rotate":-20.31},{"duration":0,"rotate":-20.76}]},{"name":"bone","translateFrame":[{"duration":8,"tweenEasing":0},{"duration":8,"tweenEasing":0,"x":-2,"y":3},{"duration":2,"tweenEasing":0,"y":-3},{"duration":2,"tweenEasing":0,"x":-0.24,"y":-8.38},{"tweenEasing":0,"x":-0.81,"y":22.7},{"duration":5,"tweenEasing":0,"y":47},{"duration":5,"tweenEasing":0,"y":44},{"duration":7,"tweenEasing":0,"y":46},{"duration":0,"y":47}],"rotateFrame":[{"duration":16,"tweenEasing":0},{"duration":2,"tweenEasing":0},{"duration":2,"tweenEasing":0,"rotate":-38.08},{"tweenEasing":0,"rotate":-96.38},{"duration":17,"rotate":-120.08}]},{"name":"PET6006_youtui1","rotateFrame":[{"duration":8,"tweenEasing":0},{"duration":8,"tweenEasing":0,"rotate":-10.68},{"duration":2,"tweenEasing":0,"rotate":1.67},{"duration":2,"tweenEasing":0,"rotate":-9.58},{"tweenEasing":0,"rotate":2.53},{"duration":5,"tweenEasing":0,"rotate":2},{"duration":5,"tweenEasing":0,"rotate":4.73},{"duration":7,"tweenEasing":0,"rotate":1.48},{"duration":0,"rotate":2}]},{"name":"PET6006_zuoshou2","rotateFrame":[{"duration":8,"tweenEasing":0},{"duration":8,"tweenEasing":0,"rotate":5.12},{"duration":5,"tweenEasing":0,"rotate":27.5},{"duration":17,"rotate":52.95}]},{"name":"PET6006_zuoshou1","rotateFrame":[{"duration":8,"tweenEasing":0},{"duration":8,"tweenEasing":0,"rotate":4.39},{"duration":5,"tweenEasing":0,"rotate":15.84},{"duration":17,"rotate":41.29}]},{"name":"PET6006_xiae","rotateFrame":[{"duration":8,"tweenEasing":0},{"duration":8,"tweenEasing":0,"rotate":-16.59},{"duration":2,"tweenEasing":0,"rotate":11.91},{"duration":3,"tweenEasing":0,"rotate":-16.72},{"duration":17,"rotate":-13.92}]},{"name":"PET6006_zuochi3","rotateFrame":[{"duration":8,"tweenEasing":0},{"duration":8,"tweenEasing":0,"rotate":-8.68},{"duration":4,"tweenEasing":0,"rotate":25.64},{"tweenEasing":0,"rotate":-33.3},{"duration":6,"tweenEasing":0,"rotate":-58.15},{"duration":6,"tweenEasing":0,"rotate":-61.54},{"duration":5,"tweenEasing":0,"rotate":-56.91},{"duration":0,"rotate":-58.15}]},{"name":"PET6006_youshou2","rotateFrame":[{"duration":8,"tweenEasing":0},{"duration":8,"tweenEasing":0,"rotate":7.79},{"duration":5,"tweenEasing":0,"rotate":27.35},{"duration":17,"rotate":54.78}]},{"name":"yz","translateFrame":[{"duration":18,"tweenEasing":0},{"duration":3,"tweenEasing":0},{"duration":17,"x":19.46,"y":2.62}],"rotateFrame":[{"duration":18,"tweenEasing":0},{"duration":3,"tweenEasing":0},{"duration":17,"rotate":-1.78}],"scaleFrame":[{"duration":8,"tweenEasing":0},{"duration":7,"y":1.1},{"duration":3,"tweenEasing":0,"y":1.1},{"duration":3,"tweenEasing":0,"y":1.2},{"duration":5,"tweenEasing":0,"y":1.9},{"duration":5,"tweenEasing":0,"y":1.8},{"duration":7,"tweenEasing":0,"y":1.9},{"duration":0,"y":1.8}]},{"name":"bone2","rotateFrame":[{"duration":8,"tweenEasing":0},{"duration":8,"tweenEasing":0,"rotate":2.96},{"duration":4,"tweenEasing":0,"rotate":-2.18},{"tweenEasing":0,"rotate":6.54},{"duration":17,"rotate":-2.18}]},{"name":"bone5","rotateFrame":[{"duration":8,"tweenEasing":0},{"duration":8,"tweenEasing":0,"rotate":4.07},{"duration":2,"tweenEasing":0,"rotate":-12.48},{"duration":2,"tweenEasing":0,"rotate":-16.52},{"tweenEasing":0,"rotate":4.02},{"duration":5,"tweenEasing":0,"rotate":-19.89},{"duration":5,"tweenEasing":0,"rotate":-20.96},{"duration":7,"tweenEasing":0,"rotate":-19.44},{"duration":0,"rotate":-19.89}]},{"name":"PET6006_zuojiao1","translateFrame":[{"duration":8,"tweenEasing":0},{"duration":8,"tweenEasing":0},{"duration":2,"tweenEasing":0,"x":-0.86,"y":1.03},{"duration":3,"tweenEasing":0,"x":-0.86,"y":1.03},{"duration":17}],"rotateFrame":[{"duration":8,"tweenEasing":0},{"duration":8,"tweenEasing":0,"rotate":-10.49},{"duration":2,"tweenEasing":0,"rotate":5.96},{"duration":3,"tweenEasing":0,"rotate":45.69},{"duration":5,"tweenEasing":0,"rotate":54.73},{"duration":5,"tweenEasing":0,"rotate":59.68},{"duration":7,"tweenEasing":0,"rotate":49.64},{"duration":0,"rotate":54.73}]},{"name":"bone3","rotateFrame":[{"duration":8,"tweenEasing":0},{"duration":8,"tweenEasing":0,"rotate":-22.46},{"duration":2,"tweenEasing":0,"rotate":-19.19},{"duration":2,"tweenEasing":0,"rotate":2.4},{"tweenEasing":0,"rotate":8.91},{"duration":5,"tweenEasing":0,"rotate":-36.16},{"duration":5,"tweenEasing":0,"rotate":-34.32},{"duration":7,"tweenEasing":0,"rotate":-38.04},{"duration":0,"rotate":-36.16}]},{"name":"PET6006_youshou1","rotateFrame":[{"duration":8,"tweenEasing":0},{"duration":8,"tweenEasing":0,"rotate":11.03},{"duration":22,"rotate":0.63}]},{"name":"PET6006_toulu","rotateFrame":[{"duration":8,"tweenEasing":0},{"duration":8,"tweenEasing":0,"rotate":-3.77},{"duration":2,"tweenEasing":0,"rotate":4.87},{"duration":3,"tweenEasing":0,"rotate":-7.65},{"duration":17,"rotate":4.87}]}],"slot":[{"name":"PET6006_yanjingputong","displayFrame":[{"duration":8,"value":2},{"duration":30,"value":5}]},{"name":"PET6006_youchi3","displayFrame":[{"duration":18,"value":2},{"duration":20,"value":3},{"duration":0,"value":2}]},{"name":"PET6006_zuochi3","displayFrame":[{"duration":18,"value":2},{"duration":20,"value":1},{"duration":0,"value":2}]}]},{"duration":24,"name":"hurt","bone":[{"name":"PET6006_zuojiao2","translateFrame":[{"duration":4,"tweenEasing":0},{"duration":2,"tweenEasing":0,"x":-1.25,"y":0.51},{"duration":18}],"rotateFrame":[{"duration":4,"tweenEasing":0},{"duration":2,"tweenEasing":0,"rotate":9.97},{"duration":11,"tweenEasing":0,"rotate":43.19},{"duration":7,"tweenEasing":0,"rotate":16.14},{"duration":0}]},{"name":"PET6006_youtui1","rotateFrame":[{"duration":4,"tweenEasing":0},{"duration":2,"tweenEasing":0,"rotate":-10.68},{"duration":11,"tweenEasing":0,"rotate":-6.02},{"duration":7,"tweenEasing":0,"rotate":-17.79},{"duration":0}]},{"name":"PET6006_zuojiao1","rotateFrame":[{"duration":4,"tweenEasing":0},{"duration":2,"tweenEasing":0,"rotate":-10.49},{"duration":11,"tweenEasing":0,"rotate":-4.69},{"duration":7,"tweenEasing":0,"rotate":-22.5},{"duration":0}]},{"name":"PET6006_duzi","rotateFrame":[{"duration":4},{"duration":2,"tweenEasing":0},{"duration":11,"rotate":-7.67},{"duration":7,"tweenEasing":0,"rotate":-7.67},{"duration":0}]},{"name":"PET6006_bozi","rotateFrame":[{"duration":4,"tweenEasing":0},{"duration":2,"tweenEasing":0,"rotate":3.2},{"duration":11,"tweenEasing":0,"rotate":-13.98},{"duration":7,"tweenEasing":0,"rotate":-23.41},{"duration":0}]},{"name":"bone2","rotateFrame":[{"duration":4,"tweenEasing":0},{"duration":2,"tweenEasing":0,"rotate":2.96},{"duration":11,"tweenEasing":0,"rotate":-6.81},{"duration":7,"tweenEasing":0,"rotate":-12.16},{"duration":0}]},{"name":"bone5","rotateFrame":[{"duration":4,"tweenEasing":0},{"duration":2,"tweenEasing":0,"rotate":4.07},{"duration":11,"tweenEasing":0,"rotate":6.75},{"duration":7,"tweenEasing":0,"rotate":5.58},{"duration":0}]},{"name":"PET6006_youtui2","translateFrame":[{"duration":4,"tweenEasing":0},{"duration":2,"tweenEasing":0,"x":-2.82,"y":2.3},{"duration":11,"tweenEasing":0},{"duration":7,"tweenEasing":0,"x":-1.89,"y":-0.3},{"duration":0}],"rotateFrame":[{"duration":4,"tweenEasing":0},{"duration":2,"tweenEasing":0,"rotate":9.76},{"duration":11,"tweenEasing":0,"rotate":17.99},{"duration":7,"tweenEasing":0,"rotate":26.14},{"duration":0}]},{"name":"bone","translateFrame":[{"duration":4,"tweenEasing":0},{"duration":2,"tweenEasing":0,"x":-2,"y":3},{"duration":11,"tweenEasing":0,"x":-10},{"duration":7,"tweenEasing":0,"x":-20},{"duration":0}]},{"name":"PET6006_zuochi3","rotateFrame":[{"duration":4,"tweenEasing":0},{"duration":2,"tweenEasing":0,"rotate":-13.73},{"duration":11,"tweenEasing":0,"rotate":5.11},{"duration":7,"tweenEasing":0,"rotate":15.37},{"duration":0}]},{"name":"PET6006_toulu","rotateFrame":[{"duration":4,"tweenEasing":0},{"duration":2,"tweenEasing":0,"rotate":-3.77},{"duration":11,"tweenEasing":0,"rotate":10.15},{"duration":7,"tweenEasing":0,"rotate":8.01},{"duration":0}]},{"name":"PET6006_zuoshou1","rotateFrame":[{"duration":4,"tweenEasing":0},{"duration":2,"tweenEasing":0,"rotate":-6.94},{"duration":10,"tweenEasing":0,"rotate":-9.36},{"duration":8,"tweenEasing":0,"rotate":18.94},{"duration":0}]},{"name":"PET6006_youchi3","rotateFrame":[{"duration":4,"tweenEasing":0},{"duration":2,"tweenEasing":0,"rotate":16.37},{"duration":11,"tweenEasing":0,"rotate":-3.14},{"duration":7,"tweenEasing":0,"rotate":-21.71},{"duration":0}]},{"name":"yz","translateFrame":[{"duration":4,"tweenEasing":0},{"duration":2,"tweenEasing":0},{"duration":11,"tweenEasing":0,"x":-10.27},{"duration":7,"tweenEasing":0,"x":-16.88},{"duration":0}],"scaleFrame":[{"duration":4,"tweenEasing":0},{"duration":2,"tweenEasing":0,"y":1.1},{"duration":11,"tweenEasing":0,"y":1.09},{"duration":7,"tweenEasing":0,"y":0.9},{"duration":0}]},{"name":"bone3","rotateFrame":[{"duration":4,"tweenEasing":0},{"duration":4,"tweenEasing":0,"rotate":-22.46},{"duration":9,"tweenEasing":0,"rotate":12.71},{"duration":7,"tweenEasing":0,"rotate":-20.5},{"duration":0}]},{"name":"PET6006_zuoshou2","rotateFrame":[{"duration":4,"tweenEasing":0},{"duration":2,"tweenEasing":0,"rotate":-6.21},{"duration":10,"tweenEasing":0,"rotate":-8.7},{"duration":8,"tweenEasing":0,"rotate":19.24},{"duration":0}]},{"name":"PET6006_weiba","rotateFrame":[{"duration":4,"tweenEasing":0},{"duration":4,"tweenEasing":0,"rotate":-3.7},{"duration":9,"tweenEasing":0,"rotate":24.34},{"duration":7,"tweenEasing":0,"rotate":14.98},{"duration":0}]},{"name":"PET6006_youshou2","rotateFrame":[{"duration":4,"tweenEasing":0},{"duration":2,"tweenEasing":0,"rotate":7.25},{"duration":11,"tweenEasing":0,"rotate":22.53},{"duration":7,"tweenEasing":0,"rotate":26.36},{"duration":0}]},{"name":"bone4","rotateFrame":[{"duration":4,"tweenEasing":0},{"duration":4,"tweenEasing":0,"rotate":-11.43},{"duration":9,"tweenEasing":0,"rotate":16.17},{"duration":7,"tweenEasing":0,"rotate":-11.97},{"duration":0}]},{"name":"PET6006_xiae","rotateFrame":[{"duration":4,"tweenEasing":0},{"duration":2,"tweenEasing":0,"rotate":-16.59},{"duration":11,"tweenEasing":0,"rotate":-3.61},{"duration":7,"tweenEasing":0,"rotate":13.24},{"duration":0}]},{"name":"PET6006_youshou1","rotateFrame":[{"duration":4,"tweenEasing":0},{"duration":2,"tweenEasing":0,"rotate":10.48},{"duration":11,"tweenEasing":0,"rotate":25.44},{"duration":7,"tweenEasing":0,"rotate":27.49},{"duration":0}]}],"slot":[{"name":"PET6006_yanjingputong","displayFrame":[{"duration":4,"value":2},{"duration":20,"value":4},{"duration":0,"value":2}]}]},{"duration":72,"name":"skill","bone":[{"name":"bone2","rotateFrame":[{"duration":6,"tweenEasing":0},{"tweenEasing":0,"rotate":2.96},{"duration":5,"tweenEasing":0},{"duration":7,"tweenEasing":0,"rotate":12.85},{"duration":7,"rotate":11.49},{"duration":3,"tweenEasing":0,"rotate":11.49},{"duration":5,"tweenEasing":0,"rotate":-3.26},{"tweenEasing":0,"rotate":-5.37},{"duration":6,"tweenEasing":0,"rotate":44.42},{"duration":8,"tweenEasing":0,"rotate":49.51},{"duration":7,"tweenEasing":0,"rotate":44.98},{"duration":7,"tweenEasing":0,"rotate":49.51},{"duration":2,"tweenEasing":0,"rotate":44.98},{"tweenEasing":0,"rotate":27.4},{"tweenEasing":0},{"duration":5,"tweenEasing":0,"rotate":2.96},{"duration":0}]},{"name":"PET6006_weiba","rotateFrame":[{"duration":6,"tweenEasing":0},{"duration":6,"tweenEasing":0,"rotate":-3.7},{"duration":7,"tweenEasing":0,"rotate":-17.1},{"duration":7,"tweenEasing":0,"rotate":22.81},{"duration":8,"tweenEasing":0,"rotate":7.48},{"tweenEasing":0,"rotate":9.22},{"duration":3,"tweenEasing":0,"rotate":22.08},{"duration":3,"tweenEasing":0,"rotate":28.78},{"duration":8,"tweenEasing":0,"rotate":17.74},{"duration":7,"tweenEasing":0,"rotate":31.79},{"duration":7,"tweenEasing":0,"rotate":10.08},{"duration":2,"tweenEasing":0,"rotate":32.68},{"duration":2,"tweenEasing":0,"rotate":39.46},{"duration":5,"tweenEasing":0,"rotate":-3.7},{"duration":0}]},{"name":"bone5","rotateFrame":[{"duration":6,"tweenEasing":0},{"tweenEasing":0,"rotate":9.48},{"duration":5,"tweenEasing":0},{"duration":7,"tweenEasing":0,"rotate":-1.18},{"duration":7,"tweenEasing":0,"rotate":10.74},{"duration":3,"tweenEasing":0,"rotate":18.34},{"duration":5,"tweenEasing":0,"rotate":-17.6},{"tweenEasing":0,"rotate":-22.74},{"duration":6,"tweenEasing":0,"rotate":-8.79},{"duration":8,"tweenEasing":0,"rotate":-3.26},{"duration":7,"tweenEasing":0,"rotate":-6.42},{"duration":7,"tweenEasing":0,"rotate":-3.26},{"duration":2,"tweenEasing":0,"rotate":-6.42},{"tweenEasing":0,"rotate":-28.66},{"tweenEasing":0},{"duration":5,"tweenEasing":0,"rotate":9.48},{"duration":0}]},{"name":"bone4","rotateFrame":[{"duration":6,"tweenEasing":0},{"duration":6,"tweenEasing":0,"rotate":10.86},{"duration":7,"tweenEasing":0,"rotate":-0.52},{"duration":7,"tweenEasing":0,"rotate":16.76},{"duration":8,"tweenEasing":0,"rotate":-16.5},{"tweenEasing":0,"rotate":-8.29},{"duration":3,"tweenEasing":0,"rotate":-15.33},{"duration":3,"tweenEasing":0,"rotate":-7.64},{"duration":8,"tweenEasing":0,"rotate":-17.69},{"duration":7,"tweenEasing":0,"rotate":-3.63},{"duration":7,"tweenEasing":0,"rotate":-25.35},{"duration":2,"tweenEasing":0,"rotate":-2.75},{"duration":2,"tweenEasing":0,"rotate":4.02},{"duration":5,"tweenEasing":0,"rotate":10.86},{"duration":0}]},{"name":"yz","translateFrame":[{"duration":26,"tweenEasing":0},{"duration":5,"tweenEasing":0},{"duration":3,"tweenEasing":0,"x":-28.1},{"tweenEasing":0,"x":-35.79},{"duration":37}],"scaleFrame":[{"duration":6,"tweenEasing":0},{"duration":6,"tweenEasing":0,"y":1.1},{"duration":7,"tweenEasing":0,"y":0.8},{"duration":7,"tweenEasing":0,"y":0.85},{"duration":5,"tweenEasing":0,"y":0.8},{"duration":3,"tweenEasing":0,"y":0.8},{"tweenEasing":0,"y":0.85},{"duration":5,"tweenEasing":0,"y":0.95},{"duration":6,"tweenEasing":0,"y":0.8},{"duration":6,"tweenEasing":0,"y":0.9},{"duration":6,"tweenEasing":0,"y":0.8},{"duration":5,"tweenEasing":0,"y":0.9},{"duration":4,"tweenEasing":0,"y":0.8},{"duration":5,"tweenEasing":0,"y":1.1},{"duration":0}]},{"name":"PET6006_toulu","rotateFrame":[{"duration":6,"tweenEasing":0},{"duration":6,"tweenEasing":0,"rotate":-3.77},{"duration":8,"tweenEasing":0,"rotate":-6.53},{"duration":8,"tweenEasing":0,"rotate":15.15},{"duration":7,"tweenEasing":0,"rotate":12.42},{"duration":8,"tweenEasing":0,"rotate":-47.91},{"duration":8,"tweenEasing":0,"rotate":-49.19},{"duration":9,"tweenEasing":0,"rotate":-45.8},{"duration":8,"tweenEasing":0,"rotate":-49.19},{"duration":4,"tweenEasing":0,"rotate":-45.8},{"duration":0}]},{"name":"PET6006_zuoshou1","rotateFrame":[{"duration":6,"tweenEasing":0},{"duration":6,"tweenEasing":0,"rotate":11.8},{"duration":7,"tweenEasing":0,"rotate":2.42},{"duration":7,"tweenEasing":0,"rotate":18.31},{"duration":8,"tweenEasing":0,"rotate":23.65},{"tweenEasing":0,"rotate":2.17},{"duration":6,"tweenEasing":0,"rotate":38.12},{"duration":8,"tweenEasing":0,"rotate":42.68},{"duration":7,"tweenEasing":0,"rotate":36.81},{"duration":7,"tweenEasing":0,"rotate":42.68},{"duration":2,"tweenEasing":0,"rotate":36.81},{"duration":2,"tweenEasing":0,"rotate":0.86},{"duration":5,"tweenEasing":0,"rotate":11.8},{"duration":0}]},{"name":"bone","translateFrame":[{"duration":6,"tweenEasing":0},{"tweenEasing":0,"x":-2,"y":5},{"tweenEasing":0,"y":-7},{"duration":4,"tweenEasing":0,"y":-20},{"duration":7,"tweenEasing":0,"x":8.88,"y":-30},{"duration":7,"tweenEasing":0,"x":8.88,"y":-25},{"duration":3,"tweenEasing":0,"x":8.88,"y":-30},{"duration":5,"tweenEasing":0,"x":-7.05,"y":-30},{"tweenEasing":0,"x":-13.54,"y":-35},{"tweenEasing":0,"x":10,"y":-35},{"tweenEasing":0,"x":-5,"y":-37},{"duration":2,"tweenEasing":0,"x":8,"y":-42},{"duration":2,"tweenEasing":0,"x":10,"y":-40},{"duration":2,"tweenEasing":0,"x":8,"y":-42},{"duration":2,"tweenEasing":0,"x":10,"y":-40},{"duration":2,"tweenEasing":0,"x":8,"y":-38},{"duration":2,"tweenEasing":0,"x":10,"y":-36},{"duration":2,"tweenEasing":0,"x":8,"y":-35},{"duration":2,"tweenEasing":0,"x":10,"y":-40},{"duration":2,"tweenEasing":0,"x":8,"y":-38},{"tweenEasing":0,"x":10,"y":-36},{"tweenEasing":0,"x":8,"y":-35},{"duration":2,"tweenEasing":0,"x":10,"y":-40},{"duration":2,"tweenEasing":0,"x":8,"y":-38},{"duration":2,"tweenEasing":0,"x":10,"y":-36},{"duration":2,"tweenEasing":0,"x":8,"y":-35},{"tweenEasing":0,"x":8.88,"y":-45.4},{"tweenEasing":0,"y":-7},{"duration":5,"tweenEasing":0,"x":-2,"y":5},{"duration":0}],"rotateFrame":[{"duration":7,"tweenEasing":0},{"tweenEasing":0},{"duration":18,"tweenEasing":0,"rotate":10.16},{"duration":3,"tweenEasing":0,"rotate":10.16},{"duration":5,"tweenEasing":0,"rotate":2.25},{"tweenEasing":0,"rotate":1.12},{"duration":30,"tweenEasing":0,"rotate":10.16},{"tweenEasing":0,"rotate":10.16},{"duration":6}]},{"name":"PET6006_xiae","rotateFrame":[{"duration":6,"tweenEasing":0},{"duration":6,"tweenEasing":0,"rotate":3.18},{"duration":22,"tweenEasing":0,"rotate":-8.74},{"tweenEasing":0,"rotate":-19.36},{"duration":6,"tweenEasing":0,"rotate":7.09},{"duration":8,"tweenEasing":0,"rotate":17.22},{"duration":7,"tweenEasing":0,"rotate":9.53},{"duration":7,"tweenEasing":0,"rotate":17.22},{"duration":2,"tweenEasing":0,"rotate":9.53},{"duration":2,"tweenEasing":0,"rotate":11.82},{"duration":5,"tweenEasing":0,"rotate":3.18},{"duration":0}]},{"name":"PET6006_youtui1","rotateFrame":[{"duration":6,"tweenEasing":0},{"tweenEasing":0,"rotate":-10.68},{"duration":5,"tweenEasing":0,"rotate":-10.95},{"duration":7,"tweenEasing":0,"rotate":-18.19},{"duration":7,"tweenEasing":0,"rotate":-7.34},{"duration":8,"tweenEasing":0,"rotate":-24.48},{"tweenEasing":0,"rotate":-25.98},{"duration":3,"tweenEasing":0,"rotate":-24.21},{"duration":3,"tweenEasing":0,"rotate":27.15},{"duration":8,"tweenEasing":0,"rotate":12},{"duration":7,"tweenEasing":0,"rotate":-11.35},{"duration":7,"tweenEasing":0,"rotate":12},{"duration":2,"tweenEasing":0,"rotate":-11.35},{"tweenEasing":0,"rotate":-3.6},{"tweenEasing":0,"rotate":-10.95},{"duration":5,"tweenEasing":0,"rotate":-10.68},{"duration":0}]},{"name":"PET6006_youtui2","translateFrame":[{"duration":6,"tweenEasing":0},{"tweenEasing":0,"x":-5.49,"y":3.01},{"duration":59,"tweenEasing":0},{"tweenEasing":0},{"duration":5,"tweenEasing":0,"x":-5.49,"y":3.01},{"duration":0}],"rotateFrame":[{"duration":6,"tweenEasing":0},{"tweenEasing":0,"rotate":9.33},{"duration":5,"tweenEasing":0,"rotate":15.52},{"duration":7,"tweenEasing":0,"rotate":38.69},{"duration":7,"tweenEasing":0,"rotate":53.28},{"duration":8,"tweenEasing":0,"rotate":48.09},{"tweenEasing":0,"rotate":84.28},{"duration":3,"tweenEasing":0,"rotate":73.53},{"duration":3,"tweenEasing":0,"rotate":55.95},{"duration":8,"tweenEasing":0,"rotate":43.25},{"duration":7,"tweenEasing":0,"rotate":80.03},{"duration":7,"tweenEasing":0,"rotate":43.25},{"duration":2,"tweenEasing":0,"rotate":80.03},{"tweenEasing":0,"rotate":35.87},{"tweenEasing":0,"rotate":15.52},{"duration":5,"tweenEasing":0,"rotate":9.33},{"duration":0}]},{"name":"PET6006_zuojiao1","rotateFrame":[{"duration":6,"tweenEasing":0},{"tweenEasing":0,"rotate":-14.11},{"duration":5,"tweenEasing":0,"rotate":26.44},{"duration":7,"tweenEasing":0,"rotate":38.3},{"duration":7,"tweenEasing":0,"rotate":30.56},{"duration":8,"tweenEasing":0,"rotate":38.99},{"tweenEasing":0,"rotate":4.82},{"duration":3,"tweenEasing":0,"rotate":23.08},{"duration":3,"tweenEasing":0,"rotate":52.14},{"duration":8,"tweenEasing":0,"rotate":25.01},{"duration":7,"tweenEasing":0,"rotate":20.38},{"duration":7,"tweenEasing":0,"rotate":25.01},{"duration":2,"tweenEasing":0,"rotate":20.38},{"tweenEasing":0,"rotate":26.13},{"tweenEasing":0,"rotate":26.44},{"duration":5,"tweenEasing":0,"rotate":-14.11},{"duration":0}]},{"name":"PET6006_zuojiao2","translateFrame":[{"duration":6,"tweenEasing":0},{"tweenEasing":0,"x":-2.54,"y":0.19},{"duration":59,"tweenEasing":0},{"tweenEasing":0},{"duration":5,"tweenEasing":0,"x":-2.54,"y":0.19},{"duration":0}],"rotateFrame":[{"duration":6,"tweenEasing":0},{"tweenEasing":0,"rotate":14.46},{"duration":5,"tweenEasing":0,"rotate":-12.05},{"duration":7,"tweenEasing":0,"rotate":-1.3},{"duration":7,"tweenEasing":0,"rotate":-1.76},{"duration":8,"tweenEasing":0,"rotate":15.05},{"tweenEasing":0,"rotate":25.86},{"duration":3,"tweenEasing":0,"rotate":80.03},{"duration":3,"tweenEasing":0,"rotate":37.58},{"duration":8,"tweenEasing":0,"rotate":42.19},{"duration":7,"tweenEasing":0,"rotate":64.28},{"duration":7,"tweenEasing":0,"rotate":42.19},{"duration":2,"tweenEasing":0,"rotate":64.28},{"tweenEasing":0,"rotate":5.26},{"tweenEasing":0,"rotate":-12.05},{"duration":5,"tweenEasing":0,"rotate":14.46},{"duration":0}]},{"name":"PET6006_zuoshou2","rotateFrame":[{"duration":6,"tweenEasing":0},{"duration":6,"tweenEasing":0,"rotate":-18.67},{"duration":7,"tweenEasing":0,"rotate":-43.47},{"duration":7,"tweenEasing":0,"rotate":-58.3},{"duration":8,"tweenEasing":0,"rotate":-39.59},{"tweenEasing":0,"rotate":31.93},{"duration":6,"tweenEasing":0,"rotate":-50.77},{"duration":8,"tweenEasing":0,"rotate":-23.84},{"duration":7,"tweenEasing":0,"rotate":-29.71},{"duration":7,"tweenEasing":0,"rotate":-23.84},{"duration":4,"tweenEasing":0,"rotate":-29.71},{"duration":5,"tweenEasing":0,"rotate":-18.67},{"duration":0}]},{"name":"bone3","rotateFrame":[{"duration":6,"tweenEasing":0},{"duration":6,"tweenEasing":0,"rotate":21.73},{"duration":7,"tweenEasing":0,"rotate":12.58},{"duration":7,"tweenEasing":0,"rotate":14.01},{"duration":8,"tweenEasing":0,"rotate":-6.83},{"tweenEasing":0,"rotate":-3.98},{"duration":3,"tweenEasing":0,"rotate":-6.42},{"duration":3,"tweenEasing":0,"rotate":1.4},{"duration":8,"tweenEasing":0,"rotate":-8.5},{"duration":7,"tweenEasing":0,"rotate":5.55},{"duration":7,"tweenEasing":0,"rotate":-16.16},{"duration":2,"tweenEasing":0,"rotate":6.44},{"duration":2,"tweenEasing":0,"rotate":13.21},{"duration":5,"tweenEasing":0,"rotate":21.73},{"duration":0}]},{"name":"PET6006_youshou2","rotateFrame":[{"duration":6,"tweenEasing":0},{"duration":6,"tweenEasing":0,"rotate":-14.19},{"duration":7,"tweenEasing":0,"rotate":21.35},{"duration":7,"tweenEasing":0,"rotate":-29.68},{"duration":8,"tweenEasing":0,"rotate":-11.75},{"tweenEasing":0,"rotate":51.68},{"duration":6,"tweenEasing":0,"rotate":44.58},{"duration":8,"tweenEasing":0,"rotate":66.92},{"duration":7,"tweenEasing":0,"rotate":51.43},{"duration":7,"tweenEasing":0,"rotate":66.92},{"duration":2,"tweenEasing":0,"rotate":51.43},{"duration":2,"tweenEasing":0,"rotate":43.87},{"duration":5,"tweenEasing":0,"rotate":-14.19},{"duration":0}]},{"name":"PET6006_youshou1","rotateFrame":[{"duration":6,"tweenEasing":0},{"duration":6,"tweenEasing":0,"rotate":20.24},{"duration":7,"tweenEasing":0,"rotate":-38.24},{"duration":7,"tweenEasing":0,"rotate":-22.27},{"duration":8,"tweenEasing":0,"rotate":-18.56},{"tweenEasing":0,"rotate":-56.06},{"duration":6,"tweenEasing":0,"rotate":11.05},{"duration":8,"tweenEasing":0,"rotate":14.38},{"duration":7,"tweenEasing":0,"rotate":-1.1},{"duration":7,"tweenEasing":0,"rotate":14.38},{"duration":2,"tweenEasing":0,"rotate":-1.1},{"duration":2,"tweenEasing":0,"rotate":16.61},{"duration":5,"tweenEasing":0,"rotate":20.24},{"duration":0}]},{"name":"PET6006_bozi","rotateFrame":[{"duration":6,"tweenEasing":0},{"tweenEasing":0,"rotate":8.61},{"duration":5,"tweenEasing":0},{"duration":7,"tweenEasing":0,"rotate":-18.48},{"duration":7,"tweenEasing":0,"rotate":-30.66},{"duration":3,"tweenEasing":0,"rotate":-31.43},{"duration":5,"tweenEasing":0,"rotate":-57.99},{"tweenEasing":0,"rotate":-61.78},{"duration":6,"tweenEasing":0,"rotate":-7.53},{"duration":8,"tweenEasing":0,"rotate":-3.18},{"duration":7,"tweenEasing":0,"rotate":-6.33},{"duration":7,"tweenEasing":0,"rotate":-3.18},{"duration":2,"tweenEasing":0,"rotate":-6.33},{"tweenEasing":0,"rotate":-28.58},{"tweenEasing":0},{"duration":5,"tweenEasing":0,"rotate":8.61},{"duration":0}]},{"name":"PET6006_duzi","rotateFrame":[{"duration":7},{"duration":5,"tweenEasing":0},{"duration":14,"rotate":-26.6},{"duration":3,"tweenEasing":0,"rotate":-26.6},{"duration":5,"tweenEasing":0,"rotate":-37.59},{"rotate":-39.16},{"duration":14,"tweenEasing":0,"rotate":-39.16},{"duration":14,"rotate":-27.65},{"duration":2,"tweenEasing":0,"rotate":-27.65},{"tweenEasing":0,"rotate":-33.95},{"duration":6}]},{"name":"fs","translateFrame":[{"duration":34,"x":-59.27,"y":69.05},{"tweenEasing":0,"x":-59.27,"y":69.05},{"duration":37,"x":11.11,"y":-52.23}]},{"name":"PET6006_02_part02_00015","translateFrame":[{"duration":72,"x":10.65,"y":-55.8}]}],"slot":[{"name":"PET6006_02_part02_00015","displayFrame":[{"duration":35,"value":-1},{"duration":2},{"duration":2,"value":1},{"duration":2,"value":2},{"duration":2,"value":3},{"duration":2,"value":4},{"duration":2,"value":5},{"duration":2,"value":6},{"duration":2,"value":7},{"duration":2,"value":8},{"duration":2,"value":9},{"duration":2,"value":10},{"duration":15,"value":-1}]},{"name":"PET6006_yanjingputong","displayFrame":[{"duration":35,"value":2},{"duration":37,"value":1},{"duration":0,"value":2}]},{"name":"PET6006_youchi3","displayFrame":[{"duration":2,"value":2},{"duration":2,"value":3},{"duration":2},{"duration":2,"value":1},{"duration":2,"value":2},{"duration":2,"value":3},{"duration":2},{"duration":2,"value":1},{"duration":2,"value":2},{"duration":2,"value":3},{"duration":2},{"duration":2,"value":1},{"duration":2,"value":2},{"duration":2,"value":3},{"duration":2},{"duration":2,"value":1},{"duration":2,"value":2},{"duration":2,"value":3},{"duration":2},{"duration":2,"value":1},{"duration":2,"value":2},{"duration":2,"value":3},{"duration":2},{"duration":2,"value":1},{"duration":2,"value":2},{"duration":2,"value":3},{"duration":2},{"duration":2,"value":1},{"duration":2,"value":2},{"duration":2,"value":3},{"duration":2},{"duration":2,"value":1},{"duration":2,"value":2},{"duration":2,"value":3},{"duration":2},{"duration":2,"value":1},{"duration":0,"value":2}]},{"name":"PET6006_zuochi3","displayFrame":[{"duration":2,"value":2},{"duration":2,"value":3},{"duration":2},{"duration":2,"value":1},{"duration":2,"value":2},{"duration":2,"value":3},{"duration":2},{"duration":2,"value":1},{"duration":2,"value":2},{"duration":2,"value":3},{"duration":2},{"duration":2,"value":1},{"duration":2,"value":2},{"duration":2,"value":3},{"duration":2},{"duration":2,"value":1},{"duration":2,"value":2},{"duration":2,"value":3},{"duration":2},{"duration":2,"value":1},{"duration":2,"value":2},{"duration":2,"value":3},{"duration":2},{"duration":2,"value":1},{"duration":2,"value":2},{"duration":2,"value":3},{"duration":2},{"duration":2,"value":1},{"duration":2,"value":2},{"duration":2,"value":3},{"duration":2},{"duration":2,"value":1},{"duration":2,"value":2},{"duration":2,"value":3},{"duration":2},{"duration":2,"value":1},{"duration":0,"value":2}]}],"ffd":[{"name":"PET6006_duzi","slot":"PET6006_duzi","frame":[{"duration":7},{"duration":5,"tweenEasing":0},{"duration":7,"tweenEasing":0,"vertices":[-3.04,-3.17,-1.05,-0.56,-1.22,-0.73,-3.91,-2.96,-4.29,-3.68,-1.99,-2.23,-2.22,-1.95,-0.93,-0.8,-0.28,-0.24,0.27,0.23,3.41,2.92,4.65,3.98,5.2,4.4,4.59,3.62,3.89,2.63,3.6,2.2,3.4,1.98,2.07,1.09,1.71,0.9,0.39,0.23,-0.18,-0.14,-1.94,-2.03,1.38,0.94,1.15,0.99]},{"duration":7,"tweenEasing":0},{"duration":8,"tweenEasing":0,"vertices":[-3.04,-3.17,-1.05,-0.56,-1.22,-0.73,0,-1.42,-2.1,-2.03,-1.99,-2.23,-2.22,-1.95,-0.93,-0.8,-0.28,-0.24,0.27,0.23,3.41,2.92,4.65,3.98,5.2,4.4,4.59,3.62,3.89,2.63,3.6,2.2,3.4,1.98,2.07,1.09,1.71,0.9,0.39,0.23,-0.18,-0.14,-1.94,-2.03,1.38,0.94,1.15,0.99]},{"tweenEasing":0,"vertices":[5.97,-6.37,13.42,-7.93,9.29,-13.45,0.33,-1.3,-0.47,-0.69,2.3,0.84,-2.22,-1.95,-0.93,-0.8,-0.28,-0.24,0.27,0.23,3.41,2.92,4.65,3.98,5.2,4.4,4.59,3.62,3.89,2.63,3.6,2.2,3.4,1.98,2.07,1.09,1.71,0.9,6,-7.01,7.11,-4.55,-1.94,-2.03,1.38,0.94,1.15,0.99]},{"duration":4,"tweenEasing":0},{"duration":4,"tweenEasing":0,"vertices":[-1.82,-1.9,-0.63,-0.34,-0.73,-0.44,-2.35,-1.77,-2.57,-2.21,-1.2,-1.34,-1.33,-1.17,-0.56,-0.48,-0.17,-0.14,0.16,0.14,2.05,1.75,2.79,2.39,3.12,2.64,2.76,2.17,3.93,2.5,3.1,0.99,2.32,0.42,1.24,0.65,1.03,0.54,0.23,0.14,-0.11,-0.08,-1.16,-1.22,0.83,0.56,0.69,0.59]},{"duration":4,"tweenEasing":0,"vertices":[-3.04,-3.17,-1.05,-0.56,-1.22,-0.73,-3.91,-2.96,-4.29,-3.68,-1.99,-2.23,-2.22,-1.95,-0.93,-0.8,-0.28,-0.24,0.27,0.23,3.41,2.92,4.65,3.98,5.2,4.4,4.59,3.62,5.23,1.45,4.04,0.93,2.95,0.52,2.07,1.09,1.71,0.9,0.39,0.23,-0.18,-0.14,-1.94,-2.03,1.38,0.94,1.15,0.99]},{"duration":25}]}]},{"duration":30,"name":"stand","bone":[{"name":"bone","translateFrame":[{"duration":7,"tweenEasing":0},{"duration":8,"tweenEasing":0,"x":-1.33,"y":2},{"duration":9,"tweenEasing":0,"x":-2,"y":3},{"duration":6,"tweenEasing":0,"x":-1.33,"y":2},{"duration":0}]},{"name":"yz","scaleFrame":[{"duration":15,"tweenEasing":0},{"duration":15,"tweenEasing":0,"y":1.1},{"duration":0}]},{"name":"PET6006_weiba","rotateFrame":[{"duration":8,"tweenEasing":0},{"duration":9,"tweenEasing":0,"rotate":-6.98},{"duration":13,"tweenEasing":0,"rotate":-3.7},{"duration":0}]},{"name":"PET6006_youtui1","rotateFrame":[{"duration":7,"tweenEasing":0},{"duration":8,"tweenEasing":0,"rotate":-7.12},{"duration":9,"tweenEasing":0,"rotate":-10.68},{"duration":6,"tweenEasing":0,"rotate":-7.12},{"duration":0}]},{"name":"PET6006_zuojiao1","rotateFrame":[{"duration":7,"tweenEasing":0},{"duration":8,"tweenEasing":0,"rotate":-6.99},{"duration":9,"tweenEasing":0,"rotate":-10.49},{"duration":6,"tweenEasing":0,"rotate":-6.99},{"duration":0}]},{"name":"bone2","rotateFrame":[{"duration":6,"tweenEasing":0},{"duration":9,"tweenEasing":0,"rotate":-1.16},{"duration":7,"tweenEasing":0,"rotate":0.73},{"duration":8,"tweenEasing":0,"rotate":2.96},{"duration":0}]},{"name":"PET6006_bozi","rotateFrame":[{"duration":15,"tweenEasing":0},{"duration":8,"tweenEasing":0,"rotate":5.89},{"duration":7,"tweenEasing":0,"rotate":3.2},{"duration":0}]},{"name":"PET6006_youchi3","rotateFrame":[{"duration":4,"tweenEasing":0},{"duration":11,"tweenEasing":0,"rotate":2.6},{"duration":5,"tweenEasing":0,"rotate":-7.65},{"duration":10,"tweenEasing":0,"rotate":-13.32},{"duration":0}]},{"name":"PET6006_youshou1","rotateFrame":[{"duration":6,"tweenEasing":0},{"duration":9,"tweenEasing":0,"rotate":4.16},{"duration":4,"tweenEasing":0,"rotate":10.4},{"duration":11,"tweenEasing":0,"rotate":11.03},{"duration":0}]},{"name":"PET6006_youtui2","translateFrame":[{"duration":7,"tweenEasing":0},{"duration":8,"tweenEasing":0,"x":-1.89,"y":1.96},{"duration":9,"tweenEasing":0,"x":-2.76,"y":2.85},{"duration":6,"tweenEasing":0,"x":-1.57,"y":2.24},{"duration":0}],"rotateFrame":[{"duration":7,"tweenEasing":0},{"duration":8,"tweenEasing":0,"rotate":6.51},{"duration":9,"tweenEasing":0,"rotate":9.76},{"duration":6,"tweenEasing":0,"rotate":6.51},{"duration":0}]},{"name":"PET6006_zuochi3","rotateFrame":[{"duration":4,"tweenEasing":0},{"duration":11,"tweenEasing":0,"rotate":-3.46},{"duration":4,"tweenEasing":0,"rotate":10.65},{"duration":11,"tweenEasing":0,"rotate":16.56},{"duration":0}]},{"name":"PET6006_zuojiao2","translateFrame":[{"duration":7,"tweenEasing":0},{"duration":8,"tweenEasing":0,"x":-0.83,"y":0.34},{"duration":9,"tweenEasing":0,"x":-1.25,"y":0.51},{"duration":6,"tweenEasing":0,"x":-0.83,"y":0.34},{"duration":0}],"rotateFrame":[{"duration":7,"tweenEasing":0},{"duration":8,"tweenEasing":0,"rotate":6.65},{"duration":9,"tweenEasing":0,"rotate":9.97},{"duration":6,"tweenEasing":0,"rotate":6.65},{"duration":0}]},{"name":"PET6006_zuoshou1","rotateFrame":[{"duration":7,"tweenEasing":0},{"duration":8,"tweenEasing":0,"rotate":3.58},{"duration":15,"tweenEasing":0,"rotate":4.39},{"duration":0}]},{"name":"bone3","rotateFrame":[{"duration":8,"tweenEasing":0},{"duration":9,"tweenEasing":0,"rotate":-16.51},{"duration":13,"tweenEasing":0,"rotate":-22.46},{"duration":0}]},{"name":"PET6006_youshou2","rotateFrame":[{"duration":6,"tweenEasing":0},{"duration":9,"tweenEasing":0,"rotate":-6.14},{"duration":4,"tweenEasing":0,"rotate":0.61},{"duration":11,"tweenEasing":0,"rotate":7.79},{"duration":0}]},{"name":"PET6006_zuoshou2","rotateFrame":[{"duration":7,"tweenEasing":0},{"duration":8,"tweenEasing":0,"rotate":-13.93},{"duration":7,"tweenEasing":0,"rotate":-9.11},{"duration":8,"tweenEasing":0,"rotate":5.12},{"duration":0}]},{"name":"bone4","rotateFrame":[{"duration":8,"tweenEasing":0},{"duration":9,"tweenEasing":0,"rotate":8.38},{"duration":6,"tweenEasing":0,"rotate":-16.74},{"duration":7,"tweenEasing":0,"rotate":-11.43},{"duration":0}]},{"name":"bone5","rotateFrame":[{"duration":5,"tweenEasing":0},{"duration":10,"tweenEasing":0,"rotate":-2.5},{"duration":8,"tweenEasing":0,"rotate":3.85},{"duration":7,"tweenEasing":0,"rotate":4.07},{"duration":0}]},{"name":"PET6006_toulu","rotateFrame":[{"duration":5,"tweenEasing":0},{"duration":10,"tweenEasing":0,"rotate":-7.78},{"duration":8,"tweenEasing":0,"rotate":-11.98},{"duration":7,"tweenEasing":0,"rotate":-3.77},{"duration":0}]},{"name":"PET6006_xiae","rotateFrame":[{"duration":15,"tweenEasing":0},{"duration":15,"tweenEasing":0,"rotate":-16.59},{"duration":0}]}],"slot":[{"name":"PET6006_yanjingputong","displayFrame":[{"duration":19,"value":2},{"duration":11},{"duration":0,"value":2}]}]},{"duration":24,"name":"walk","bone":[{"name":"PET6006_weiba","rotateFrame":[{"duration":6,"tweenEasing":0},{"duration":6,"tweenEasing":0,"rotate":-7.99},{"duration":6,"tweenEasing":0},{"duration":6,"tweenEasing":0,"rotate":-7.99},{"duration":0}]},{"name":"PET6006_zuochi3","rotateFrame":[{"duration":6,"tweenEasing":0},{"duration":6,"tweenEasing":0,"rotate":10.44},{"duration":6,"tweenEasing":0,"rotate":1.79},{"duration":6,"tweenEasing":0,"rotate":10.44},{"duration":0}]},{"name":"PET6006_youchi3","rotateFrame":[{"duration":6,"tweenEasing":0},{"duration":6,"tweenEasing":0,"rotate":-11.85},{"duration":6,"tweenEasing":0,"rotate":-3.16},{"duration":6,"tweenEasing":0,"rotate":-11.85},{"duration":0}]},{"name":"bone4","rotateFrame":[{"duration":6,"tweenEasing":0},{"duration":6,"tweenEasing":0,"rotate":-7.99},{"duration":6,"tweenEasing":0},{"duration":6,"tweenEasing":0,"rotate":-7.99},{"duration":0}]},{"name":"PET6006_bozi","rotateFrame":[{"duration":6,"tweenEasing":0,"rotate":-6.01},{"duration":6,"tweenEasing":0,"rotate":-3.44},{"duration":6,"tweenEasing":0,"rotate":-6.01},{"duration":6,"tweenEasing":0,"rotate":-3.44},{"duration":0,"rotate":-6.01}]},{"name":"PET6006_youtui1","translateFrame":[{"duration":6,"tweenEasing":0},{"duration":6,"tweenEasing":0},{"duration":6,"tweenEasing":0,"x":-1.17,"y":0.65},{"duration":6,"tweenEasing":0,"x":-3.75,"y":3.04},{"duration":0}],"rotateFrame":[{"duration":6,"tweenEasing":0,"rotate":-1.67},{"duration":6,"tweenEasing":0,"rotate":-39.21},{"duration":6,"tweenEasing":0,"rotate":-50.03},{"duration":6,"tweenEasing":0,"rotate":-15.49},{"duration":0,"rotate":-1.67}]},{"name":"PET6006_zuoshou2","rotateFrame":[{"duration":6,"tweenEasing":0},{"duration":6,"tweenEasing":0,"rotate":14.44},{"duration":6,"tweenEasing":0,"rotate":-0.42},{"duration":6,"tweenEasing":0,"rotate":14.44},{"duration":0}]},{"name":"bone","translateFrame":[{"duration":6,"tweenEasing":0},{"duration":6,"tweenEasing":0,"y":-8.44},{"duration":6,"tweenEasing":0},{"duration":6,"tweenEasing":0,"y":-8.44},{"duration":0}]},{"name":"PET6006_zuoshou1","rotateFrame":[{"duration":6,"tweenEasing":0},{"duration":6,"tweenEasing":0,"rotate":7.82},{"duration":6,"tweenEasing":0,"rotate":-0.42},{"duration":6,"tweenEasing":0,"rotate":7.82},{"duration":0}]},{"name":"PET6006_zuojiao2","translateFrame":[{"duration":6,"tweenEasing":0,"x":2.37,"y":1.61},{"duration":6,"tweenEasing":0,"x":2.54,"y":-1.72},{"duration":6,"tweenEasing":0,"x":2.37,"y":1.61},{"duration":6,"tweenEasing":0,"x":-6.52,"y":4.03},{"duration":0,"x":2.37,"y":1.61}],"rotateFrame":[{"duration":6,"tweenEasing":0,"rotate":-37.93},{"duration":6,"tweenEasing":0,"rotate":-32.2},{"duration":6,"tweenEasing":0,"rotate":-48.23},{"duration":6,"tweenEasing":0,"rotate":-16.21},{"duration":0,"rotate":-37.93}]},{"name":"PET6006_xiae","rotateFrame":[{"duration":6,"tweenEasing":0},{"duration":12,"rotate":-12.25},{"duration":6,"tweenEasing":0,"rotate":-12.25},{"duration":0}]},{"name":"PET6006_youshou2","rotateFrame":[{"duration":6,"tweenEasing":0},{"duration":6,"tweenEasing":0,"rotate":21.05},{"duration":6,"tweenEasing":0,"rotate":-0.01},{"duration":6,"tweenEasing":0,"rotate":21.05},{"duration":0}]},{"name":"PET6006_youtui2","translateFrame":[{"duration":6,"tweenEasing":0,"x":-2.06,"y":0.86},{"duration":6,"tweenEasing":0,"x":-4.76,"y":-3.19},{"duration":6,"tweenEasing":0,"x":0.85,"y":-7.22},{"duration":6,"tweenEasing":0,"x":0.51,"y":-3.19},{"duration":0,"x":-2.06,"y":0.86}],"rotateFrame":[{"duration":6,"tweenEasing":0,"rotate":21.2},{"duration":6,"tweenEasing":0,"rotate":48.58},{"duration":6,"tweenEasing":0,"rotate":15.3},{"duration":6,"tweenEasing":0,"rotate":6.62},{"duration":0,"rotate":21.2}]},{"name":"yz","scaleFrame":[{"duration":6,"tweenEasing":0},{"duration":6,"tweenEasing":0,"y":0.9},{"duration":6,"tweenEasing":0},{"duration":6,"tweenEasing":0,"y":0.9},{"duration":0}]},{"name":"bone2","rotateFrame":[{"duration":24,"rotate":7.77}]},{"name":"bone5","rotateFrame":[{"duration":6,"tweenEasing":0,"rotate":-8.01},{"duration":6,"tweenEasing":0,"rotate":-5.43},{"duration":6,"tweenEasing":0,"rotate":-8.01},{"duration":6,"tweenEasing":0,"rotate":-5.43},{"duration":0,"rotate":-8.01}]},{"name":"PET6006_zuojiao1","translateFrame":[{"duration":6,"tweenEasing":0},{"duration":6,"tweenEasing":0,"x":-5.28,"y":4.52},{"duration":12}],"rotateFrame":[{"duration":6,"tweenEasing":0,"rotate":-3.31},{"duration":6,"tweenEasing":0,"rotate":28.99},{"duration":6,"tweenEasing":0,"rotate":57.3},{"duration":6,"tweenEasing":0,"rotate":21.6},{"duration":0,"rotate":-3.31}]},{"name":"bone3","rotateFrame":[{"duration":6,"tweenEasing":0},{"duration":6,"tweenEasing":0,"rotate":-7.99},{"duration":6,"tweenEasing":0},{"duration":6,"tweenEasing":0,"rotate":-7.99},{"duration":0}]},{"name":"PET6006_youshou1","rotateFrame":[{"duration":6,"tweenEasing":0},{"duration":6,"tweenEasing":0,"rotate":3.91},{"duration":6,"tweenEasing":0,"rotate":-0.01},{"duration":6,"tweenEasing":0,"rotate":3.91},{"duration":0}]}],"slot":[{"name":"PET6006_yanjingputong","displayFrame":[{"duration":24,"value":2}]}]},{"duration":36,"name":"win","bone":[{"name":"PET6006_zuojiao2","translateFrame":[{"duration":6,"tweenEasing":0},{"duration":8,"tweenEasing":0,"x":2.37,"y":-1.4},{"duration":8,"tweenEasing":0,"x":-1.25,"y":0.51},{"duration":8,"tweenEasing":0,"x":-0.47,"y":0.19},{"duration":6,"tweenEasing":0,"x":-1.25,"y":0.51},{"duration":0}],"rotateFrame":[{"duration":6,"tweenEasing":0},{"duration":8,"tweenEasing":0,"rotate":-7.94},{"duration":8,"tweenEasing":0,"rotate":9.97},{"duration":8,"tweenEasing":0,"rotate":3.74},{"duration":6,"tweenEasing":0,"rotate":1.16},{"duration":0}]},{"name":"bone5","rotateFrame":[{"duration":6,"tweenEasing":0},{"duration":8,"tweenEasing":0,"rotate":-8.18},{"duration":8,"tweenEasing":0,"rotate":-6.01},{"duration":8,"tweenEasing":0,"rotate":-10.07},{"duration":6,"tweenEasing":0,"rotate":-2.92},{"duration":0}]},{"name":"PET6006_weiba","rotateFrame":[{"duration":6,"tweenEasing":0},{"duration":8,"tweenEasing":0,"rotate":-15.44},{"duration":8,"tweenEasing":0,"rotate":10.78},{"duration":8,"tweenEasing":0,"rotate":-2.84},{"duration":6,"tweenEasing":0,"rotate":-8.84},{"duration":0}]},{"name":"PET6006_toulu","rotateFrame":[{"duration":6,"tweenEasing":0},{"duration":8,"tweenEasing":0,"rotate":27.82},{"duration":8,"tweenEasing":0,"rotate":-3.77},{"duration":8,"tweenEasing":0,"rotate":18.65},{"duration":6,"tweenEasing":0,"rotate":-8.29},{"duration":0}]},{"name":"PET6006_zuoshou2","rotateFrame":[{"duration":6,"tweenEasing":0},{"duration":8,"tweenEasing":0,"rotate":-49.49},{"duration":8,"tweenEasing":0,"rotate":5.12},{"duration":8,"tweenEasing":0,"rotate":-20.65},{"duration":6,"tweenEasing":0,"rotate":12.03},{"duration":0}]},{"name":"yz","translateFrame":[{"duration":6,"tweenEasing":0},{"duration":8,"tweenEasing":0},{"duration":8,"tweenEasing":0,"x":-4.62},{"duration":7,"tweenEasing":0,"x":-3.9},{"duration":7,"tweenEasing":0,"x":-3.9},{"duration":0}],"scaleFrame":[{"duration":6,"tweenEasing":0},{"duration":8,"tweenEasing":0,"y":0.9},{"duration":8,"tweenEasing":0},{"duration":7,"tweenEasing":0,"y":0.95},{"duration":7,"tweenEasing":0,"y":1.05},{"duration":0}]},{"name":"PET6006_youshou1","rotateFrame":[{"duration":6,"tweenEasing":0},{"duration":8,"tweenEasing":0,"rotate":5.97},{"duration":8,"tweenEasing":0,"rotate":11.03},{"duration":8,"tweenEasing":0,"rotate":-11.86},{"duration":6,"tweenEasing":0,"rotate":-11.12},{"duration":0}]},{"name":"bone2","rotateFrame":[{"duration":6,"tweenEasing":0},{"duration":8,"tweenEasing":0,"rotate":-8.35},{"duration":8,"tweenEasing":0,"rotate":-6.04},{"duration":8,"tweenEasing":0,"rotate":7},{"duration":6,"tweenEasing":0,"rotate":14.5},{"duration":0}]},{"name":"PET6006_youtui1","rotateFrame":[{"duration":6,"tweenEasing":0},{"duration":8,"tweenEasing":0,"rotate":-2.91},{"duration":8,"tweenEasing":0,"rotate":-12.53},{"duration":8,"tweenEasing":0,"rotate":-4},{"duration":6,"tweenEasing":0,"rotate":-0.5},{"duration":0}]},{"name":"PET6006_duzi","rotateFrame":[{"duration":6,"tweenEasing":0},{"duration":8,"tweenEasing":0,"rotate":-3.48},{"duration":22}]},{"name":"PET6006_xiae","rotateFrame":[{"duration":6,"tweenEasing":0},{"duration":8,"tweenEasing":0,"rotate":-14.81},{"duration":8,"tweenEasing":0,"rotate":-16.59},{"duration":8,"rotate":-9.76},{"duration":6,"tweenEasing":0,"rotate":-9.76},{"duration":0}]},{"name":"PET6006_youchi3","rotateFrame":[{"duration":6,"tweenEasing":0},{"duration":8,"tweenEasing":0,"rotate":-8.68},{"duration":8,"tweenEasing":0,"rotate":7.66},{"duration":8,"tweenEasing":0,"rotate":-15.72},{"duration":6,"tweenEasing":0,"rotate":3.53},{"duration":0}]},{"name":"bone3","rotateFrame":[{"duration":6,"tweenEasing":0},{"duration":8,"tweenEasing":0,"rotate":14.58},{"duration":8,"tweenEasing":0,"rotate":-16.62},{"duration":8,"tweenEasing":0,"rotate":5.26},{"duration":6,"tweenEasing":0,"rotate":-5.73},{"duration":0}]},{"name":"bone","translateFrame":[{"duration":6,"tweenEasing":0},{"duration":8,"tweenEasing":0,"y":-2},{"duration":8,"tweenEasing":0,"x":-3,"y":3},{"duration":8,"tweenEasing":0,"y":1},{"duration":6,"tweenEasing":0,"x":4,"y":3},{"duration":0}]},{"name":"PET6006_zuochi3","rotateFrame":[{"duration":6,"tweenEasing":0},{"duration":8,"tweenEasing":0,"rotate":18.25},{"duration":8,"tweenEasing":0,"rotate":3.82},{"duration":8,"tweenEasing":0,"rotate":11.82},{"duration":6,"tweenEasing":0,"rotate":-8.38},{"duration":0}]},{"name":"PET6006_bozi","rotateFrame":[{"duration":6,"tweenEasing":0},{"duration":8,"tweenEasing":0,"rotate":-7.58},{"duration":8,"tweenEasing":0,"rotate":-6.88},{"duration":8,"tweenEasing":0,"rotate":-17.98},{"duration":6,"tweenEasing":0,"rotate":-14.25},{"duration":0}]},{"name":"PET6006_youshou2","rotateFrame":[{"duration":6,"tweenEasing":0},{"duration":8,"tweenEasing":0,"rotate":-21.32},{"duration":8,"tweenEasing":0,"rotate":7.79},{"duration":8,"tweenEasing":0,"rotate":-15.1},{"duration":6,"tweenEasing":0,"rotate":8.07},{"duration":0}]},{"name":"bone4","rotateFrame":[{"duration":6,"tweenEasing":0},{"duration":8,"tweenEasing":0,"rotate":14.58},{"duration":8,"tweenEasing":0,"rotate":-16.62},{"duration":8,"tweenEasing":0,"rotate":6.94},{"duration":6,"tweenEasing":0,"rotate":-5.08},{"duration":0}]},{"name":"PET6006_youtui2","translateFrame":[{"duration":6,"tweenEasing":0},{"duration":8,"tweenEasing":0,"x":0.98,"y":0.49},{"duration":8,"tweenEasing":0,"x":-2.82,"y":2.3},{"duration":8,"tweenEasing":0,"x":-1.05,"y":0.86},{"duration":6,"tweenEasing":0,"x":-2.46,"y":2.27},{"duration":0}],"rotateFrame":[{"duration":6,"tweenEasing":0},{"duration":8,"tweenEasing":0,"rotate":7.61},{"duration":8,"tweenEasing":0,"rotate":9.76},{"duration":8,"tweenEasing":0,"rotate":3.66},{"duration":6,"tweenEasing":0,"rotate":5.64},{"duration":0}]},{"name":"PET6006_zuojiao1","translateFrame":[{"duration":22,"tweenEasing":0},{"duration":8,"tweenEasing":0},{"duration":6,"tweenEasing":0,"x":-0.06,"y":-2.85},{"duration":0}],"rotateFrame":[{"duration":6,"tweenEasing":0},{"duration":8,"tweenEasing":0,"rotate":9.84},{"duration":8,"tweenEasing":0,"rotate":-11.68},{"duration":8,"tweenEasing":0,"rotate":-3.93},{"duration":6,"tweenEasing":0,"rotate":-1.21},{"duration":0}]},{"name":"PET6006_zuoshou1","rotateFrame":[{"duration":6,"tweenEasing":0},{"duration":8,"tweenEasing":0,"rotate":11.7},{"duration":8,"tweenEasing":0,"rotate":4.39},{"duration":8,"tweenEasing":0,"rotate":-3.8},{"duration":6,"tweenEasing":0,"rotate":-4.22},{"duration":0}]}],"slot":[{"name":"PET6006_yanjingputong","displayFrame":[{"duration":7,"value":2},{"duration":29,"value":3},{"duration":0,"value":2}]}]}],"defaultActions":[{"gotoAndPlay":"attack"}]}]}