{"width":512,"SubTexture":[{"width":120,"y":796,"height":24,"name":"pet_yinying","x":182},{"frameX":-5,"y":751,"frameY":-48,"frameWidth":77,"width":64,"frameHeight":152,"height":50,"name":"PET6006_zuochi3","x":116},{"frameX":-17,"y":704,"frameY":-83,"frameWidth":77,"width":60,"frameHeight":152,"height":69,"name":"PET6006_zuochi1","x":199},{"frameX":0,"y":1,"frameY":0,"frameWidth":77,"width":67,"frameHeight":152,"height":95,"name":"PET6006_zuochi4","x":404},{"frameX":-6,"y":747,"frameY":-81,"frameWidth":77,"width":68,"frameHeight":152,"height":48,"name":"PET6006_zuochi2","x":340},{"frameX":0,"y":684,"frameY":-51,"frameWidth":125,"width":121,"frameHeight":168,"height":61,"name":"PET6006_youchi3","x":322},{"frameX":-42,"y":98,"frameY":-88,"frameWidth":125,"width":71,"frameHeight":168,"height":80,"name":"PET6006_youchi1","x":404},{"frameX":-33,"y":202,"frameY":0,"frameWidth":125,"width":92,"frameHeight":168,"height":114,"name":"PET6006_youchi4","x":398},{"frameX":0,"y":751,"frameY":-86,"frameWidth":125,"width":113,"frameHeight":168,"height":28,"name":"PET6006_youchi2","x":1},{"width":77,"y":747,"height":47,"name":"PET6006_weiba","x":261},{"width":52,"y":704,"height":34,"name":"PET6006_bozi","x":261},{"width":29,"y":775,"height":18,"name":"PET6006_zuojiao2","x":182},{"frameX":0,"y":38,"frameY":0,"frameWidth":30,"width":30,"frameHeight":31,"height":30,"name":"PET6006_zuojiao1","x":473},{"width":18,"y":94,"height":25,"name":"PET6006_zuoshou1","x":477},{"width":23,"y":145,"height":17,"name":"PET6006_zuoshou2","x":477},{"width":18,"y":121,"height":22,"name":"PET6006_xiae","x":477},{"width":60,"y":684,"height":83,"name":"PET6006_duzi","x":445},{"width":30,"y":1,"height":35,"name":"PET6006_toulu","x":473},{"width":9,"y":751,"height":10,"name":"PET6006_yanjinggongjig","x":182},{"width":9,"y":380,"height":10,"name":"PET6006_yanjingputong","x":494},{"width":9,"y":94,"height":10,"name":"PET6006_yanjingshengli","x":497},{"width":9,"y":380,"height":10,"name":"PET6006_yanjingshouji","x":483},{"width":9,"y":775,"height":10,"name":"PET6006_yanjingsiwang","x":241},{"width":9,"y":763,"height":10,"name":"PET6006_yanjingbiyan","x":182},{"width":22,"y":354,"height":24,"name":"PET6006_youtui2","x":483},{"width":26,"y":775,"height":19,"name":"PET6006_youshou1","x":213},{"frameX":0,"y":318,"frameY":0,"frameWidth":24,"width":24,"frameHeight":35,"height":34,"name":"PET6006_youtui1","x":483},{"width":27,"y":70,"height":22,"name":"PET6006_youshou2","x":473},{"frameX":-5,"y":1,"frameY":-5,"frameWidth":212,"width":207,"frameHeight":201,"height":195,"name":"PET6006_02_part02_00019","x":1},{"frameX":-89,"y":585,"frameY":-61,"frameWidth":212,"width":121,"frameHeight":201,"height":117,"name":"PET6006_02_part02_00025","x":199},{"frameX":-20,"y":1,"frameY":0,"frameWidth":212,"width":192,"frameHeight":201,"height":199,"name":"PET6006_02_part02_00020","x":210},{"frameX":-2,"y":318,"frameY":-85,"frameWidth":212,"width":83,"frameHeight":201,"height":61,"name":"PET6006_02_part02_00015","x":398},{"frameX":-33,"y":392,"frameY":0,"frameWidth":212,"width":179,"frameHeight":201,"height":191,"name":"PET6006_02_part02_00021","x":198},{"frameX":-2,"y":585,"frameY":-31,"frameWidth":212,"width":196,"frameHeight":201,"height":164,"name":"PET6006_02_part02_00016","x":1},{"frameX":-61,"y":394,"frameY":-12,"frameWidth":212,"width":151,"frameHeight":201,"height":177,"name":"PET6006_02_part02_00022","x":1},{"frameX":-3,"y":202,"frameY":-9,"frameWidth":212,"width":198,"frameHeight":201,"height":188,"name":"PET6006_02_part02_00017","x":198},{"frameX":-80,"y":392,"frameY":-25,"frameWidth":212,"width":132,"frameHeight":201,"height":159,"name":"PET6006_02_part02_00023","x":379},{"frameX":-3,"y":198,"frameY":-1,"frameWidth":212,"width":195,"frameHeight":201,"height":194,"name":"PET6006_02_part02_00018","x":1},{"frameX":-84,"y":553,"frameY":-53,"frameWidth":212,"width":128,"frameHeight":201,"height":129,"name":"PET6006_02_part02_00024","x":379}],"height":1024,"name":"P6006","imagePath":"P6006_tex.png"}