{"width":512,"imagePath":"A6104_tex.png","height":512,"name":"A6104","SubTexture":[{"width":133,"y":277,"height":136,"name":"PET6104_01/PET6104_01_part03/PET6104_01_part03_00009","x":1},{"width":133,"y":1,"height":136,"name":"PET6104_01/PET6104_01_part03/PET6104_01_part03_00007","x":1},{"width":133,"y":139,"height":136,"name":"PET6104_01/PET6104_01_part03/PET6104_01_part03_00010","x":1},{"width":133,"y":1,"height":136,"name":"PET6104_01/PET6104_01_part03/PET6104_01_part03_00008","x":271},{"width":133,"y":1,"height":136,"name":"PET6104_01/PET6104_01_part03/PET6104_01_part03_00011","x":136},{"frameY":-8,"y":415,"frameWidth":247,"frameX":-10,"frameHeight":66,"width":226,"height":57,"name":"PET6104_01/PET6104_01_part02/PET6104_01_part02_00006_00006","x":1}]}