{"frameRate":60,"name":"A6104","version":"5.5","compatibleVersion":"5.5","armature":[{"type":"Armature","frameRate":60,"name":"Armature","aabb":{"x":-66.5,"y":-68,"width":133,"height":136},"bone":[{"inheritScale":false,"name":"Layer14"}],"slot":[{"name":"Layer14","parent":"Layer14"}],"skin":[{"slot":[{"name":"Layer14","display":[{"name":"PET6104_01/PET6104_01_part03/PET6104_01_part03_00007"},{"name":"PET6104_01/PET6104_01_part03/PET6104_01_part03_00008"},{"name":"PET6104_01/PET6104_01_part03/PET6104_01_part03_00009"},{"name":"PET6104_01/PET6104_01_part03/PET6104_01_part03_00010"},{"name":"PET6104_01/PET6104_01_part03/PET6104_01_part03_00011"},{"name":"PET6104_01/PET6104_01_part02/PET6104_01_part02_00006_00006"}]}]}],"animation":[{"duration":0,"playTimes":0,"name":"track","slot":[{"name":"Layer14","displayFrame":[{"duration":0,"value":5}]}]},{"duration":16,"playTimes":0,"name":"hit","frame":[{"duration":4},{"duration":0,"events":[{"name":"0"}]}],"bone":[{"name":"Layer14","scaleFrame":[{"duration":16,"x":2,"y":2}]}],"slot":[{"name":"Layer14","displayFrame":[{"duration":4},{"duration":4,"value":1},{"duration":4,"value":2},{"duration":4,"value":3},{"duration":0,"value":4}]}]}],"defaultActions":[{"gotoAndPlay":"track"}]}]}