{"frameRate":60,"name":"200","version":"5.5","compatibleVersion":"5.5","armature":[{"type":"Armature","frameRate":60,"name":"Armature","aabb":{"x":-50,"y":-50,"width":100,"height":100},"bone":[{"inheritScale":false,"name":"Layer5"}],"slot":[{"name":"Layer5","parent":"Layer5"}],"skin":[{"slot":[{"name":"Layer5","display":[{"name":"BUFF_chenmo1"},{"name":"BUFF_chenmo2"},{"name":"BUFF_chenmo3"},{"name":"BUFF_chenmo4"},{"name":"BUFF_chenmo5"},{"name":"BUFF_chenmo6"},{"name":"BUFF_chenmo7"},{"name":"BUFF_chenmo8"},{"name":"BUFF_chenmo9"},{"name":"BUFF_chenmo10"}]}]}],"animation":[{"duration":36,"playTimes":0,"name":"buff","slot":[{"name":"Layer5","displayFrame":[{"duration":4},{"duration":4,"value":1},{"duration":4,"value":2},{"duration":4,"value":3},{"duration":4,"value":4},{"duration":4,"value":5},{"duration":4,"value":6},{"duration":4,"value":7},{"duration":4,"value":8},{"duration":0,"value":9}]}]}],"defaultActions":[{"gotoAndPlay":"buff"}]}]}