{"imagePath":"200_tex.png","width":512,"height":256,"name":"200","SubTexture":[{"frameY":-14,"y":1,"frameWidth":100,"frameHeight":100,"width":81,"height":79,"name":"BUFF_chenmo7","frameX":-9,"x":81},{"frameY":-12,"y":175,"frameWidth":100,"frameHeight":100,"width":80,"height":79,"name":"BUFF_chenmo5","frameX":-12,"x":1},{"frameY":-12,"y":165,"frameWidth":100,"frameHeight":100,"width":72,"height":80,"name":"BUFF_chenmo4","frameX":-12,"x":158},{"frameY":-10,"y":165,"frameWidth":100,"frameHeight":100,"width":73,"height":78,"name":"BUFF_chenmo1","frameX":-11,"x":304},{"frameY":-12,"y":91,"frameWidth":100,"frameHeight":100,"width":80,"height":82,"name":"BUFF_chenmo6","frameX":-11,"x":1},{"frameY":-5,"y":1,"frameWidth":100,"frameHeight":100,"width":78,"height":88,"name":"BUFF_chenmo8","frameX":-11,"x":1},{"frameY":-8,"y":165,"frameWidth":100,"frameHeight":100,"width":70,"height":82,"name":"BUFF_chenmo10","frameX":-13,"x":232},{"frameY":-12,"y":170,"frameWidth":100,"frameHeight":100,"width":73,"height":81,"name":"BUFF_chenmo3","frameX":-12,"x":83},{"frameY":-5,"y":82,"frameWidth":100,"frameHeight":100,"width":73,"height":86,"name":"BUFF_chenmo9","frameX":-13,"x":83},{"frameY":-12,"y":82,"frameWidth":100,"frameHeight":100,"width":73,"height":81,"name":"BUFF_chenmo2","frameX":-11,"x":158}]}