{"width":1024,"imagePath":"P6104_tex.png","height":1024,"name":"P6104","SubTexture":[{"frameY":-12,"y":281,"frameWidth":281,"frameX":-27,"frameHeight":291,"width":217,"height":248,"name":"PET6104_dazhao5","x":1},{"frameY":0,"y":1,"frameWidth":281,"frameX":-74,"frameHeight":291,"width":199,"height":278,"name":"PET6104_dazhao6","x":1},{"frameY":-159,"y":112,"frameWidth":281,"frameX":-47,"frameHeight":291,"width":174,"height":123,"name":"PET6104_dazhao1","x":466},{"frameY":-152,"y":290,"frameWidth":281,"frameX":-44,"frameHeight":291,"width":177,"height":132,"name":"PET6104_dazhao2","x":442},{"frameY":-122,"y":531,"frameWidth":281,"frameX":-20,"frameHeight":291,"width":192,"height":154,"name":"PET6104_dazhao3","x":1},{"frameY":-78,"y":1,"frameWidth":281,"frameX":-7,"frameHeight":291,"width":213,"height":176,"name":"PET6104_dazhao4","x":202},{"width":120,"y":494,"height":24,"name":"pet_yinying","x":898},{"frameY":-2,"y":416,"frameWidth":71,"frameX":-7,"frameHeight":42,"width":61,"height":36,"name":"PET6104_weiba8","x":909},{"frameY":-5,"y":237,"frameWidth":78,"frameX":-7,"frameHeight":58,"width":66,"height":48,"name":"PET6104_weiba7","x":537},{"width":37,"y":546,"height":65,"name":"PET6104_youshour11","x":443},{"width":23,"y":1,"height":49,"name":"PET6104_youshour2","x":417},{"frameY":-3,"y":642,"frameWidth":40,"frameX":-2,"frameHeight":35,"width":34,"height":31,"name":"PET6104_bozi","x":195},{"frameY":-5,"y":668,"frameWidth":64,"frameX":-2,"frameHeight":85,"width":57,"height":74,"name":"PET6104_weiba6","x":489},{"frameY":-6,"y":422,"frameWidth":54,"frameX":-3,"frameHeight":96,"width":47,"height":85,"name":"PET6104_weiba5","x":682},{"width":69,"y":237,"height":49,"name":"PET6104_toufa1","x":466},{"frameY":-1,"y":675,"frameWidth":23,"frameX":-1,"frameHeight":15,"width":20,"height":10,"name":"PET6104_xiaba","x":195},{"frameY":-3,"y":613,"frameWidth":45,"frameX":-4,"frameHeight":25,"width":38,"height":21,"name":"PET6104_tou","x":443},{"frameY":-1,"y":642,"frameWidth":17,"frameX":-1,"frameHeight":20,"width":13,"height":18,"name":"PET6104_erduo","x":231},{"frameY":-6,"y":500,"frameWidth":82,"frameX":-4,"frameHeight":103,"width":73,"height":90,"name":"PET6104_weiba4","x":739},{"frameY":-6,"y":332,"frameWidth":115,"frameX":-8,"frameHeight":91,"width":101,"height":82,"name":"PET6104_weiba3","x":739},{"width":78,"y":616,"height":66,"name":"PET6104_shengti","x":609},{"frameY":-8,"y":592,"frameWidth":103,"frameX":-12,"frameHeight":85,"width":86,"height":74,"name":"PET6104_weiba2","x":739},{"frameY":-4,"y":359,"frameWidth":89,"frameX":-8,"frameHeight":70,"width":77,"height":61,"name":"PET6104_weiba1","x":621},{"width":36,"y":359,"height":59,"name":"PET6104_youshoul1","x":700},{"width":46,"y":112,"height":54,"name":"PET6104_xiongmao1","x":417},{"width":46,"y":509,"height":83,"name":"PET6104_youshoul2","x":687},{"frameY":-3,"y":594,"frameWidth":21,"frameX":-2,"frameHeight":18,"width":15,"height":12,"name":"PET6104_yanjingsiwang","x":687},{"frameY":-3,"y":662,"frameWidth":21,"frameX":-2,"frameHeight":18,"width":15,"height":12,"name":"PET6104_yanjingbiyan","x":231},{"frameY":-3,"y":52,"frameWidth":21,"frameX":-2,"frameHeight":18,"width":15,"height":12,"name":"PET6104_yanjingputong","x":417},{"frameY":-3,"y":80,"frameWidth":21,"frameX":-2,"frameHeight":18,"width":15,"height":12,"name":"PET6104_yanjingshouji","x":417},{"frameY":-3,"y":66,"frameWidth":21,"frameX":-2,"frameHeight":18,"width":15,"height":12,"name":"PET6104_yanjinggongji","x":417},{"frameY":-6,"y":416,"frameWidth":95,"frameX":-4,"frameHeight":89,"width":83,"height":76,"name":"PET6104_01_part01_00003","x":824},{"frameY":-10,"y":545,"frameWidth":95,"frameX":-8,"frameHeight":89,"width":76,"height":69,"name":"PET6104_01_part01_00004","x":609},{"frameY":-8,"y":1,"frameWidth":95,"frameX":-10,"frameHeight":89,"width":72,"height":73,"name":"PET6104_01_part01_00005","x":680},{"frameY":-3,"y":332,"frameWidth":95,"frameX":-8,"frameHeight":89,"width":76,"height":82,"name":"PET6104_01_part01_00000","x":842},{"frameY":-3,"y":416,"frameWidth":95,"frameX":-4,"frameHeight":89,"width":83,"height":82,"name":"PET6104_01_part01_00001","x":739},{"frameY":-6,"y":500,"frameWidth":95,"frameX":-4,"frameHeight":89,"width":82,"height":77,"name":"PET6104_01_part01_00002","x":814},{"frameY":-4,"y":764,"frameWidth":128,"frameX":-5,"frameHeight":125,"width":118,"height":120,"name":"PET6104_02_part01_00006","x":369},{"frameY":-4,"y":642,"frameWidth":128,"frameX":-2,"frameHeight":125,"width":118,"height":121,"name":"PET6104_02_part01_00007","x":249},{"frameY":-4,"y":1,"frameWidth":128,"frameX":-6,"frameHeight":125,"width":110,"height":121,"name":"PET6104_02_part01_00008","x":754},{"frameY":-4,"y":642,"frameWidth":128,"frameX":-5,"frameHeight":125,"width":118,"height":120,"name":"PET6104_02_part01_00009","x":369},{"frameY":-4,"y":424,"frameWidth":128,"frameX":-5,"frameHeight":125,"width":118,"height":120,"name":"PET6104_02_part01_00000","x":443},{"frameY":-5,"y":546,"frameWidth":128,"frameX":-2,"frameHeight":125,"width":118,"height":120,"name":"PET6104_02_part01_00010","x":489},{"frameY":-5,"y":888,"frameWidth":128,"frameX":-2,"frameHeight":125,"width":118,"height":120,"name":"PET6104_02_part01_00001","x":249},{"frameY":-5,"y":124,"frameWidth":128,"frameX":-6,"frameHeight":125,"width":110,"height":120,"name":"PET6104_02_part01_00011","x":754},{"frameY":-5,"y":1,"frameWidth":128,"frameX":-6,"frameHeight":125,"width":110,"height":120,"name":"PET6104_02_part01_00002","x":866},{"frameY":-5,"y":424,"frameWidth":128,"frameX":-6,"frameHeight":125,"width":117,"height":119,"name":"PET6104_02_part01_00012","x":563},{"frameY":-4,"y":886,"frameWidth":128,"frameX":-5,"frameHeight":125,"width":118,"height":120,"name":"PET6104_02_part01_00003","x":369},{"frameY":-5,"y":237,"frameWidth":128,"frameX":-2,"frameHeight":125,"width":116,"height":120,"name":"PET6104_02_part01_00013","x":621},{"frameY":-4,"y":765,"frameWidth":128,"frameX":-2,"frameHeight":125,"width":118,"height":121,"name":"PET6104_02_part01_00004","x":249},{"frameY":-4,"y":112,"frameWidth":128,"frameX":-6,"frameHeight":125,"width":110,"height":121,"name":"PET6104_02_part01_00005","x":642},{"frameY":-11,"y":246,"frameWidth":250,"frameX":-17,"frameHeight":109,"width":102,"height":84,"name":"PET6104_02_part02_00019","x":739},{"frameY":0,"y":687,"frameWidth":250,"frameX":0,"frameHeight":109,"width":246,"height":109,"name":"PET6104_02_part02_00014","x":1},{"frameY":0,"y":123,"frameWidth":250,"frameX":0,"frameHeight":109,"width":128,"height":99,"name":"PET6104_02_part02_00009","x":866},{"frameY":0,"y":909,"frameWidth":250,"frameX":0,"frameHeight":109,"width":246,"height":109,"name":"PET6104_02_part02_00015","x":1},{"frameY":0,"y":290,"frameWidth":250,"frameX":0,"frameHeight":109,"width":220,"height":109,"name":"PET6104_02_part02_00010","x":220},{"frameY":0,"y":531,"frameWidth":250,"frameX":0,"frameHeight":109,"width":246,"height":109,"name":"PET6104_02_part02_00016","x":195},{"frameY":0,"y":1,"frameWidth":250,"frameX":0,"frameHeight":109,"width":235,"height":109,"name":"PET6104_02_part02_00011","x":443},{"frameY":0,"y":401,"frameWidth":250,"frameX":0,"frameHeight":109,"width":205,"height":108,"name":"PET6104_02_part02_00017","x":220},{"frameY":0,"y":179,"frameWidth":250,"frameX":0,"frameHeight":109,"width":244,"height":109,"name":"PET6104_02_part02_00012","x":220},{"frameY":0,"y":224,"frameWidth":250,"frameX":-16,"frameHeight":109,"width":114,"height":97,"name":"PET6104_02_part02_00018","x":866},{"frameY":0,"y":798,"frameWidth":250,"frameX":0,"frameHeight":109,"width":246,"height":109,"name":"PET6104_02_part02_00013","x":1}]}