{"width":1024,"imagePath":"S6140_tex.png","height":2048,"name":"S6140","SubTexture":[{"frameY":0,"y":300,"frameWidth":354,"frameX":-12,"frameHeight":326,"width":320,"height":297,"name":"6140_gai/6140_sj/6140_sj_00024","x":323},{"frameY":-193,"y":1308,"frameWidth":354,"frameX":-39,"frameHeight":326,"width":282,"height":104,"name":"6140_gai/6140_sj/6140_sj_00036","x":1},{"frameY":0,"y":599,"frameWidth":354,"frameX":-26,"frameHeight":326,"width":320,"height":297,"name":"6140_gai/6140_sj/6140_sj_00028","x":323},{"frameY":-184,"y":1153,"frameWidth":354,"frameX":-28,"frameHeight":326,"width":305,"height":109,"name":"6140_gai/6140_sj/6140_sj_00039","x":645},{"frameY":0,"y":901,"frameWidth":354,"frameX":-48,"frameHeight":326,"width":258,"height":300,"name":"6140_gai/6140_sj/6140_sj_00034","x":1},{"frameY":0,"y":602,"frameWidth":354,"frameX":-12,"frameHeight":326,"width":320,"height":297,"name":"6140_gai/6140_sj/6140_sj_00032","x":1},{"frameY":0,"y":898,"frameWidth":354,"frameX":-12,"frameHeight":326,"width":320,"height":297,"name":"6140_gai/6140_sj/6140_sj_00033","x":323},{"frameY":-183,"y":1039,"frameWidth":354,"frameX":-31,"frameHeight":326,"width":299,"height":112,"name":"6140_gai/6140_sj/6140_sj_00038","x":645},{"frameY":0,"y":300,"frameWidth":354,"frameX":-12,"frameHeight":326,"width":320,"height":297,"name":"6140_gai/6140_sj/6140_sj_00026","x":645},{"frameY":-193,"y":1264,"frameWidth":354,"frameX":-39,"frameHeight":326,"width":282,"height":104,"name":"6140_gai/6140_sj/6140_sj_00037","x":568},{"frameY":-157,"y":898,"frameWidth":354,"frameX":-48,"frameHeight":326,"width":258,"height":139,"name":"6140_gai/6140_sj/6140_sj_00035","x":645},{"frameY":0,"y":1,"frameWidth":354,"frameX":-12,"frameHeight":326,"width":320,"height":297,"name":"6140_gai/6140_sj/6140_sj_00031","x":323},{"frameY":0,"y":599,"frameWidth":354,"frameX":-26,"frameHeight":326,"width":320,"height":297,"name":"6140_gai/6140_sj/6140_sj_00029","x":645},{"frameY":0,"y":1,"frameWidth":354,"frameX":-12,"frameHeight":326,"width":320,"height":297,"name":"6140_gai/6140_sj/6140_sj_00025","x":645},{"frameY":-184,"y":1197,"frameWidth":354,"frameX":-28,"frameHeight":326,"width":305,"height":109,"name":"6140_gai/6140_sj/6140_sj_00040","x":261},{"frameY":0,"y":1,"frameWidth":354,"frameX":-12,"frameHeight":326,"width":320,"height":300,"name":"6140_gai/6140_sj/6140_sj_00030","x":1},{"frameY":0,"y":303,"frameWidth":354,"frameX":-26,"frameHeight":326,"width":320,"height":297,"name":"6140_gai/6140_sj/6140_sj_00027","x":1}]}