{"frameRate":60,"name":"S6140","version":"5.5","compatibleVersion":"5.5","armature":[{"type":"Armature","frameRate":60,"name":"Armature","aabb":{"x":-346,"y":-195,"width":354,"height":326},"bone":[{"name":"root"},{"inheritScale":false,"name":"Layer3","parent":"root","transform":{"x":-169,"y":-32}},{"inheritScale":false,"name":"Layer2","parent":"root","transform":{"x":-169,"y":-32}},{"inheritScale":false,"name":"Layer5","parent":"root","transform":{"x":-169,"y":-32}}],"slot":[{"name":"Layer2","parent":"Layer2"},{"name":"Layer3","parent":"Layer3"},{"name":"Layer5","parent":"Layer5"}],"skin":[{"slot":[{"name":"Layer3","display":[{"name":"6140_gai/6140_sj/6140_sj_00024"},{"name":"6140_gai/6140_sj/6140_sj_00025"},{"name":"6140_gai/6140_sj/6140_sj_00026"},{"name":"6140_gai/6140_sj/6140_sj_00027"},{"name":"6140_gai/6140_sj/6140_sj_00028"},{"name":"6140_gai/6140_sj/6140_sj_00029"},{"name":"6140_gai/6140_sj/6140_sj_00030"},{"name":"6140_gai/6140_sj/6140_sj_00031"},{"name":"6140_gai/6140_sj/6140_sj_00032"},{"name":"6140_gai/6140_sj/6140_sj_00033"},{"name":"6140_gai/6140_sj/6140_sj_00034"},{"name":"6140_gai/6140_sj/6140_sj_00035"},{"name":"6140_gai/6140_sj/6140_sj_00036"},{"name":"6140_gai/6140_sj/6140_sj_00037"},{"name":"6140_gai/6140_sj/6140_sj_00038"},{"name":"6140_gai/6140_sj/6140_sj_00039"},{"name":"6140_gai/6140_sj/6140_sj_00040"}]},{"name":"Layer2","display":[{"name":"6140_gai/6140_sj/6140_sj_00024"},{"name":"6140_gai/6140_sj/6140_sj_00025"},{"name":"6140_gai/6140_sj/6140_sj_00026"},{"name":"6140_gai/6140_sj/6140_sj_00027"},{"name":"6140_gai/6140_sj/6140_sj_00028"},{"name":"6140_gai/6140_sj/6140_sj_00029"},{"name":"6140_gai/6140_sj/6140_sj_00030"},{"name":"6140_gai/6140_sj/6140_sj_00031"},{"name":"6140_gai/6140_sj/6140_sj_00032"},{"name":"6140_gai/6140_sj/6140_sj_00033"},{"name":"6140_gai/6140_sj/6140_sj_00034"},{"name":"6140_gai/6140_sj/6140_sj_00035"},{"name":"6140_gai/6140_sj/6140_sj_00036"},{"name":"6140_gai/6140_sj/6140_sj_00037"},{"name":"6140_gai/6140_sj/6140_sj_00038"},{"name":"6140_gai/6140_sj/6140_sj_00039"},{"name":"6140_gai/6140_sj/6140_sj_00040"}]},{"name":"Layer5","display":[{"name":"6140_gai/6140_sj/6140_sj_00024"},{"name":"6140_gai/6140_sj/6140_sj_00025"},{"name":"6140_gai/6140_sj/6140_sj_00026"},{"name":"6140_gai/6140_sj/6140_sj_00027"},{"name":"6140_gai/6140_sj/6140_sj_00028"},{"name":"6140_gai/6140_sj/6140_sj_00029"},{"name":"6140_gai/6140_sj/6140_sj_00030"},{"name":"6140_gai/6140_sj/6140_sj_00031"},{"name":"6140_gai/6140_sj/6140_sj_00032"},{"name":"6140_gai/6140_sj/6140_sj_00033"},{"name":"6140_gai/6140_sj/6140_sj_00034"},{"name":"6140_gai/6140_sj/6140_sj_00035"},{"name":"6140_gai/6140_sj/6140_sj_00036"},{"name":"6140_gai/6140_sj/6140_sj_00037"},{"name":"6140_gai/6140_sj/6140_sj_00038"},{"name":"6140_gai/6140_sj/6140_sj_00039"},{"name":"6140_gai/6140_sj/6140_sj_00040"}]}]}],"animation":[{"duration":96,"playTimes":0,"name":"hit","frame":[{"duration":4},{"duration":8,"events":[{"name":"0"}]},{"duration":4,"events":[{"name":"0"}]},{"duration":12,"events":[{"name":"1"}]},{"events":[{"name":"1"}]},{"events":[{"name":"0"}]},{"duration":12,"events":[{"name":"2"}]},{"duration":2,"events":[{"name":"2"}]},{"duration":14,"events":[{"name":"1"}]},{"duration":0,"events":[{"name":"2"}]}],"bone":[{"name":"Layer5","translateFrame":[{"duration":96,"x":254,"y":-32}],"scaleFrame":[{"duration":96,"x":2,"y":2}]},{"name":"Layer3","translateFrame":[{"duration":96,"x":350,"y":-134}],"scaleFrame":[{"duration":96,"x":2,"y":2}]},{"name":"Layer2","translateFrame":[{"duration":96,"x":130,"y":-235}],"scaleFrame":[{"duration":96,"x":2,"y":2}]},{"name":"root","translateFrame":[{"duration":96,"y":-75}]}],"slot":[{"name":"Layer5","displayFrame":[{"duration":34},{"duration":4,"value":1},{"duration":4,"value":2},{"duration":4,"value":3},{"duration":4,"value":4},{"duration":4,"value":5},{"duration":4,"value":6},{"duration":4,"value":7},{"duration":4,"value":8},{"duration":4,"value":9},{"duration":4,"value":10},{"duration":4,"value":11},{"duration":4,"value":12},{"duration":4,"value":13},{"duration":4,"value":14},{"duration":4,"value":15},{"duration":2,"value":16}],"colorFrame":[{"duration":28,"tweenEasing":0,"value":{"aM":0}},{"duration":2,"tweenEasing":0,"value":{"aM":0}},{"duration":64,"tweenEasing":0},{"duration":2,"tweenEasing":0},{"duration":0,"value":{"aM":0}}]},{"name":"Layer3","displayFrame":[{"duration":20},{"duration":4,"value":1},{"duration":4,"value":2},{"duration":4,"value":3},{"duration":4,"value":4},{"duration":4,"value":5},{"duration":4,"value":6},{"duration":4,"value":7},{"duration":4,"value":8},{"duration":4,"value":9},{"duration":4,"value":10},{"duration":4,"value":11},{"duration":4,"value":12},{"duration":4,"value":13},{"duration":4,"value":14},{"duration":4,"value":15},{"duration":16,"value":16}],"colorFrame":[{"duration":14,"tweenEasing":0,"value":{"aM":0}},{"duration":2,"tweenEasing":0,"value":{"aM":0}},{"duration":64,"tweenEasing":0},{"duration":2,"tweenEasing":0},{"duration":14,"value":{"aM":0}}]},{"name":"Layer2","displayFrame":[{"duration":4},{"duration":4,"value":1},{"duration":4,"value":2},{"duration":4,"value":3},{"duration":4,"value":4},{"duration":4,"value":5},{"duration":4,"value":6},{"duration":4,"value":7},{"duration":4,"value":8},{"duration":4,"value":9},{"duration":4,"value":10},{"duration":4,"value":11},{"duration":4,"value":12},{"duration":4,"value":13},{"duration":4,"value":14},{"duration":4,"value":15},{"duration":32,"value":16}],"colorFrame":[{"duration":64,"tweenEasing":0},{"duration":2,"tweenEasing":0},{"duration":30,"value":{"aM":0}}]}]}],"defaultActions":[{"gotoAndPlay":"hit"}]}]}