{"frameRate":60,"name":"202","version":"5.5","compatibleVersion":"5.5","armature":[{"type":"Armature","frameRate":60,"name":"Armature","aabb":{"x":-47.5,"y":-43,"width":95,"height":86},"bone":[{"inheritScale":false,"name":"Layer7"}],"slot":[{"name":"Layer7","parent":"Layer7"}],"skin":[{"slot":[{"name":"Layer7","display":[{"name":"pet6016_skill_xuanyun/pet6017_skill_xuanyun_00031"},{"name":"pet6016_skill_xuanyun/pet6017_skill_xuanyun_00032"},{"name":"pet6016_skill_xuanyun/pet6017_skill_xuanyun_00033"},{"name":"pet6016_skill_xuanyun/pet6017_skill_xuanyun_00034"},{"name":"pet6016_skill_xuanyun/pet6017_skill_xuanyun_00035"},{"name":"pet6016_skill_xuanyun/pet6017_skill_xuanyun_00036"},{"name":"pet6016_skill_xuanyun/pet6017_skill_xuanyun_00037"},{"name":"pet6016_skill_xuanyun/pet6017_skill_xuanyun_00038"}]}]}],"animation":[{"duration":28,"playTimes":0,"name":"buff","bone":[{"name":"Layer7","scaleFrame":[{"duration":28,"x":2,"y":2}]}],"slot":[{"name":"Layer7","displayFrame":[{"duration":4},{"duration":4,"value":1},{"duration":4,"value":2},{"duration":4,"value":3},{"duration":4,"value":4},{"duration":4,"value":5},{"duration":4,"value":6},{"duration":0,"value":7}]}]}],"defaultActions":[{"gotoAndPlay":"buff"}]}]}