{"imagePath":"202_tex.png","width":256,"height":256,"name":"202","SubTexture":[{"frameY":-6,"y":81,"frameWidth":95,"frameHeight":86,"width":86,"height":76,"name":"pet6016_skill_xuanyun/pet6017_skill_xuanyun_00032","frameX":-5,"x":1},{"frameY":-18,"y":82,"frameWidth":95,"frameHeight":86,"width":87,"height":66,"name":"pet6016_skill_xuanyun/pet6017_skill_xuanyun_00033","frameX":-6,"x":89},{"frameY":-7,"y":159,"frameWidth":95,"frameHeight":86,"width":87,"height":75,"name":"pet6016_skill_xuanyun/pet6017_skill_xuanyun_00031","frameX":-4,"x":1},{"frameY":-5,"y":82,"frameWidth":95,"frameHeight":86,"width":60,"height":81,"name":"pet6016_skill_xuanyun/pet6017_skill_xuanyun_00036","frameX":-16,"x":178},{"frameY":-5,"y":1,"frameWidth":95,"frameHeight":86,"width":86,"height":79,"name":"pet6016_skill_xuanyun/pet6017_skill_xuanyun_00034","frameX":-7,"x":91},{"frameY":-3,"y":1,"frameWidth":95,"frameHeight":86,"width":32,"height":70,"name":"pet6016_skill_xuanyun/pet6017_skill_xuanyun_00038","frameX":-22,"x":179},{"frameY":-56,"y":150,"frameWidth":95,"frameHeight":86,"width":56,"height":28,"name":"pet6016_skill_xuanyun/pet6017_skill_xuanyun_00037","frameX":-17,"x":90},{"frameY":-4,"y":1,"frameWidth":95,"frameHeight":86,"width":88,"height":78,"name":"pet6016_skill_xuanyun/pet6017_skill_xuanyun_00035","frameX":-5,"x":1}]}