{"frameRate":60,"name":"Matrix","version":"5.5","compatibleVersion":"5.5","armature":[{"type":"Armature","frameRate":60,"name":"Armature","aabb":{"x":-115.07,"y":-55.71,"width":230,"height":110},"bone":[{"name":"root"},{"inheritScale":false,"name":"Layer3","parent":"root","transform":{"x":0.0226,"y":0.2377,"scX":4,"scY":4}}],"slot":[{"name":"Layer3","parent":"Layer3"}],"skin":[{"slot":[{"name":"Layer3","display":[{"name":"kapai_fzg/kapai_fzg_00","transform":{"x":-0.02,"y":-0.24}},{"name":"kapai_fzg/kapai_fzg_01","transform":{"x":-0.02,"y":-0.24}},{"name":"kapai_fzg/kapai_fzg_02","transform":{"x":-0.02,"y":-0.24}},{"name":"kapai_fzg/kapai_fzg_03","transform":{"x":-0.02,"y":-0.24}},{"name":"kapai_fzg/kapai_fzg_04","transform":{"x":-0.02,"y":-0.24}},{"name":"kapai_fzg/kapai_fzg_05","transform":{"x":-0.02,"y":-0.24}},{"name":"kapai_fzg/kapai_fzg_06","transform":{"x":-0.02,"y":-0.24}},{"name":"kapai_fzg/kapai_fzg_07","transform":{"x":-0.02,"y":-0.24}},{"name":"kapai_fzg/kapai_fzg_08","transform":{"x":-0.02,"y":-0.24}},{"name":"kapai_fzg/kapai_fzg_09","transform":{"x":-0.02,"y":-0.24}},{"name":"kapai_fzg/kapai_fzg_10","transform":{"x":-0.02,"y":-0.24}},{"name":"kapai_fzg/kapai_fzg_11","transform":{"x":-0.02,"y":-0.24}}]}]}],"animation":[{"duration":88,"playTimes":0,"name":"run","slot":[{"name":"Layer3","displayFrame":[{"duration":8},{"duration":8,"value":1},{"duration":8,"value":2},{"duration":8,"value":3},{"duration":8,"value":4},{"duration":8,"value":5},{"duration":8,"value":6},{"duration":8,"value":7},{"duration":8,"value":8},{"duration":8,"value":9},{"duration":8,"value":10},{"duration":0,"value":11}]}]}],"defaultActions":[{"gotoAndPlay":"run"}]}]}