{"width":512,"imagePath":"Matrix_tex.png","height":1024,"name":"Matrix","SubTexture":[{"y":1,"frameX":0,"frameHeight":110,"frameY":-8,"width":228,"frameWidth":230,"height":97,"name":"kapai_fzg/kapai_fzg_10","x":231},{"y":496,"frameX":-1,"frameHeight":110,"frameY":-8,"width":227,"frameWidth":230,"height":97,"name":"kapai_fzg/kapai_fzg_00","x":230},{"y":100,"frameX":0,"frameHeight":110,"frameY":-8,"width":228,"frameWidth":230,"height":97,"name":"kapai_fzg/kapai_fzg_04","x":1},{"y":496,"frameX":-1,"frameHeight":110,"frameY":-8,"width":227,"frameWidth":230,"height":97,"name":"kapai_fzg/kapai_fzg_01","x":1},{"y":199,"frameX":0,"frameHeight":110,"frameY":-8,"width":228,"frameWidth":230,"height":97,"name":"kapai_fzg/kapai_fzg_09","x":231},{"y":397,"frameX":0,"frameHeight":110,"frameY":-8,"width":228,"frameWidth":230,"height":97,"name":"kapai_fzg/kapai_fzg_08","x":231},{"y":199,"frameX":0,"frameHeight":110,"frameY":-8,"width":228,"frameWidth":230,"height":97,"name":"kapai_fzg/kapai_fzg_06","x":1},{"y":397,"frameX":0,"frameHeight":110,"frameY":-8,"width":228,"frameWidth":230,"height":97,"name":"kapai_fzg/kapai_fzg_05","x":1},{"y":298,"frameX":0,"frameHeight":110,"frameY":-8,"width":228,"frameWidth":230,"height":97,"name":"kapai_fzg/kapai_fzg_03","x":231},{"y":298,"frameX":0,"frameHeight":110,"frameY":-8,"width":228,"frameWidth":230,"height":97,"name":"kapai_fzg/kapai_fzg_02","x":1},{"y":1,"frameX":0,"frameHeight":110,"frameY":-8,"width":228,"frameWidth":230,"height":97,"name":"kapai_fzg/kapai_fzg_11","x":1},{"y":100,"frameX":0,"frameHeight":110,"frameY":-8,"width":228,"frameWidth":230,"height":97,"name":"kapai_fzg/kapai_fzg_07","x":231}]}