{"imagePath":"102_tex.png","width":1024,"height":512,"name":"102","SubTexture":[{"frameY":0,"y":228,"frameWidth":217,"frameHeight":232,"width":204,"height":214,"name":"TX_jianshang_05","frameX":-8,"x":419},{"frameY":0,"y":228,"frameWidth":217,"frameHeight":232,"width":189,"height":165,"name":"TX_jianshang_04","frameX":-15,"x":625},{"frameY":0,"y":1,"frameWidth":217,"frameHeight":232,"width":207,"height":229,"name":"TX_jianshang_09","frameX":-6,"x":1},{"frameY":-3,"y":347,"frameWidth":217,"frameHeight":232,"width":97,"height":80,"name":"TX_jianshang_02","frameX":-59,"x":816},{"frameY":0,"y":232,"frameWidth":217,"frameHeight":232,"width":207,"height":227,"name":"TX_jianshang_07","frameX":-6,"x":210},{"frameY":0,"y":1,"frameWidth":217,"frameHeight":232,"width":207,"height":225,"name":"TX_jianshang_06","frameX":-6,"x":419},{"frameY":0,"y":232,"frameWidth":217,"frameHeight":232,"width":207,"height":229,"name":"TX_jianshang_10","frameX":-6,"x":1},{"frameY":-1,"y":228,"frameWidth":217,"frameHeight":232,"width":155,"height":117,"name":"TX_jianshang_03","frameX":-31,"x":816},{"frameY":0,"y":1,"frameWidth":217,"frameHeight":232,"width":207,"height":229,"name":"TX_jianshang_08","frameX":-6,"x":210},{"frameY":-12,"y":347,"frameWidth":217,"frameHeight":232,"width":54,"height":51,"name":"TX_jianshang_01","frameX":-82,"x":915}]}