{"frameRate":60,"name":"102","version":"5.5","compatibleVersion":"5.5","armature":[{"type":"Armature","frameRate":60,"name":"Armature","aabb":{"x":-108.5,"y":-209,"width":217,"height":232},"bone":[{"inheritScale":false,"name":"Layer1","transform":{"y":-93}}],"slot":[{"name":"Layer1","parent":"Layer1"}],"skin":[{"slot":[{"name":"Layer1","display":[{"name":"TX_jianshang_01"},{"name":"TX_jianshang_02"},{"name":"TX_jianshang_03"},{"name":"TX_jianshang_04"},{"name":"TX_jianshang_05"},{"name":"TX_jianshang_06"},{"name":"TX_jianshang_07"},{"name":"TX_jianshang_08"},{"name":"TX_jianshang_09"},{"name":"TX_jianshang_10"}]}]}],"animation":[{"duration":36,"playTimes":0,"name":"buff_start","bone":[{"name":"Layer1","scaleFrame":[{"duration":36,"y":1.1}]}],"slot":[{"name":"Layer1","displayFrame":[{"duration":4},{"duration":4,"value":1},{"duration":4,"value":2},{"duration":4,"value":3},{"duration":4,"value":4},{"duration":4,"value":5},{"duration":4,"value":6},{"duration":4,"value":7},{"duration":4,"value":8},{"duration":0,"value":9}]}]},{"duration":60,"playTimes":0,"name":"buff","bone":[{"name":"Layer1","scaleFrame":[{"duration":60,"y":1.1}]}],"slot":[{"name":"Layer1","displayFrame":[{"duration":60,"value":9}],"colorFrame":[{"duration":30,"tweenEasing":0},{"duration":30,"tweenEasing":0,"value":{"aM":70}},{"duration":0}]}]},{"duration":40,"playTimes":0,"name":"buff_end","bone":[{"name":"Layer1","scaleFrame":[{"duration":40,"y":1.1}]}],"slot":[{"name":"Layer1","displayFrame":[{"duration":4,"value":9},{"duration":4,"value":8},{"duration":4,"value":7},{"duration":4,"value":6},{"duration":4,"value":5},{"duration":4,"value":4},{"duration":4,"value":3},{"duration":4,"value":2},{"duration":4,"value":1},{"duration":4}],"colorFrame":[{"duration":36,"tweenEasing":0},{"duration":4,"tweenEasing":0},{"duration":0,"value":{"aM":0}}]}]}],"defaultActions":[{"gotoAndPlay":"buff_start"}]}]}