{"width":512,"imagePath":"S6131_tex.png","name":"S6131","SubTexture":[{"frameY":-23,"y":455,"frameWidth":316,"frameHeight":250,"width":245,"height":221,"name":"pet6131_02/pet6131_02_part04/pet6131_02_part04_00013","frameX":-57,"x":1},{"frameY":-34,"y":678,"frameWidth":316,"frameHeight":250,"width":297,"height":181,"name":"pet6131_02/pet6131_02_part04/pet6131_02_part04_00016","frameX":-14,"x":1},{"frameY":-13,"y":232,"frameWidth":316,"frameHeight":250,"width":259,"height":221,"name":"pet6131_02/pet6131_02_part04/pet6131_02_part04_00014","frameX":-38,"x":1},{"frameY":-24,"y":232,"frameWidth":316,"frameHeight":250,"width":248,"height":223,"name":"pet6131_02/pet6131_02_part04/pet6131_02_part04_00012","frameX":-59,"x":262},{"frameY":-6,"y":1,"frameWidth":316,"frameHeight":250,"width":280,"height":229,"name":"pet6131_02/pet6131_02_part04/pet6131_02_part04_00015","frameX":-25,"x":1},{"frameY":-3,"y":457,"frameWidth":77,"frameHeight":82,"width":76,"height":75,"name":"pet6131_02/pet6131_02_part03/pet6131_02_part03_00011","frameX":-1,"x":248},{"frameY":-36,"y":1,"frameWidth":316,"frameHeight":250,"width":200,"height":179,"name":"pet6131_02/pet6131_02_part04/pet6131_02_part04_00017","frameX":-75,"x":283}],"height":1024}