{"frameRate":60,"name":"S6131","version":"5.5","compatibleVersion":"5.5","armature":[{"type":"Armature","frameRate":60,"name":"Armature","aabb":{"x":-38.5,"y":-41,"width":77,"height":82},"bone":[{"inheritScale":false,"name":"Layer8"}],"slot":[{"name":"Layer8","parent":"Layer8"}],"skin":[{"slot":[{"name":"Layer8","display":[{"name":"pet6131_02/pet6131_02_part03/pet6131_02_part03_00011"},{"name":"pet6131_02/pet6131_02_part04/pet6131_02_part04_00012"},{"name":"pet6131_02/pet6131_02_part04/pet6131_02_part04_00013"},{"name":"pet6131_02/pet6131_02_part04/pet6131_02_part04_00014"},{"name":"pet6131_02/pet6131_02_part04/pet6131_02_part04_00015"},{"name":"pet6131_02/pet6131_02_part04/pet6131_02_part04_00016"},{"name":"pet6131_02/pet6131_02_part04/pet6131_02_part04_00017"}]}]}],"animation":[{"duration":24,"playTimes":0,"name":"hit","frame":[{"duration":4},{"duration":0,"events":[{"name":"0"}]}],"bone":[{"name":"Layer8","translateFrame":[{"duration":4,"tweenEasing":0,"x":-275.71,"y":-178.43},{"duration":20,"x":-28}],"scaleFrame":[{"duration":24,"x":2,"y":2}]}],"slot":[{"name":"Layer8","displayFrame":[{"duration":4},{"duration":4,"value":1},{"duration":4,"value":2},{"duration":4,"value":3},{"duration":4,"value":4},{"duration":4,"value":5},{"duration":0,"value":6}]}]}],"defaultActions":[{"gotoAndPlay":"hit"}]}]}