{"frameRate":60,"name":"A6006","version":"5.5","compatibleVersion":"5.5","armature":[{"type":"Armature","frameRate":60,"name":"Armature","aabb":{"x":-57.5,"y":-100.5,"width":260,"height":144.5},"bone":[{"name":"root"},{"inheritScale":false,"name":"Layer3","parent":"root","transform":{"x":120,"y":-25}},{"inheritScale":false,"name":"Layer4","parent":"root","transform":{"x":6,"y":-39}}],"slot":[{"name":"Layer3","parent":"Layer3"},{"name":"Layer4","parent":"Layer4"}],"skin":[{"slot":[{"name":"Layer3","display":[{"name":"PET6006_01/PET6006_01_part01/PET6006_01_part01_00000"},{"name":"PET6006_01/PET6006_01_part01/PET6006_01_part01_00001"},{"name":"PET6006_01/PET6006_01_part01/PET6006_01_part01_00002"},{"name":"PET6006_01/PET6006_01_part01/PET6006_01_part01_00003"},{"name":"PET6006_01/PET6006_01_part01/PET6006_01_part01_00004"},{"name":"PET6006_01/PET6006_01_part01/PET6006_01_part01_00005"},{"name":"PET6006_01/PET6006_01_part01/PET6006_01_part01_00006"},{"name":"PET6006_01/PET6006_01_part01/PET6006_01_part01_00007"}]},{"name":"Layer4","display":[{"name":"PET6006_01/PET6006_01_part02/PET6006_01_part02_00005"},{"name":"PET6006_01/PET6006_01_part02/PET6006_01_part02_00006"},{"name":"PET6006_01/PET6006_01_part02/PET6006_01_part02_00007"},{"name":"PET6006_01/PET6006_01_part02/PET6006_01_part02_00008"},{"name":"PET6006_01/PET6006_01_part02/PET6006_01_part02_00009"},{"name":"PET6006_01/PET6006_01_part02/PET6006_01_part02_00010"},{"name":"PET6006_01/PET6006_01_part02/PET6006_01_part02_00011"},{"name":"PET6006_01/PET6006_01_part02/PET6006_01_part02_00012"},{"name":"PET6006_01/PET6006_01_part02/PET6006_01_part02_00013"},{"name":"PET6006_01/PET6006_01_part02/PET6006_01_part02_00014"},{"name":"PET6006_01/PET6006_01_part02/PET6006_01_part02_00015"},{"name":"PET6006_01/PET6006_01_part02/PET6006_01_part02_00016"},{"name":"PET6006_01/PET6006_01_part02/PET6006_01_part02_00017"},{"name":"PET6006_01/PET6006_01_part02/PET6006_01_part02_00018"}]}]}],"animation":[{"duration":28,"playTimes":0,"name":"track","bone":[{"name":"Layer3","scaleFrame":[{"duration":28,"x":3,"y":3}]}],"slot":[{"name":"Layer3","displayFrame":[{"duration":4},{"duration":4,"value":1},{"duration":4,"value":2},{"duration":4,"value":3},{"duration":4,"value":4},{"duration":4,"value":5},{"duration":4,"value":6},{"duration":0,"value":7}]},{"name":"Layer4","displayFrame":[{"duration":28,"value":-1}]}]},{"duration":52,"playTimes":0,"name":"hit","frame":[{"duration":28},{"duration":0,"events":[{"name":"0"}]}],"bone":[{"name":"Layer4","scaleFrame":[{"duration":52,"x":1.3,"y":1.3}]}],"slot":[{"name":"Layer4","displayFrame":[{"duration":4},{"duration":4,"value":1},{"duration":4,"value":2},{"duration":4,"value":3},{"duration":4,"value":4},{"duration":4,"value":5},{"duration":4,"value":6},{"duration":4,"value":7},{"duration":4,"value":8},{"duration":4,"value":9},{"duration":4,"value":10},{"duration":4,"value":11},{"duration":4,"value":12},{"duration":0,"value":13}]},{"name":"Layer3","displayFrame":[{"duration":52,"value":-1}]}]}],"defaultActions":[{"gotoAndPlay":"track"}]}]}