{"width":512,"imagePath":"A6006_tex.png","height":1024,"name":"A6006","SubTexture":[{"y":134,"frameX":-18,"frameHeight":138,"frameY":-3,"width":147,"frameWidth":165,"height":132,"name":"PET6006_01/PET6006_01_part01/PET6006_01_part01_00006","x":319},{"y":135,"frameX":-14,"frameHeight":138,"frameY":-2,"width":151,"frameWidth":165,"height":131,"name":"PET6006_01/PET6006_01_part01/PET6006_01_part01_00005","x":1},{"y":1,"frameX":-3,"frameHeight":138,"frameY":-1,"width":160,"frameWidth":165,"height":132,"name":"PET6006_01/PET6006_01_part01/PET6006_01_part01_00003","x":1},{"y":1,"frameX":-4,"frameHeight":138,"frameY":-1,"width":156,"frameWidth":165,"height":131,"name":"PET6006_01/PET6006_01_part01/PET6006_01_part01_00002","x":325},{"y":134,"frameX":-11,"frameHeight":138,"frameY":-2,"width":154,"frameWidth":165,"height":131,"name":"PET6006_01/PET6006_01_part01/PET6006_01_part01_00004","x":163},{"y":1,"frameX":0,"frameHeight":138,"frameY":0,"width":160,"frameWidth":165,"height":131,"name":"PET6006_01/PET6006_01_part01/PET6006_01_part01_00001","x":163},{"y":267,"frameX":-21,"frameHeight":138,"frameY":-1,"width":144,"frameWidth":165,"height":132,"name":"PET6006_01/PET6006_01_part01/PET6006_01_part01_00007","x":154},{"y":430,"frameX":-10,"frameHeight":138,"frameY":-16,"width":83,"frameWidth":165,"height":108,"name":"PET6006_01/PET6006_01_part01/PET6006_01_part01_00000","x":415},{"y":401,"frameX":-8,"frameHeight":123,"frameY":0,"width":116,"frameWidth":127,"height":107,"name":"PET6006_01/PET6006_01_part02/PET6006_01_part02_00011","x":154},{"y":510,"frameX":0,"frameHeight":123,"frameY":-53,"width":117,"frameWidth":127,"height":69,"name":"PET6006_01/PET6006_01_part02/PET6006_01_part02_00005","x":104},{"y":268,"frameX":-11,"frameHeight":123,"frameY":-37,"width":113,"frameWidth":127,"height":81,"name":"PET6006_01/PET6006_01_part02/PET6006_01_part02_00010","x":300},{"y":268,"frameX":-4,"frameHeight":123,"frameY":-24,"width":120,"frameWidth":127,"height":95,"name":"PET6006_01/PET6006_01_part02/PET6006_01_part02_00007","x":1},{"y":268,"frameX":-28,"frameHeight":123,"frameY":-14,"width":59,"frameWidth":127,"height":74,"name":"PET6006_01/PET6006_01_part02/PET6006_01_part02_00016","x":415},{"y":461,"frameX":-12,"frameHeight":123,"frameY":-2,"width":101,"frameWidth":127,"height":97,"name":"PET6006_01/PET6006_01_part02/PET6006_01_part02_00013","x":1},{"y":490,"frameX":-64,"frameHeight":123,"frameY":-23,"width":18,"frameWidth":127,"height":33,"name":"PET6006_01/PET6006_01_part02/PET6006_01_part02_00018","x":393},{"y":560,"frameX":-23,"frameHeight":123,"frameY":-8,"width":68,"frameWidth":127,"height":84,"name":"PET6006_01/PET6006_01_part02/PET6006_01_part02_00015","x":1},{"y":495,"frameX":-8,"frameHeight":123,"frameY":-41,"width":119,"frameWidth":127,"height":75,"name":"PET6006_01/PET6006_01_part02/PET6006_01_part02_00008","x":272},{"y":401,"frameX":-18,"frameHeight":123,"frameY":-1,"width":101,"frameWidth":127,"height":92,"name":"PET6006_01/PET6006_01_part02/PET6006_01_part02_00014","x":272},{"y":540,"frameX":-11,"frameHeight":123,"frameY":-42,"width":113,"frameWidth":127,"height":73,"name":"PET6006_01/PET6006_01_part02/PET6006_01_part02_00009","x":393},{"y":430,"frameX":-47,"frameHeight":123,"frameY":-20,"width":37,"frameWidth":127,"height":58,"name":"PET6006_01/PET6006_01_part02/PET6006_01_part02_00017","x":375},{"y":351,"frameX":-6,"frameHeight":123,"frameY":-44,"width":118,"frameWidth":127,"height":77,"name":"PET6006_01/PET6006_01_part02/PET6006_01_part02_00006","x":375},{"y":365,"frameX":-10,"frameHeight":123,"frameY":-1,"width":105,"frameWidth":127,"height":94,"name":"PET6006_01/PET6006_01_part02/PET6006_01_part02_00012","x":1}]}