{"frameRate":60,"name":"S6005","version":"5.5","compatibleVersion":"5.5","armature":[{"type":"Armature","frameRate":60,"name":"Armature","aabb":{"x":-48.5,"y":-163,"width":97,"height":130},"bone":[{"inheritScale":false,"name":"Layer3","transform":{"y":-98}}],"slot":[{"name":"Layer3","parent":"Layer3"}],"skin":[{"slot":[{"name":"Layer3","display":[{"name":"pet6005_02/pet6005_02_part02/pet6005_02_part02_00017"},{"name":"pet6005_02/pet6005_02_part02/pet6005_02_part02_00018"},{"name":"pet6005_02/pet6005_02_part02/pet6005_02_part02_00019"},{"name":"pet6005_02/pet6005_02_part02/pet6005_02_part02_00020"},{"name":"pet6005_02/pet6005_02_part02/pet6005_02_part02_00021"},{"name":"pet6005_02/pet6005_02_part02/pet6005_02_part02_00022"},{"name":"pet6005_02/pet6005_02_part02/pet6005_02_part02_00023"},{"name":"pet6005_02/pet6005_02_part02/pet6005_02_part02_00024"},{"name":"pet6005_02/pet6005_02_part02/pet6005_02_part02_00025"},{"name":"pet6005_02/pet6005_02_part02/pet6005_02_part02_00026"},{"name":"pet6005_02/pet6005_02_part02/pet6005_02_part02_00027"},{"name":"pet6005_02/pet6005_02_part02/pet6005_02_part02_00028"},{"name":"pet6005_02/pet6005_02_part02/pet6005_02_part02_00029"},{"name":"pet6005_02/pet6005_02_part02/pet6005_02_part02_00030"},{"name":"pet6005_02/pet6005_02_part02/pet6005_02_part02_00031"},{"name":"pet6005_02/pet6005_02_part01/pet6005_02_part01_00007","transform":{"x":-0.5,"y":-0.5}},{"name":"pet6005_02/pet6005_02_part01/pet6005_02_part01_00008","transform":{"x":-0.5,"y":-0.5}},{"name":"pet6005_02/pet6005_02_part01/pet6005_02_part01_00009","transform":{"x":-0.5,"y":-0.5}},{"name":"pet6005_02/pet6005_02_part01/pet6005_02_part01_00010","transform":{"x":-0.5,"y":-0.5}},{"name":"pet6005_02/pet6005_02_part01/pet6005_02_part01_00011","transform":{"x":-0.5,"y":-0.5}},{"name":"pet6005_02/pet6005_02_part01/pet6005_02_part01_00012","transform":{"x":-0.5,"y":-0.5}},{"name":"pet6005_02/pet6005_02_part01/pet6005_02_part01_00013","transform":{"x":-0.5,"y":-0.5}},{"name":"pet6005_02/pet6005_02_part01/pet6005_02_part01_00014","transform":{"x":-0.5,"y":-0.5}},{"name":"pet6005_02/pet6005_02_part01/pet6005_02_part01_00015","transform":{"x":-0.5,"y":-0.5}},{"name":"pet6005_02/pet6005_02_part01/pet6005_02_part01_00016","transform":{"x":-0.5,"y":-0.5}},{"name":"pet6005_02/pet6005_02_part01/pet6005_02_part01_00017","transform":{"x":-0.5,"y":-0.5}},{"name":"pet6005_02/pet6005_02_part01/pet6005_02_part01_00018","transform":{"x":-0.5,"y":-0.5}},{"name":"pet6005_02/pet6005_02_part01/pet6005_02_part01_00019","transform":{"x":-0.5,"y":-0.5}},{"name":"pet6005_02/pet6005_02_part01/pet6005_02_part01_00020","transform":{"x":-0.5,"y":-0.5}},{"name":"pet6005_02/pet6005_02_part01/pet6005_02_part01_00021","transform":{"x":-0.5,"y":-0.5}}]}]}],"animation":[{"duration":56,"playTimes":0,"name":"hit","frame":[{"duration":4},{"duration":8,"events":[{"name":"0"}]},{"duration":8,"events":[{"name":"1"}]},{"duration":8,"events":[{"name":"2"}]},{"duration":8,"events":[{"name":"3"}]},{"duration":8,"events":[{"name":"4"}]},{"duration":0,"events":[{"name":"5"}]}],"bone":[{"name":"Layer3","scaleFrame":[{"duration":56,"x":2,"y":2}]}],"slot":[{"name":"Layer3","displayFrame":[{"duration":4},{"duration":4,"value":1},{"duration":4,"value":2},{"duration":4,"value":3},{"duration":4,"value":4},{"duration":4,"value":5},{"duration":4,"value":6},{"duration":4,"value":7},{"duration":4,"value":8},{"duration":4,"value":9},{"duration":4,"value":10},{"duration":4,"value":11},{"duration":4,"value":12},{"duration":4,"value":13},{"duration":0,"value":14}]}]}],"defaultActions":[{"gotoAndPlay":"hit"}]}]}