{"width":512,"SubTexture":[{"frameWidth":97,"y":1,"frameHeight":130,"width":76,"frameX":-7,"height":109,"name":"pet6005_02/pet6005_02_part02/pet6005_02_part02_00027","frameY":-13,"x":175},{"width":1,"y":4,"height":1,"name":"pet6005_02/pet6005_02_part01/pet6005_02_part01_00007","x":256},{"frameWidth":97,"y":1,"frameHeight":130,"width":91,"frameX":-3,"height":114,"name":"pet6005_02/pet6005_02_part02/pet6005_02_part02_00021","frameY":-8,"x":1},{"frameWidth":97,"y":347,"frameHeight":130,"width":92,"frameX":-3,"height":109,"name":"pet6005_02/pet6005_02_part02/pet6005_02_part02_00019","frameY":-13,"x":1},{"frameWidth":97,"y":104,"frameHeight":130,"width":49,"frameX":-20,"height":69,"name":"pet6005_02/pet6005_02_part02/pet6005_02_part02_00031","frameY":-34,"x":253},{"frameWidth":97,"y":117,"frameHeight":130,"width":91,"frameX":-3,"height":113,"name":"pet6005_02/pet6005_02_part02/pet6005_02_part02_00020","frameY":-9,"x":1},{"width":1,"y":1,"height":1,"name":"pet6005_02/pet6005_02_part01/pet6005_02_part01_00015","x":253},{"frameWidth":97,"y":1,"frameHeight":130,"width":79,"frameX":-7,"height":106,"name":"pet6005_02/pet6005_02_part02/pet6005_02_part02_00030","frameY":-16,"x":94},{"width":1,"y":4,"height":1,"name":"pet6005_02/pet6005_02_part01/pet6005_02_part01_00020","x":262},{"frameWidth":97,"y":1,"frameHeight":130,"width":86,"frameX":-2,"height":101,"name":"pet6005_02/pet6005_02_part02/pet6005_02_part02_00029","frameY":-21,"x":274},{"frameWidth":97,"y":232,"frameHeight":130,"width":89,"frameX":-5,"height":112,"name":"pet6005_02/pet6005_02_part02/pet6005_02_part02_00024","frameY":-10,"x":93},{"frameWidth":97,"y":232,"frameHeight":130,"width":88,"frameX":-5,"height":106,"name":"pet6005_02/pet6005_02_part02/pet6005_02_part02_00025","frameY":-16,"x":184},{"width":1,"y":4,"height":1,"name":"pet6005_02/pet6005_02_part01/pet6005_02_part01_00021","x":253},{"width":1,"y":109,"height":1,"name":"pet6005_02/pet6005_02_part01/pet6005_02_part01_00019","x":170},{"width":1,"y":4,"height":1,"name":"pet6005_02/pet6005_02_part01/pet6005_02_part01_00014","x":271},{"frameWidth":97,"y":232,"frameHeight":130,"width":90,"frameX":-3,"height":113,"name":"pet6005_02/pet6005_02_part02/pet6005_02_part02_00023","frameY":-9,"x":1},{"frameWidth":97,"y":340,"frameHeight":130,"width":82,"frameX":-3,"height":109,"name":"pet6005_02/pet6005_02_part02/pet6005_02_part02_00028","frameY":-13,"x":361},{"width":1,"y":4,"height":1,"name":"pet6005_02/pet6005_02_part01/pet6005_02_part01_00013","x":268},{"width":1,"y":1,"height":1,"name":"pet6005_02/pet6005_02_part01/pet6005_02_part01_00012","x":265},{"width":1,"y":4,"height":1,"name":"pet6005_02/pet6005_02_part01/pet6005_02_part01_00011","x":265},{"frameWidth":97,"y":346,"frameHeight":130,"width":89,"frameX":-3,"height":111,"name":"pet6005_02/pet6005_02_part02/pet6005_02_part02_00022","frameY":-11,"x":95},{"width":1,"y":1,"height":1,"name":"pet6005_02/pet6005_02_part01/pet6005_02_part01_00017","x":271},{"width":1,"y":1,"height":1,"name":"pet6005_02/pet6005_02_part01/pet6005_02_part01_00009","x":256},{"width":1,"y":1,"height":1,"name":"pet6005_02/pet6005_02_part01/pet6005_02_part01_00016","x":268},{"frameWidth":97,"y":340,"frameHeight":130,"width":87,"frameX":-5,"height":104,"name":"pet6005_02/pet6005_02_part02/pet6005_02_part02_00018","frameY":-18,"x":272},{"frameWidth":97,"y":340,"frameHeight":130,"width":84,"frameX":-6,"height":108,"name":"pet6005_02/pet6005_02_part02/pet6005_02_part02_00026","frameY":-14,"x":186},{"frameWidth":97,"y":109,"frameHeight":130,"width":74,"frameX":-8,"height":76,"name":"pet6005_02/pet6005_02_part02/pet6005_02_part02_00017","frameY":-46,"x":94},{"width":1,"y":1,"height":1,"name":"pet6005_02/pet6005_02_part01/pet6005_02_part01_00010","x":262},{"width":1,"y":4,"height":1,"name":"pet6005_02/pet6005_02_part01/pet6005_02_part01_00018","x":259},{"width":1,"y":1,"height":1,"name":"pet6005_02/pet6005_02_part01/pet6005_02_part01_00008","x":259}],"height":512,"name":"S6005","imagePath":"S6005_tex.png"}