{"width":1024,"imagePath":"A6113_tex.png","height":2048,"name":"A6113","SubTexture":[{"frameY":-8,"y":325,"frameWidth":132,"frameX":-4,"frameHeight":121,"width":121,"height":107,"name":"pet6113_tx_attack/pet6113_tx_attack_sj/pet6113_tx_attack_sj_00012","x":888},{"frameY":-6,"y":689,"frameWidth":132,"frameX":-7,"frameHeight":121,"width":117,"height":110,"name":"pet6113_tx_attack/pet6113_tx_attack_sj/pet6113_tx_attack_sj_00010","x":891},{"frameY":-12,"y":801,"frameWidth":132,"frameX":-13,"frameHeight":121,"width":104,"height":99,"name":"pet6113_tx_attack/pet6113_tx_attack_sj/pet6113_tx_attack_sj_00013","x":891},{"frameY":-33,"y":583,"frameWidth":132,"frameX":-27,"frameHeight":121,"width":68,"height":60,"name":"pet6113_tx_attack/pet6113_tx_attack_sj/pet6113_tx_attack_sj_00009","x":231},{"frameY":-4,"y":210,"frameWidth":132,"frameX":-7,"frameHeight":121,"width":118,"height":113,"name":"pet6113_tx_attack/pet6113_tx_attack_sj/pet6113_tx_attack_sj_00011","x":888},{"frameY":-32,"y":689,"frameWidth":247,"frameX":-77,"frameHeight":291,"width":167,"height":240,"name":"pet6113_tx_attack/pet6113_tx_attack_dg/pet6113_tx_attack_dg_00009","x":722},{"frameY":-2,"y":1,"frameWidth":435,"frameX":-4,"frameHeight":213,"width":427,"height":207,"name":"光刃01/3","x":498},{"frameY":-113,"y":458,"frameWidth":247,"frameX":0,"frameHeight":291,"width":142,"height":123,"name":"pet6113_tx_attack/pet6113_tx_attack_dg/pet6113_tx_attack_dg_00005","x":231},{"frameY":-4,"y":942,"frameWidth":320,"frameX":-3,"frameHeight":67,"width":315,"height":60,"name":"光刃01/7","x":442},{"frameY":-31,"y":439,"frameWidth":247,"frameX":-60,"frameHeight":291,"width":185,"height":248,"name":"pet6113_tx_attack/pet6113_tx_attack_dg/pet6113_tx_attack_dg_00008","x":784},{"frameY":-44,"y":668,"frameWidth":542,"frameX":-13,"frameHeight":281,"width":470,"height":174,"name":"光刃01/5","x":1},{"frameY":-4,"y":238,"frameWidth":411,"frameX":-6,"frameHeight":225,"width":401,"height":218,"name":"光刃01/2","x":1},{"frameY":-11,"y":668,"frameWidth":247,"frameX":0,"frameHeight":291,"width":247,"height":272,"name":"pet6113_tx_attack/pet6113_tx_attack_dg/pet6113_tx_attack_dg_00007","x":473},{"frameY":-37,"y":1,"frameWidth":548,"frameX":-12,"frameHeight":307,"width":495,"height":235,"name":"光刃01/4","x":1},{"frameY":-6,"y":210,"frameWidth":401,"frameX":-8,"frameHeight":237,"width":388,"height":227,"name":"光刃01/1","x":498},{"frameY":-21,"y":844,"frameWidth":526,"frameX":-6,"frameHeight":228,"width":439,"height":115,"name":"光刃01/6","x":1},{"frameY":-57,"y":458,"frameWidth":247,"frameX":0,"frameHeight":291,"width":228,"height":202,"name":"pet6113_tx_attack/pet6113_tx_attack_dg/pet6113_tx_attack_dg_00006","x":1},{"frameY":-6,"y":439,"frameWidth":393,"frameX":-10,"frameHeight":238,"width":378,"height":227,"name":"光刃01/0","x":404}]}