{"frameRate":60,"name":"A6113","version":"5.5","compatibleVersion":"5.5","armature":[{"type":"Armature","frameRate":60,"name":"Armature","aabb":{"x":-212.5,"y":-145.5,"width":278.5,"height":291},"bone":[{"name":"root"},{"inheritScale":false,"name":"Layer6","parent":"root"},{"inheritScale":false,"name":"Layer7","parent":"root","transform":{"x":-89}}],"slot":[{"name":"Layer6","parent":"Layer6"},{"name":"Layer7","parent":"Layer7"}],"skin":[{"slot":[{"name":"Layer7","display":[{"name":"pet6113_tx_attack/pet6113_tx_attack_dg/pet6113_tx_attack_dg_00005"},{"name":"pet6113_tx_attack/pet6113_tx_attack_dg/pet6113_tx_attack_dg_00006"},{"name":"pet6113_tx_attack/pet6113_tx_attack_dg/pet6113_tx_attack_dg_00007"},{"name":"pet6113_tx_attack/pet6113_tx_attack_dg/pet6113_tx_attack_dg_00008"},{"name":"pet6113_tx_attack/pet6113_tx_attack_dg/pet6113_tx_attack_dg_00009"},{"name":"光刃01/0"},{"name":"光刃01/1"},{"name":"光刃01/2"},{"name":"光刃01/3"},{"name":"光刃01/4"},{"name":"光刃01/5"},{"name":"光刃01/6"},{"name":"光刃01/7"}]},{"name":"Layer6","display":[{"name":"pet6113_tx_attack/pet6113_tx_attack_sj/pet6113_tx_attack_sj_00009"},{"name":"pet6113_tx_attack/pet6113_tx_attack_sj/pet6113_tx_attack_sj_00010"},{"name":"pet6113_tx_attack/pet6113_tx_attack_sj/pet6113_tx_attack_sj_00011"},{"name":"pet6113_tx_attack/pet6113_tx_attack_sj/pet6113_tx_attack_sj_00012"},{"name":"pet6113_tx_attack/pet6113_tx_attack_sj/pet6113_tx_attack_sj_00013"}]}]}],"animation":[{"duration":28,"playTimes":0,"name":"track","frame":[{"duration":16},{"duration":0,"events":[{"name":"0"}]}],"bone":[{"name":"Layer7","scaleFrame":[{"duration":28,"x":1.2,"y":1.2}]}],"slot":[{"name":"Layer7","displayFrame":[{"duration":4,"value":5},{"duration":4,"value":6},{"duration":4,"value":7},{"duration":4,"value":8},{"duration":4,"value":9},{"duration":4,"value":10},{"duration":4,"value":11},{"duration":0,"value":12}]},{"name":"Layer6","displayFrame":[{"duration":28,"value":-1}]}]},{"duration":16,"playTimes":0,"name":"hit","frame":[{"duration":4},{"duration":0,"events":[{"name":"0"}]}],"bone":[{"name":"Layer6","scaleFrame":[{"duration":16,"x":2,"y":2}]}],"slot":[{"name":"Layer6","displayFrame":[{"duration":4},{"duration":4,"value":1},{"duration":4,"value":2},{"duration":4,"value":3},{"duration":0,"value":4}]},{"name":"Layer7","displayFrame":[{"duration":16,"value":-1}]}]}],"defaultActions":[{"gotoAndPlay":"track"}]}]}