[
    {
        "id": 3001,
        "name": "普通护目",
        "rarity": "R",
        "introduce": "护目是一种滤光镜，可以改变透过光强和光谱。"
    },
    {
        "id": 3002,
        "name": "高级护目",
        "rarity": "SR",
        "introduce": "护目是一种滤光镜，可以改变透过光强和光谱。"
    },
    {
        "id": 3003,
        "name": "特级护目",
        "rarity": "SSR",
        "introduce": "护目是一种滤光镜，可以改变透过光强和光谱。"
    },
    {
        "id": 3011,
        "name": "普通手镯",
        "rarity": "R",
        "introduce": "手镯是用金、银、玉等制的戴在手腕上的环形装饰品。"
    },
    {
        "id": 3012,
        "name": "高级手镯",
        "rarity": "SR",
        "introduce": "手镯是用金、银、玉等制的戴在手腕上的环形装饰品。"
    },
    {
        "id": 3013,
        "name": "特级手镯",
        "rarity": "SSR",
        "introduce": "手镯是用金、银、玉等制的戴在手腕上的环形装饰品。"
    },
    {
        "id": 3021,
        "name": "普通头饰",
        "rarity": "R",
        "introduce": "头饰是戴在头上的饰物。"
    },
    {
        "id": 3022,
        "name": "高级头饰",
        "rarity": "SR",
        "introduce": "头饰是戴在头上的饰物。"
    },
    {
        "id": 3023,
        "name": "特级头饰",
        "rarity": "SSR",
        "introduce": "头饰是戴在头上的饰物。"
    },
    {
        "id": 3031,
        "name": "普通项链",
        "rarity": "R",
        "introduce": "项链是挂在颈上的链条形状的首饰。"
    },
    {
        "id": 3032,
        "name": "高级项链",
        "rarity": "SR",
        "introduce": "项链是挂在颈上的链条形状的首饰。"
    },
    {
        "id": 3033,
        "name": "特级项链",
        "rarity": "SSR",
        "introduce": "项链是挂在颈上的链条形状的首饰。"
    },
    {
        "id": 3041,
        "name": "普通尖牙",
        "rarity": "R",
        "introduce": "尖牙是强力的攻击饰品。"
    },
    {
        "id": 3042,
        "name": "高级尖牙",
        "rarity": "SR",
        "introduce": "尖牙是强力的攻击饰品。"
    },
    {
        "id": 3043,
        "name": "特级尖牙",
        "rarity": "SSR",
        "introduce": "尖牙是强力的攻击饰品。"
    },
    {
        "id": 3051,
        "name": "普通星石",
        "rarity": "R",
        "introduce": "星石是强力的防御饰品。"
    },
    {
        "id": 3052,
        "name": "高级星石",
        "rarity": "SR",
        "introduce": "星石是强力的防御饰品。"
    },
    {
        "id": 3053,
        "name": "特级星石",
        "rarity": "SSR",
        "introduce": "星石是强力的防御饰品。"
    }
]