{"imagePath":"201_tex.png","width":512,"height":256,"name":"201","SubTexture":[{"width":70,"y":73,"height":70,"name":"buff_shuibodong/pet6025_tx_shuibodong_00009","x":73},{"width":70,"y":145,"height":70,"name":"buff_shuibodong/pet6025_tx_shuibodong_00008","x":73},{"width":70,"y":1,"height":70,"name":"buff_shuibodong/pet6025_tx_shuibodong_00004","x":217},{"width":70,"y":73,"height":70,"name":"buff_shuibodong/pet6025_tx_shuibodong_00001","x":145},{"width":70,"y":145,"height":70,"name":"buff_shuibodong/pet6025_tx_shuibodong_00006","x":145},{"width":70,"y":1,"height":70,"name":"buff_shuibodong/pet6025_tx_shuibodong_00002","x":145},{"width":70,"y":145,"height":70,"name":"buff_shuibodong/pet6025_tx_shuibodong_00005","x":1},{"width":70,"y":73,"height":70,"name":"buff_shuibodong/pet6025_tx_shuibodong_00007","x":1},{"width":70,"y":1,"height":70,"name":"buff_shuibodong/pet6025_tx_shuibodong_00003","x":73},{"width":70,"y":1,"height":70,"name":"buff_shuibodong/pet6025_tx_shuibodong_00000","x":1}]}