{"frameRate":60,"name":"201","version":"5.5","compatibleVersion":"5.5","armature":[{"type":"Armature","frameRate":60,"name":"Armature","aabb":{"x":-35,"y":-35,"width":70,"height":70},"bone":[{"inheritScale":false,"name":"Layer1"}],"slot":[{"name":"Layer1","parent":"Layer1"}],"skin":[{"slot":[{"name":"Layer1","display":[{"name":"buff_shuibodong/pet6025_tx_shuibodong_00000"},{"name":"buff_shuibodong/pet6025_tx_shuibodong_00001"},{"name":"buff_shuibodong/pet6025_tx_shuibodong_00002"},{"name":"buff_shuibodong/pet6025_tx_shuibodong_00003"},{"name":"buff_shuibodong/pet6025_tx_shuibodong_00004"},{"name":"buff_shuibodong/pet6025_tx_shuibodong_00005"},{"name":"buff_shuibodong/pet6025_tx_shuibodong_00006"},{"name":"buff_shuibodong/pet6025_tx_shuibodong_00007"},{"name":"buff_shuibodong/pet6025_tx_shuibodong_00008"},{"name":"buff_shuibodong/pet6025_tx_shuibodong_00009"}]}]}],"animation":[{"duration":36,"playTimes":0,"name":"buff","slot":[{"name":"Layer1","displayFrame":[{"duration":4},{"duration":4,"value":1},{"duration":4,"value":2},{"duration":4,"value":3},{"duration":4,"value":4},{"duration":4,"value":5},{"duration":4,"value":6},{"duration":4,"value":7},{"duration":4,"value":8},{"duration":0,"value":9}]}]}],"defaultActions":[{"gotoAndPlay":"buff"}]}]}