{"width":128,"SubTexture":[{"width":120,"y":124,"height":24,"name":"pet_yinying","x":1},{"width":26,"y":211,"height":19,"name":"PET6004_xiaotuil","x":50},{"width":23,"y":180,"height":29,"name":"PET6004_datuil","x":27},{"width":58,"y":67,"height":55,"name":"PET6004_weiba","x":1},{"width":29,"y":150,"height":28,"name":"PET6004_shoul","x":26},{"width":46,"y":1,"height":75,"name":"PET6004_duzi","x":73},{"width":22,"y":173,"height":20,"name":"PET6004_xiaotuir","x":86},{"width":21,"y":211,"height":26,"name":"PET6004_datuir","x":27},{"width":32,"y":187,"height":15,"name":"PET6004_xiaba","x":52},{"width":70,"y":1,"height":64,"name":"PET6004_tou","x":1},{"width":22,"y":232,"height":21,"name":"PET6004_yanjingbiyang","x":1},{"width":22,"y":232,"height":21,"name":"PET6004_yanjinggongji","x":50},{"width":22,"y":227,"height":21,"name":"PET6004_yanjingshenqi","x":98},{"width":22,"y":150,"height":21,"name":"PET6004_yanjingshiwang","x":80},{"width":22,"y":204,"height":21,"name":"PET6004_yanjingshouji","x":78},{"width":22,"y":232,"height":21,"name":"PET6004_yanjingzhenchang","x":74},{"frameWidth":26,"y":150,"frameHeight":45,"width":23,"frameX":-1,"height":43,"name":"pet6005_02","frameY":-1,"x":1},{"frameWidth":26,"y":78,"frameHeight":45,"width":26,"frameX":0,"height":44,"name":"pet6005_03","frameY":0,"x":61},{"frameWidth":26,"y":78,"frameHeight":45,"width":26,"frameX":0,"height":40,"name":"pet6005_01","frameY":-4,"x":89},{"frameWidth":26,"y":150,"frameHeight":45,"width":21,"frameX":-3,"height":35,"name":"pet6005_04","frameY":-10,"x":57},{"width":24,"y":195,"height":35,"name":"PET6004_shour","x":1}],"height":256,"name":"P6004","imagePath":"P6004_tex.png"}