{"frameRate":30,"name":"P6004","version":"5.5","compatibleVersion":"5.5","armature":[{"type":"Armature","frameRate":30,"name":"Armature","aabb":{"x":-65.83,"y":-104.98,"width":122.98,"height":113.79},"bone":[{"name":"root"},{"name":"bf","parent":"root","transform":{"x":-5,"y":-110}},{"name":"bone","parent":"root","transform":{"x":5,"y":-40}},{"name":"fs","parent":"root","transform":{"x":38.2,"y":-73.78}},{"name":"mz","parent":"root","transform":{"x":-11.53,"y":-53}},{"length":33,"name":"yz","parent":"root","transform":{"x":-0.15,"y":-3.23,"skX":88.87,"skY":88.87}},{"length":30,"name":"PET6004_duzi","parent":"bone","transform":{"x":-8.02,"y":30.99,"skX":-84.5,"skY":-84.5}},{"length":17,"name":"PET6004_datuil","parent":"PET6004_duzi","transform":{"x":16.65,"y":16.06,"skX":-153.07,"skY":-153.07}},{"length":16,"name":"PET6004_datuir","parent":"PET6004_duzi","transform":{"x":16.95,"y":-11.44,"skX":-173.65,"skY":-173.65}},{"length":27,"name":"PET6004_weiba","parent":"PET6004_duzi","transform":{"x":9.04,"y":1.43,"skX":-92.25,"skY":-92.25}},{"length":26,"name":"bone2","parent":"PET6004_duzi","transform":{"x":30.41,"y":-0.02,"skX":-3.17,"skY":-3.17}},{"length":27,"name":"PET6004_shoul","parent":"bone2","transform":{"x":16.33,"y":11.6,"skX":130.63,"skY":130.63}},{"length":25,"name":"PET6004_shour","parent":"bone2","transform":{"x":20.18,"y":-7.1,"skX":-156.58,"skY":-156.58}},{"length":37,"name":"PET6004_tou","parent":"bone2","transform":{"x":27.48,"y":-0.06,"skX":3.15,"skY":3.15}},{"length":16,"name":"PET6004_xiaotuil","parent":"PET6004_datuil","transform":{"x":17.95,"y":-0.15,"skX":-101.56,"skY":-101.56}},{"length":8,"name":"PET6004_xiaotuir","parent":"PET6004_datuir","transform":{"x":16.63,"y":0.24,"skX":19.65,"skY":19.65}},{"length":20,"name":"bone3","parent":"PET6004_weiba","transform":{"x":27.09,"y":-0.08,"skX":41.4,"skY":41.4}},{"length":21,"name":"bone4","parent":"bone3","transform":{"x":20.85,"y":0.02,"skX":31.42,"skY":31.42}},{"length":12,"name":"PET6004_yanjingzhenchang","parent":"PET6004_tou","transform":{"x":17.09,"y":0.74,"skX":91.36,"skY":91.36}},{"length":24,"name":"PET6004_xiaba","parent":"PET6004_tou","transform":{"x":0.01,"y":-4.46,"skX":84.6,"skY":84.6}},{"length":11,"name":"bone5","parent":"PET6004_xiaotuir","transform":{"x":8.5,"y":-0.6,"skX":-112.26,"skY":-112.26}},{"length":31,"name":"pet6005_01","parent":"bone4","transform":{"x":16,"y":0.64,"skX":-7.83,"skY":-7.83}}],"slot":[{"name":"pet_yinying","parent":"yz"},{"name":"PET6004_xiaotuil","parent":"PET6004_xiaotuil"},{"name":"PET6004_datuil","parent":"PET6004_datuil"},{"name":"PET6004_weiba","parent":"PET6004_weiba"},{"name":"PET6004_shoul","parent":"PET6004_shoul"},{"name":"PET6004_duzi","parent":"PET6004_duzi"},{"name":"PET6004_xiaotuir","parent":"PET6004_xiaotuir"},{"name":"PET6004_datuir","parent":"PET6004_datuir"},{"name":"PET6004_xiaba","parent":"PET6004_xiaba"},{"name":"PET6004_tou","parent":"PET6004_tou"},{"displayIndex":5,"name":"PET6004_yanjingzhenchang","parent":"PET6004_yanjingzhenchang"},{"displayIndex":2,"name":"pet6005_01","parent":"pet6005_01"},{"name":"PET6004_shour","parent":"PET6004_shour"}],"skin":[{"slot":[{"name":"pet_yinying","display":[{"name":"pet_yinying","transform":{"x":-0.01,"y":2.7,"skX":-88.64,"skY":-88.64,"scX":0.8}}]},{"name":"PET6004_xiaba","display":[{"name":"PET6004_xiaba","transform":{"x":11.76,"y":-1.28,"skX":0.43,"skY":0.43}}]},{"name":"PET6004_datuil","display":[{"name":"PET6004_datuil","transform":{"x":9.56,"y":-0.99,"skX":-121.91,"skY":-121.91}}]},{"name":"PET6004_yanjingzhenchang","display":[{"name":"PET6004_yanjingbiyang","transform":{"x":0.98,"y":-0.92,"skX":-6.32,"skY":-6.32}},{"name":"PET6004_yanjinggongji","transform":{"x":0.98,"y":-0.92,"skX":-6.32,"skY":-6.32}},{"name":"PET6004_yanjingshenqi","transform":{"x":0.98,"y":-0.92,"skX":-6.32,"skY":-6.32}},{"name":"PET6004_yanjingshiwang","transform":{"x":0.98,"y":-0.92,"skX":-6.32,"skY":-6.32}},{"name":"PET6004_yanjingshouji","transform":{"x":0.98,"y":-0.92,"skX":-6.32,"skY":-6.32}},{"name":"PET6004_yanjingzhenchang","transform":{"x":0.98,"y":-0.92,"skX":-6.32,"skY":-6.32}}]},{"name":"PET6004_weiba","display":[{"type":"mesh","name":"PET6004_weiba","width":58,"height":55,"vertices":[-2.39,-30.47,1.31,-25.34,3.35,-18.87,3.07,-12.14,-2.95,-8.51,-14.66,-7.33,-23.72,-8.91,-36.34,-15.62,-43.76,-24.6,-48.09,-35.13,-48.99,-42.81,-48.91,-51.86,-48.11,-60.43,-46.71,-60.42,-44.37,-60.4,-44.28,-53.4,-42.69,-45.66,-34.62,-32.92,-26.86,-28.95,-19.42,-29.12,-7.03,-32.23,-28.27,-19.54,-42.83,-34.07,-47.05,-51.91],"uvs":[0.80515,0.53794,0.86987,0.63052,0.90609,0.74778,0.90221,0.87051,0.79876,0.93732,0.59704,0.96049,0.44058,0.93323,0.22205,0.81323,0.09274,0.65096,0.01642,0.46006,0,0.32066,0,0.15596,0.01293,0.00001,0.03692,0,0.07721,0,0.0798,0.12733,0.10825,0.26779,0.24917,0.49827,0.38367,0.56918,0.5117,0.56508,0.72505,0.50643,0.36071,0.74069,0.10736,0.47877,0.03207,0.15487],"triangles":[2,4,3,0,20,1,21,6,5,18,21,19,21,7,6,17,21,18,8,7,21,16,22,17,13,15,14,15,23,16,10,9,22,9,8,22,11,10,23,12,11,23,1,19,2,19,21,2,20,19,1,5,4,2,2,21,2,21,5,2,17,21,22,22,8,21,12,13,23,13,23,15,10,23,22,16,23,22],"weights":[1,9,1,1,9,1,1,9,1,1,9,1,1,9,1,1,9,1,2,9,0.96624,16,0.03375,2,9,0.06475,16,0.93524,2,17,0.00385,16,0.99614,2,17,0.86842,16,0.13157,1,17,1,1,17,1,1,17,1,1,17,1,1,17,1,1,17,1,1,17,1,2,17,0.02758,16,0.97241,2,9,0.28919,16,0.7108,2,9,0.89538,16,0.10461,1,9,1,2,9,0.5,16,0.5,2,17,0.5,16,0.5,1,17,1],"slotPose":[1,0,0,1,0,0],"bonePose":[9,-0.998392,-0.056693,0.056693,-0.998392,-0.730138,-17.871322,16,-0.711413,-0.702774,0.702774,-0.711413,-27.781104,-19.327258,17,-0.240736,-0.970591,0.970591,-0.240736,-42.60001,-33.994328],"edges":[10,9,9,8,8,7,7,6,6,5,5,4,4,3,3,2,2,1,1,0,0,20,20,19,19,18,18,17,17,16,16,15,15,14,14,13,13,12,12,11,11,10],"userEdges":[2,21,21,22,13,23,23,22]}]},{"name":"PET6004_shour","display":[{"name":"PET6004_shour","transform":{"x":15.96,"y":0.67,"skX":-115.22,"skY":-115.22}}]},{"name":"PET6004_duzi","display":[{"type":"mesh","name":"PET6004_duzi","width":46,"height":75,"vertices":[-13.16,-73.29,-13.13,-66.12,-20.06,-47.23,-22.23,-40.56,-23.92,-35.32,-25.17,-20.89,-19.47,-13.36,-6.09,-7.5,5.93,-8.49,16.09,-15.38,20.75,-29.07,20.94,-34.42,20.98,-39.57,20.23,-44.62,16.94,-65.05,11.5,-77.62,5.46,-80.98,-8.05,-81.1,-12.93,-77.74,0.55,-39.45],"uvs":[0.2507,0.10468,0.2529,0.2003,0.10595,0.45298,0.06015,0.54221,0.02455,0.61238,0,0.80485,0.12539,0.90451,0.41741,0.98127,0.67869,0.96645,0.89825,0.87353,0.99706,0.69039,1,0.619,0.99999,0.55032,0.98243,0.483,0.90704,0.21097,0.78628,0.04399,0.65454,0,0.36032,0,0.25493,0.04533,0.55575,0.55439],"triangles":[14,19,13,13,19,12,19,11,12,11,19,10,19,9,10,19,8,9,15,1,14,1,19,14,0,1,16,19,7,8,16,1,15,5,6,19,4,5,19,6,7,19,1,2,19,17,0,16,3,4,19,2,3,19,18,0,17],"weights":[1,10,1,1,10,1,2,6,0.3084,10,0.69158,2,6,0.56971,10,0.43027,2,6,0.74066,10,0.25933,2,6,0.96692,10,0.03307,2,6,0.99685,10,0.00314,1,6,1,1,6,1,2,6,0.9915,10,0.00849,2,6,0.80691,10,0.19308,2,6,0.65788,10,0.34211,2,6,0.47629,10,0.5237,2,6,0.29703,10,0.70296,1,10,1,1,10,1,1,10,1,1,10,1,1,10,1,2,6,0.5,10,0.5],"slotPose":[1,0,0,1,0,0],"bonePose":[10,0.040655,-0.999173,0.999173,0.040655,-0.125239,-39.281915,6,0.095846,-0.995396,0.995396,0.095846,-3.02,-9.01],"edges":[5,6,6,7,7,8,8,9,9,10,10,11,11,12,12,13,13,14,14,15,15,16,16,17,17,18,18,0,0,1,1,2,2,3,3,4,4,5],"userEdges":[]}]},{"name":"PET6004_datuir","display":[{"name":"PET6004_datuir","transform":{"x":8.63,"y":-1.89,"skX":-101.32,"skY":-101.32}}]},{"name":"PET6004_xiaotuil","display":[{"name":"PET6004_xiaotuil","transform":{"x":5.05,"y":-2.6,"skX":-20.34,"skY":-20.34}}]},{"name":"PET6004_tou","display":[{"name":"PET6004_tou","transform":{"x":6.53,"y":2.75,"skX":85.03,"skY":85.03}}]},{"name":"pet6005_01","display":[{"name":"pet6005_01","transform":{"x":18.09,"y":-0.32,"skX":91.56,"skY":91.56}},{"name":"pet6005_02","transform":{"x":18.09,"y":-0.32,"skX":91.56,"skY":91.56}},{"name":"pet6005_03","transform":{"x":18.09,"y":-0.32,"skX":91.56,"skY":91.56}},{"name":"pet6005_04","transform":{"x":18.09,"y":-0.32,"skX":91.56,"skY":91.56}}]},{"name":"PET6004_shoul","display":[{"name":"PET6004_shoul","transform":{"x":13.28,"y":-1.02,"skX":-42.44,"skY":-42.44}}]},{"name":"PET6004_xiaotuir","display":[{"type":"mesh","name":"PET6004_xiaotuir","width":22,"height":20,"vertices":[-14.81,-17.12,-11.4,-13.5,-10.71,-8.53,-10.45,-6.7,-8.51,-5.37,-4.44,-2.59,-2.87,0.82,-2.38,2.37,-5.09,2.91,-18.34,2.79,-19.52,1.11,-24.35,-0.37,-24.32,-3.56,-24.28,-7.92,-22.56,-10.75,-21.51,-15.53,-20.1,-17.2,-16.16,-11.14,-20.09,-2.94],"uvs":[0.42721,0.0016,0.58403,0.1816,0.61723,0.4299,0.62948,0.52159,0.71856,0.58719,0.90448,0.72409,0.97721,0.89409,0.99993,0.97159,0.87721,1,0.27494,1,0.2204,0.91659,0,0.84409,0,0.68409,0,0.46659,0.07722,0.3241,0.12267,0.0841,0.18631,0,0.36812,0.3016,0.19313,0.71409],"triangles":[8,7,6,5,8,6,4,8,5,4,9,8,10,9,3,18,10,3,3,9,4,17,18,3,17,3,2,1,17,2,0,17,1,16,15,17,14,18,17,16,17,0,14,13,18,15,14,17,13,12,18,18,11,10,12,11,18],"weights":[1,15,1,2,15,0.98852,20,0.01147,2,15,0.61051,20,0.38948,2,15,0.24844,20,0.75155,2,15,0.03723,20,0.96276,1,20,1,1,20,1,1,20,1,1,20,1,1,20,1,2,15,0.02435,20,0.97564,2,15,0.89675,20,0.10324,1,15,1,2,15,0.99996,20,0.00003,2,15,0.99998,20,0.00001,1,15,0.99999,1,15,0.99999,2,15,0.99799,20,0.002,1,20,1],"slotPose":[1,0,0,1,0,0],"bonePose":[15,-0.522499,0.85264,-0.85264,-0.522499,-16.432606,-10.752134,20,0.987024,0.16057,-0.16057,0.987024,-20.36226,-3.191194],"edges":[11,10,10,9,9,8,8,7,7,6,6,5,5,4,4,3,3,2,2,1,1,0,0,16,16,15,15,14,14,13,13,12,12,11],"userEdges":[0,17,17,18,11,18,18,3]}]}]}],"animation":[{"duration":41,"name":"attack","frame":[{"duration":21},{"duration":0,"events":[{"name":"0"}]}],"bone":[{"name":"bone","translateFrame":[{"duration":5,"tweenEasing":0},{"duration":5,"tweenEasing":0,"y":4},{"duration":10,"tweenEasing":0,"x":-6.4,"y":-2.77},{"tweenEasing":0,"x":-8,"y":-4.47},{"duration":11,"tweenEasing":0,"x":5.71,"y":-0.3},{"duration":9,"tweenEasing":0,"x":6.73},{"duration":0}],"rotateFrame":[{"duration":5,"tweenEasing":0},{"duration":5,"tweenEasing":0},{"duration":10,"tweenEasing":0,"rotate":-4.84},{"tweenEasing":0,"rotate":-5.38},{"duration":11,"tweenEasing":0,"rotate":-0.37},{"duration":9}]},{"name":"PET6004_duzi","rotateFrame":[{"duration":5,"tweenEasing":0},{"duration":5,"tweenEasing":0,"rotate":4.03},{"duration":10,"tweenEasing":0,"rotate":-2.95},{"tweenEasing":0,"rotate":-4.7},{"duration":11,"tweenEasing":0,"rotate":10.59},{"duration":9,"tweenEasing":0,"rotate":11.73},{"duration":0}]},{"name":"PET6004_datuil","translateFrame":[{"duration":5,"tweenEasing":0},{"duration":5,"tweenEasing":0,"x":2.34,"y":0.42},{"duration":10,"tweenEasing":0,"x":-2.81,"y":-1.49},{"tweenEasing":0,"x":-4.1,"y":-1.96},{"duration":11,"tweenEasing":0,"x":2.71,"y":-1.89},{"duration":9,"tweenEasing":0,"x":3.22,"y":-1.89},{"duration":0}],"rotateFrame":[{"duration":5,"tweenEasing":0},{"duration":5,"tweenEasing":0,"rotate":8.54},{"duration":10,"tweenEasing":0,"rotate":-16.11},{"tweenEasing":0,"rotate":-22.28},{"duration":11,"tweenEasing":0,"rotate":-8.97},{"duration":9,"tweenEasing":0,"rotate":-7.98},{"duration":0}]},{"name":"PET6004_datuir","translateFrame":[{"duration":20,"tweenEasing":0},{"tweenEasing":0},{"duration":11,"tweenEasing":0,"x":-2.21,"y":-2.44},{"duration":9,"tweenEasing":0,"x":-2.38,"y":-2.62},{"duration":0}],"rotateFrame":[{"duration":5,"tweenEasing":0},{"duration":5,"tweenEasing":0,"rotate":-3.57},{"duration":10,"tweenEasing":0,"rotate":-1.91},{"tweenEasing":0,"rotate":-1.49},{"duration":11,"tweenEasing":0,"rotate":4.27},{"duration":9,"tweenEasing":0,"rotate":4.7},{"duration":0}]},{"name":"PET6004_weiba","rotateFrame":[{"duration":6,"tweenEasing":0},{"duration":14,"tweenEasing":0,"rotate":7.37},{"duration":2,"tweenEasing":0,"rotate":-8.82},{"duration":10,"tweenEasing":0,"rotate":-13.1},{"duration":9,"tweenEasing":0,"rotate":-22.99},{"duration":0}]},{"name":"bone2","translateFrame":[{"duration":5,"tweenEasing":0},{"duration":5,"tweenEasing":0,"x":-2.49,"y":1.24},{"duration":10,"tweenEasing":0,"x":-0.97,"y":0.48},{"tweenEasing":0,"x":-0.59,"y":0.29},{"duration":11,"tweenEasing":0,"x":-0.04,"y":0.02},{"duration":9}],"rotateFrame":[{"duration":5,"tweenEasing":0},{"duration":5,"tweenEasing":0,"rotate":13.78},{"duration":10,"tweenEasing":0,"rotate":-2.12},{"tweenEasing":0,"rotate":-6.09},{"duration":11,"tweenEasing":0,"rotate":8.18},{"duration":9,"tweenEasing":0,"rotate":9.24},{"duration":0}]},{"name":"PET6004_shoul","rotateFrame":[{"duration":5,"tweenEasing":0},{"duration":5,"tweenEasing":0,"rotate":0.35},{"duration":10,"tweenEasing":0,"rotate":-28.97},{"tweenEasing":0,"rotate":-46.63},{"duration":11,"tweenEasing":0,"rotate":5.95},{"duration":9,"tweenEasing":0,"rotate":8.05},{"duration":0}]},{"name":"PET6004_shour","rotateFrame":[{"duration":5,"tweenEasing":0},{"duration":5,"tweenEasing":0,"rotate":-61.31},{"duration":10,"tweenEasing":0,"rotate":-94.71},{"tweenEasing":0,"rotate":-102.56},{"duration":11,"tweenEasing":0,"rotate":-2.01},{"duration":9,"tweenEasing":0,"rotate":4.23},{"duration":0}]},{"name":"PET6004_tou","translateFrame":[{"duration":12,"tweenEasing":0},{"duration":8,"tweenEasing":0},{"tweenEasing":0,"x":0.18,"y":-0.69},{"duration":11,"tweenEasing":0,"x":0.01,"y":-0.04},{"duration":9}],"rotateFrame":[{"duration":5,"tweenEasing":0},{"duration":7,"tweenEasing":0,"rotate":8.66},{"duration":8,"tweenEasing":0,"rotate":-0.62},{"tweenEasing":0,"rotate":-1.46},{"duration":11,"tweenEasing":0,"rotate":-36.8},{"duration":9,"tweenEasing":0,"rotate":-44.66},{"duration":0}]},{"name":"PET6004_xiaotuil","rotateFrame":[{"duration":5,"tweenEasing":0},{"duration":5,"tweenEasing":0,"rotate":-10.81},{"duration":10,"tweenEasing":0,"rotate":21.96},{"tweenEasing":0,"rotate":30.16},{"duration":11,"tweenEasing":0,"rotate":2.08},{"duration":9}]},{"name":"PET6004_xiaotuir","translateFrame":[{"duration":5,"tweenEasing":0},{"duration":5,"tweenEasing":0,"x":-0.76,"y":-0.25},{"duration":10,"tweenEasing":0,"x":-0.29,"y":-0.09},{"tweenEasing":0,"x":-0.18,"y":-0.06},{"duration":11,"tweenEasing":0,"x":2.67,"y":0.36},{"duration":9,"tweenEasing":0,"x":2.88,"y":0.39},{"duration":0}],"rotateFrame":[{"duration":5,"tweenEasing":0},{"duration":5,"tweenEasing":0,"rotate":32.43},{"duration":10,"tweenEasing":0,"rotate":-4.99},{"tweenEasing":0,"rotate":-14.35},{"duration":11,"tweenEasing":0,"rotate":-6.25},{"duration":9,"tweenEasing":0,"rotate":-5.65},{"duration":0}]},{"name":"bone3","rotateFrame":[{"duration":6,"tweenEasing":0},{"duration":14,"tweenEasing":0,"rotate":7.37},{"duration":2,"tweenEasing":0,"rotate":20.7},{"duration":10,"tweenEasing":0,"rotate":0.94},{"duration":9,"tweenEasing":0,"rotate":-8.94},{"duration":0}]},{"name":"PET6004_xiaba","translateFrame":[{"duration":20,"tweenEasing":0},{"tweenEasing":0},{"duration":11,"tweenEasing":0,"x":1.73,"y":-0.89},{"duration":9,"tweenEasing":0,"x":1.82,"y":-0.93},{"duration":0}],"rotateFrame":[{"duration":5,"tweenEasing":0},{"duration":15,"tweenEasing":0,"rotate":-1.44},{"tweenEasing":0,"rotate":-0.27},{"duration":11,"tweenEasing":0,"rotate":33.7},{"duration":9,"tweenEasing":0,"rotate":36.12},{"duration":0}]},{"name":"bone4","rotateFrame":[{"duration":6,"tweenEasing":0},{"duration":14,"tweenEasing":0,"rotate":7.37},{"duration":2,"tweenEasing":0,"rotate":20.79},{"duration":10,"tweenEasing":0,"rotate":9.08},{"duration":9,"tweenEasing":0,"rotate":-0.8},{"duration":0}]},{"name":"bone5","rotateFrame":[{"duration":5,"tweenEasing":0},{"duration":5,"tweenEasing":0,"rotate":-29.67},{"duration":10,"tweenEasing":0,"rotate":18.26},{"tweenEasing":0,"rotate":30.25},{"duration":11,"tweenEasing":0,"rotate":-5.87},{"duration":9,"tweenEasing":0,"rotate":-8.54},{"duration":0}]},{"name":"yz","translateFrame":[{"duration":5,"tweenEasing":0},{"duration":15,"tweenEasing":0},{"tweenEasing":0,"x":-7.66},{"duration":11,"tweenEasing":0,"x":3.54},{"duration":9,"tweenEasing":0,"x":3.54},{"duration":0}],"rotateFrame":[{"duration":32,"tweenEasing":0,"rotate":0.01},{"duration":9,"tweenEasing":0,"rotate":0.01},{"duration":0}],"scaleFrame":[{"duration":5,"tweenEasing":0},{"duration":15,"tweenEasing":0,"y":1.1},{"tweenEasing":0},{"duration":11,"tweenEasing":0,"y":1.1},{"duration":9,"tweenEasing":0,"y":1.15},{"duration":0}]},{"name":"fs","translateFrame":[{"duration":5,"tweenEasing":0,"x":-4.65,"y":2.43},{"duration":2,"tweenEasing":0,"x":7.4,"y":22.03},{"duration":3,"tweenEasing":0,"x":-2.7,"y":11.6},{"duration":10,"tweenEasing":0,"x":-17.77,"y":-2.15},{"tweenEasing":0,"x":-25.87,"y":-6.04},{"duration":20,"x":28.94,"y":4.38}]}],"slot":[{"name":"PET6004_yanjingzhenchang","displayFrame":[{"duration":8,"value":5},{"duration":12},{"duration":21,"value":1},{"duration":0,"value":5}]},{"name":"pet6005_01","displayFrame":[{"duration":2},{"duration":2,"value":1},{"duration":2,"value":2},{"duration":2,"value":3},{"duration":2},{"duration":2,"value":1},{"duration":2,"value":2},{"duration":2,"value":3},{"duration":2},{"duration":2,"value":1},{"duration":2,"value":2},{"duration":2,"value":3},{"duration":2},{"duration":2,"value":1},{"duration":2,"value":2},{"duration":2,"value":3},{"duration":2,"value":1},{"duration":2,"value":2},{"duration":2,"value":3},{"duration":2},{"value":1},{"duration":0,"value":2}]}]},{"duration":49,"name":"dead","bone":[{"name":"bone","translateFrame":[{"duration":5,"tweenEasing":0},{"duration":6,"tweenEasing":0,"x":-5.14,"y":-3.23},{"duration":7,"tweenEasing":0,"y":2},{"tweenEasing":0,"x":-5.14,"y":-3.23},{"duration":2,"tweenEasing":0,"x":-1.4,"y":-6.47},{"duration":3,"tweenEasing":0,"x":-12.74,"y":-4.71},{"duration":8,"tweenEasing":0,"x":-4.92,"y":14.14},{"duration":8,"tweenEasing":0,"x":-4.92,"y":12.14},{"duration":9,"tweenEasing":0,"x":-4.92,"y":15.14},{"duration":0,"x":-4.92,"y":14.47}],"rotateFrame":[{"duration":5,"tweenEasing":0},{"duration":6,"tweenEasing":0,"rotate":-10.23},{"duration":7,"tweenEasing":0},{"tweenEasing":0,"rotate":-10.23},{"duration":2,"tweenEasing":0,"rotate":-20.46},{"duration":3,"tweenEasing":0,"rotate":-20.46},{"duration":25,"rotate":-99.82}]},{"name":"PET6004_duzi","rotateFrame":[{"duration":5,"tweenEasing":0},{"duration":6,"tweenEasing":0,"rotate":-0.68},{"duration":7,"tweenEasing":0,"rotate":2.01},{"tweenEasing":0,"rotate":-0.68},{"duration":2,"tweenEasing":0,"rotate":-1.37},{"duration":3,"tweenEasing":0,"rotate":-35.05},{"duration":25,"rotate":-5.4}]},{"name":"PET6004_datuil","translateFrame":[{"duration":5,"tweenEasing":0},{"duration":6,"tweenEasing":0,"x":-1.52,"y":-1.28},{"duration":7,"tweenEasing":0,"x":1.59,"y":0.9},{"duration":3,"tweenEasing":0,"x":-1.52,"y":-1.28},{"duration":3,"tweenEasing":0,"x":-1.52,"y":-1.28},{"duration":25,"x":0.74,"y":-8.92}],"rotateFrame":[{"duration":5,"tweenEasing":0},{"duration":6,"tweenEasing":0,"rotate":2.29},{"duration":7,"tweenEasing":0,"rotate":3.61},{"tweenEasing":0,"rotate":2.29},{"duration":2,"tweenEasing":0,"rotate":-8.19},{"duration":3,"tweenEasing":0,"rotate":-7.99},{"duration":8,"tweenEasing":0,"rotate":2.65},{"duration":8,"tweenEasing":0,"rotate":3.98},{"duration":9,"tweenEasing":0,"rotate":-0.3},{"duration":0,"rotate":0.13}]},{"name":"PET6004_datuir","rotateFrame":[{"duration":5,"tweenEasing":0},{"duration":6,"tweenEasing":0,"rotate":3.02},{"duration":7,"tweenEasing":0,"rotate":-3.58},{"tweenEasing":0,"rotate":3.02},{"duration":2,"tweenEasing":0,"rotate":-8.4},{"duration":3,"tweenEasing":0,"rotate":-0.26},{"duration":8,"tweenEasing":0,"rotate":7.26},{"duration":8,"tweenEasing":0,"rotate":11.66},{"duration":9,"tweenEasing":0,"rotate":5.61},{"duration":0,"rotate":6.34}]},{"name":"PET6004_weiba","rotateFrame":[{"duration":5,"tweenEasing":0},{"duration":6,"tweenEasing":0,"rotate":5.86},{"duration":7,"tweenEasing":0,"rotate":-6.86},{"duration":3,"tweenEasing":0,"rotate":4.97},{"duration":3,"tweenEasing":0,"rotate":46.51},{"duration":25,"rotate":48.25}]},{"name":"bone2","rotateFrame":[{"duration":5,"tweenEasing":0},{"duration":6,"tweenEasing":0,"rotate":-0.53},{"duration":7,"tweenEasing":0,"rotate":6.89},{"tweenEasing":0,"rotate":-0.53},{"duration":2,"tweenEasing":0,"rotate":-1.07},{"duration":2,"tweenEasing":0,"rotate":54.38},{"tweenEasing":0,"rotate":-0.35},{"duration":8,"tweenEasing":0,"rotate":3.08},{"duration":8,"tweenEasing":0,"rotate":2.23},{"duration":9,"tweenEasing":0,"rotate":3.92},{"duration":0,"rotate":3.42}]},{"name":"PET6004_shoul","rotateFrame":[{"duration":5,"tweenEasing":0},{"duration":6,"tweenEasing":0,"rotate":2.8},{"duration":7,"tweenEasing":0,"rotate":-13.06},{"tweenEasing":0,"rotate":2.8},{"duration":5,"tweenEasing":0,"rotate":5.61},{"duration":16,"tweenEasing":0,"rotate":42.7},{"duration":9,"tweenEasing":0,"rotate":42.63},{"duration":0,"rotate":42.78}]},{"name":"PET6004_shour","rotateFrame":[{"duration":5,"tweenEasing":0},{"duration":6,"tweenEasing":0,"rotate":-30.19},{"duration":7,"tweenEasing":0,"rotate":-42.72},{"tweenEasing":0,"rotate":-30.19},{"duration":5,"tweenEasing":0,"rotate":-60.4},{"duration":8,"tweenEasing":0,"rotate":-8.76},{"duration":8,"tweenEasing":0,"rotate":-5.05},{"duration":9,"tweenEasing":0,"rotate":-10.93},{"duration":0,"rotate":-10.32}]},{"name":"PET6004_tou","translateFrame":[{"duration":5,"tweenEasing":0},{"duration":35,"tweenEasing":0,"x":0.25,"y":-1.59},{"duration":9,"tweenEasing":0,"x":0.25,"y":-1.59},{"duration":0}],"rotateFrame":[{"duration":5,"tweenEasing":0},{"duration":6,"tweenEasing":0,"rotate":13.36},{"duration":7,"tweenEasing":0,"rotate":-10.57},{"tweenEasing":0,"rotate":17.03},{"duration":2,"tweenEasing":0,"rotate":2.13},{"duration":2,"tweenEasing":0,"rotate":10.42},{"tweenEasing":0,"rotate":-9.32},{"duration":8,"tweenEasing":0,"rotate":11.6},{"duration":8,"tweenEasing":0,"rotate":8.49},{"duration":9,"tweenEasing":0,"rotate":9.69},{"duration":0,"rotate":8.67}]},{"name":"PET6004_xiaotuil","rotateFrame":[{"duration":5,"tweenEasing":0},{"duration":6,"tweenEasing":0,"rotate":13},{"duration":7,"tweenEasing":0,"rotate":-5.4},{"tweenEasing":0,"rotate":13},{"duration":2,"tweenEasing":0,"rotate":10.03},{"duration":3,"tweenEasing":0,"rotate":49.85},{"duration":8,"tweenEasing":0,"rotate":18.16},{"duration":8,"tweenEasing":0,"rotate":21.36},{"duration":9,"tweenEasing":0,"rotate":10.01},{"duration":0,"rotate":10.45}]},{"name":"PET6004_xiaotuir","translateFrame":[{"duration":5,"tweenEasing":0},{"duration":6,"tweenEasing":0,"x":-0.05,"y":-0.01},{"duration":7,"tweenEasing":0,"x":-0.38,"y":-0.12},{"duration":3,"tweenEasing":0,"x":-0.05,"y":-0.01},{"duration":3,"tweenEasing":0,"x":-0.05,"y":-0.01},{"duration":25}],"rotateFrame":[{"duration":5,"tweenEasing":0},{"duration":6,"tweenEasing":0,"rotate":1.93},{"duration":7,"tweenEasing":0,"rotate":10.85},{"tweenEasing":0,"rotate":1.93},{"duration":2,"tweenEasing":0,"rotate":29.55},{"duration":3,"tweenEasing":0,"rotate":2.08},{"duration":8,"tweenEasing":0,"rotate":-11.23},{"duration":8,"tweenEasing":0,"rotate":-7.7},{"duration":9,"tweenEasing":0,"rotate":-16.13},{"duration":0,"rotate":-15.4}]},{"name":"bone3","rotateFrame":[{"duration":5,"tweenEasing":0},{"duration":6,"tweenEasing":0,"rotate":6.81},{"duration":7,"tweenEasing":0,"rotate":-0.17},{"duration":6,"tweenEasing":0,"rotate":5.92},{"duration":25,"rotate":0.91}]},{"name":"PET6004_xiaba","rotateFrame":[{"duration":5,"tweenEasing":0},{"duration":6,"tweenEasing":0,"rotate":0.5},{"duration":7,"tweenEasing":0,"rotate":3.53},{"duration":6,"tweenEasing":0,"rotate":0.5},{"duration":8,"tweenEasing":0},{"duration":8,"tweenEasing":0,"rotate":1.35},{"duration":9,"rotate":-1.76}]},{"name":"bone4","rotateFrame":[{"duration":5,"tweenEasing":0},{"duration":6,"tweenEasing":0,"rotate":6.93},{"duration":7,"tweenEasing":0,"rotate":0.65},{"duration":6,"tweenEasing":0,"rotate":6.04},{"duration":25,"rotate":-19.29}]},{"name":"bone5","rotateFrame":[{"duration":5,"tweenEasing":0},{"duration":6,"tweenEasing":0,"rotate":5.99},{"duration":7,"tweenEasing":0,"rotate":-9.82},{"duration":3,"tweenEasing":0,"rotate":5.99},{"duration":3,"tweenEasing":0,"rotate":21.95},{"duration":8,"tweenEasing":0},{"duration":8,"tweenEasing":0,"rotate":3.09},{"duration":9,"rotate":3.92}]},{"name":"pet6005_01","rotateFrame":[{"duration":18,"tweenEasing":0},{"duration":31,"tweenEasing":0},{"duration":0,"rotate":0.03}]},{"name":"yz","translateFrame":[{"duration":18,"tweenEasing":0},{"duration":4,"tweenEasing":0},{"duration":3,"tweenEasing":0,"x":-13.97},{"duration":24,"x":0.48}],"rotateFrame":[{"duration":42,"tweenEasing":0,"rotate":0.01},{"duration":7,"tweenEasing":0,"rotate":0.01},{"duration":0}],"scaleFrame":[{"duration":5,"tweenEasing":0},{"duration":6,"tweenEasing":0,"y":0.9},{"duration":7,"tweenEasing":0,"y":1.1},{"duration":4,"tweenEasing":0,"y":0.9},{"duration":3,"tweenEasing":0,"y":1.3},{"duration":8,"tweenEasing":0,"y":1.4},{"duration":9,"tweenEasing":0,"y":1.35},{"duration":7,"tweenEasing":0,"y":1.4},{"duration":0,"y":1.39}]}],"slot":[{"name":"PET6004_yanjingzhenchang","displayFrame":[{"duration":5,"value":5},{"duration":13,"value":4},{"duration":31,"value":3}]},{"name":"pet6005_01","displayFrame":[{"duration":2},{"duration":2,"value":1},{"duration":2,"value":2},{"duration":2,"value":3},{"duration":2},{"duration":2,"value":1},{"duration":2,"value":2},{"duration":2,"value":3},{"duration":33,"value":-1}]}]},{"duration":25,"name":"hurt","bone":[{"name":"bone","translateFrame":[{"duration":4,"tweenEasing":0},{"duration":2,"tweenEasing":0,"y":4},{"duration":9,"tweenEasing":0,"x":-10.28,"y":-6.47},{"duration":10,"tweenEasing":0,"x":-20.28,"y":-8.94},{"duration":0}],"rotateFrame":[{"duration":4,"tweenEasing":0},{"duration":2,"tweenEasing":0},{"duration":9,"tweenEasing":0,"rotate":-20.46},{"duration":10,"tweenEasing":0,"rotate":-20.46},{"duration":0}]},{"name":"PET6004_duzi","rotateFrame":[{"duration":4,"tweenEasing":0},{"duration":2,"tweenEasing":0,"rotate":4.03},{"duration":9,"tweenEasing":0,"rotate":-1.37},{"duration":10,"tweenEasing":0,"rotate":-9.41},{"duration":0}]},{"name":"PET6004_datuil","translateFrame":[{"duration":4,"tweenEasing":0},{"duration":2,"tweenEasing":0,"x":3.19,"y":1.8},{"duration":9,"tweenEasing":0,"x":-3.05,"y":-2.56},{"duration":10,"tweenEasing":0,"x":-3.05,"y":-2.56},{"duration":0}],"rotateFrame":[{"duration":4,"tweenEasing":0},{"duration":2,"tweenEasing":0,"rotate":7.23},{"duration":9,"tweenEasing":0,"rotate":4.58},{"duration":10,"tweenEasing":0,"rotate":12.91},{"duration":0}]},{"name":"PET6004_datuir","rotateFrame":[{"duration":4,"tweenEasing":0},{"duration":2,"tweenEasing":0,"rotate":-7.17},{"duration":9,"tweenEasing":0,"rotate":6.04},{"duration":10,"tweenEasing":0,"rotate":5.07},{"duration":0}]},{"name":"PET6004_weiba","rotateFrame":[{"duration":4,"tweenEasing":0},{"duration":3,"tweenEasing":0,"rotate":0.96},{"duration":9,"tweenEasing":0,"rotate":18.53},{"duration":9,"tweenEasing":0,"rotate":31.79},{"duration":0}]},{"name":"bone2","translateFrame":[{"duration":4,"tweenEasing":0},{"duration":16,"tweenEasing":0,"x":-2.49,"y":1.24},{"duration":5,"tweenEasing":0,"x":-2.49,"y":1.24},{"duration":0}],"rotateFrame":[{"duration":4,"tweenEasing":0},{"duration":2,"tweenEasing":0,"rotate":13.78},{"duration":9,"tweenEasing":0,"rotate":-1.07},{"duration":5,"tweenEasing":0,"rotate":13.29},{"duration":5,"tweenEasing":0,"rotate":-7.03},{"duration":0}]},{"name":"PET6004_shoul","translateFrame":[{"duration":4,"tweenEasing":0},{"duration":11,"tweenEasing":0,"x":2.32,"y":-4.47},{"duration":10,"tweenEasing":0,"x":2.32,"y":-4.47},{"duration":0}],"rotateFrame":[{"duration":4,"tweenEasing":0},{"duration":2,"tweenEasing":0,"rotate":0.35},{"duration":9,"tweenEasing":0,"rotate":5.61},{"duration":10,"tweenEasing":0,"rotate":-0.11},{"duration":0}]},{"name":"PET6004_shour","rotateFrame":[{"duration":4,"tweenEasing":0},{"duration":2,"tweenEasing":0,"rotate":-61.31},{"duration":9,"tweenEasing":0,"rotate":-60.4},{"duration":10,"tweenEasing":0,"rotate":-65.79},{"duration":0}]},{"name":"PET6004_tou","translateFrame":[{"duration":6,"tweenEasing":0},{"duration":9,"tweenEasing":0},{"duration":5,"tweenEasing":0,"x":0.69,"y":-2},{"duration":5,"tweenEasing":0,"x":0.69,"y":-2},{"duration":0}],"rotateFrame":[{"duration":4,"tweenEasing":0},{"duration":2,"tweenEasing":0,"rotate":-10.36},{"duration":9,"tweenEasing":0,"rotate":5.62},{"duration":5,"tweenEasing":0,"rotate":12.29},{"duration":5,"tweenEasing":0,"rotate":-1.81},{"duration":0}]},{"name":"PET6004_xiaotuil","rotateFrame":[{"duration":4,"tweenEasing":0},{"duration":2,"tweenEasing":0,"rotate":-10.81},{"duration":9,"tweenEasing":0,"rotate":26},{"duration":10,"tweenEasing":0,"rotate":34.33},{"duration":0}]},{"name":"PET6004_xiaotuir","translateFrame":[{"duration":4,"tweenEasing":0},{"duration":2,"tweenEasing":0,"x":-0.76,"y":-0.25},{"duration":19,"tweenEasing":0,"x":-0.76,"y":-0.25},{"duration":0}],"rotateFrame":[{"duration":4,"tweenEasing":0},{"duration":2,"tweenEasing":0,"rotate":21.71},{"duration":19,"tweenEasing":0,"rotate":3.86},{"duration":0}]},{"name":"bone3","rotateFrame":[{"duration":4,"tweenEasing":0},{"duration":3,"tweenEasing":0,"rotate":14.33},{"duration":9,"tweenEasing":0,"rotate":1.76},{"duration":9,"tweenEasing":0,"rotate":10.49},{"duration":0}]},{"name":"PET6004_xiaba","rotateFrame":[{"duration":4,"tweenEasing":0},{"duration":21,"tweenEasing":0,"rotate":7.07},{"duration":0}]},{"name":"bone4","rotateFrame":[{"duration":4,"tweenEasing":0},{"duration":3,"tweenEasing":0,"rotate":16},{"duration":9,"tweenEasing":0,"rotate":11.91},{"duration":9,"tweenEasing":0,"rotate":-7.14},{"duration":0}]},{"name":"bone5","rotateFrame":[{"duration":4,"tweenEasing":0},{"duration":2,"tweenEasing":0,"rotate":-19.64},{"duration":9,"tweenEasing":0,"rotate":11.99},{"duration":10,"tweenEasing":0,"rotate":16.93},{"duration":0}]},{"name":"yz","translateFrame":[{"duration":7,"tweenEasing":0},{"duration":10,"tweenEasing":0},{"duration":8,"tweenEasing":0,"x":-13.08},{"duration":0}],"rotateFrame":[{"duration":25,"rotate":0.01}],"scaleFrame":[{"duration":4,"tweenEasing":0},{"duration":3,"tweenEasing":0,"y":1.1},{"duration":10,"tweenEasing":0,"y":0.95},{"duration":8,"tweenEasing":0,"y":0.9},{"duration":0}]}],"slot":[{"name":"PET6004_yanjingzhenchang","displayFrame":[{"duration":4,"value":5},{"duration":2},{"duration":19,"value":3},{"duration":0,"value":5}]},{"name":"pet6005_01","displayFrame":[{"duration":2},{"duration":2,"value":1},{"duration":2,"value":2},{"duration":2,"value":3},{"duration":2},{"duration":2,"value":1},{"duration":2,"value":2},{"duration":2,"value":3},{"duration":2},{"duration":2,"value":1},{"duration":2,"value":2},{"duration":3,"value":3},{"duration":0}]}]},{"duration":50,"name":"skill","frame":[{"duration":6},{"duration":24,"events":[{"name":"0"}]},{"duration":0,"events":[{"name":"1"}]}],"bone":[{"name":"PET6004_datuil","translateFrame":[{"duration":7,"tweenEasing":0},{"duration":3,"tweenEasing":0,"x":2.34,"y":0.42},{"duration":7,"tweenEasing":0,"x":-2.81,"y":-1.49},{"duration":6,"tweenEasing":0,"x":-4.1,"y":-1.96},{"duration":6,"tweenEasing":0,"x":-2.81,"y":-1.49},{"tweenEasing":0,"x":-4.1,"y":-1.96},{"duration":11,"tweenEasing":0,"x":2.71,"y":-1.89},{"duration":9,"tweenEasing":0,"x":3.22,"y":-1.89},{"duration":0}],"rotateFrame":[{"duration":7,"tweenEasing":0},{"duration":3,"tweenEasing":0,"rotate":8.54},{"duration":7,"tweenEasing":0,"rotate":-16.11},{"duration":6,"tweenEasing":0,"rotate":-22.28},{"duration":6,"tweenEasing":0,"rotate":-16.11},{"tweenEasing":0,"rotate":-22.28},{"duration":11,"tweenEasing":0,"rotate":-8.97},{"duration":9,"tweenEasing":0,"rotate":-7.98},{"duration":0}]},{"name":"PET6004_xiaotuil","rotateFrame":[{"duration":7,"tweenEasing":0},{"duration":3,"tweenEasing":0,"rotate":-10.81},{"duration":7,"tweenEasing":0,"rotate":21.96},{"duration":6,"tweenEasing":0,"rotate":30.16},{"duration":6,"tweenEasing":0,"rotate":21.96},{"tweenEasing":0,"rotate":30.16},{"duration":11,"tweenEasing":0,"rotate":2.08},{"duration":9}]},{"name":"PET6004_duzi","rotateFrame":[{"duration":7,"tweenEasing":0},{"duration":3,"tweenEasing":0,"rotate":4.03},{"duration":7,"tweenEasing":0,"rotate":-2.95},{"duration":6,"tweenEasing":0,"rotate":-4.7},{"duration":6,"tweenEasing":0,"rotate":-2.95},{"tweenEasing":0,"rotate":-4.7},{"duration":11,"tweenEasing":0,"rotate":10.59},{"duration":9,"tweenEasing":0,"rotate":11.73},{"duration":0}]},{"name":"PET6004_shour","rotateFrame":[{"duration":7,"tweenEasing":0},{"duration":3,"tweenEasing":0,"rotate":-61.31},{"duration":7,"tweenEasing":0,"rotate":-94.71},{"duration":6,"tweenEasing":0,"rotate":-102.56},{"duration":6,"tweenEasing":0,"rotate":-94.71},{"tweenEasing":0,"rotate":-102.56},{"duration":11,"tweenEasing":0,"rotate":-2.01},{"duration":9,"tweenEasing":0,"rotate":4.23},{"duration":0}]},{"name":"PET6004_xiaotuir","translateFrame":[{"duration":7,"tweenEasing":0},{"duration":3,"tweenEasing":0,"x":-0.76,"y":-0.25},{"duration":7,"tweenEasing":0,"x":-0.29,"y":-0.09},{"duration":6,"tweenEasing":0,"x":-0.18,"y":-0.06},{"duration":6,"tweenEasing":0,"x":-0.29,"y":-0.09},{"tweenEasing":0,"x":-0.18,"y":-0.06},{"duration":11,"tweenEasing":0,"x":2.67,"y":0.36},{"duration":9,"tweenEasing":0,"x":2.88,"y":0.39},{"duration":0}],"rotateFrame":[{"duration":7,"tweenEasing":0},{"duration":3,"tweenEasing":0,"rotate":32.43},{"duration":7,"tweenEasing":0,"rotate":-4.99},{"duration":6,"tweenEasing":0,"rotate":-14.35},{"duration":6,"tweenEasing":0,"rotate":-4.99},{"tweenEasing":0,"rotate":-14.35},{"duration":11,"tweenEasing":0,"rotate":-6.25},{"duration":9,"tweenEasing":0,"rotate":-5.65},{"duration":0}]},{"name":"bone","translateFrame":[{"duration":7,"tweenEasing":0},{"duration":3,"tweenEasing":0,"y":4},{"duration":7,"tweenEasing":0,"x":-6.4,"y":-2.77},{"duration":6,"tweenEasing":0,"x":-8,"y":-4.47},{"duration":6,"tweenEasing":0,"x":-6.4,"y":-2.77},{"tweenEasing":0,"x":-8,"y":-4.47},{"duration":11,"tweenEasing":0,"x":5.71,"y":-0.3},{"duration":9,"tweenEasing":0,"x":6.73},{"duration":0}],"rotateFrame":[{"duration":7,"tweenEasing":0},{"duration":3,"tweenEasing":0},{"duration":7,"tweenEasing":0,"rotate":-4.84},{"duration":6,"tweenEasing":0,"rotate":-5.38},{"duration":6,"tweenEasing":0,"rotate":-4.84},{"tweenEasing":0,"rotate":-5.38},{"duration":11,"tweenEasing":0,"rotate":-0.37},{"duration":9}]},{"name":"bone5","rotateFrame":[{"duration":7,"tweenEasing":0},{"duration":3,"tweenEasing":0,"rotate":-29.67},{"duration":7,"tweenEasing":0,"rotate":18.26},{"duration":6,"tweenEasing":0,"rotate":30.25},{"duration":6,"tweenEasing":0,"rotate":18.26},{"tweenEasing":0,"rotate":30.25},{"duration":11,"tweenEasing":0,"rotate":-5.87},{"duration":9,"tweenEasing":0,"rotate":-8.54},{"duration":0}]},{"name":"bone4","rotateFrame":[{"duration":7,"tweenEasing":0},{"duration":7,"tweenEasing":0,"rotate":-3.86},{"duration":7,"tweenEasing":0,"rotate":13.4},{"duration":8,"tweenEasing":0,"rotate":4.36},{"tweenEasing":0,"rotate":13.41},{"duration":10,"tweenEasing":0,"rotate":-2.61},{"duration":10,"tweenEasing":0,"rotate":-12.46},{"duration":0}]},{"name":"PET6004_tou","translateFrame":[{"duration":10,"tweenEasing":0},{"duration":7,"tweenEasing":0},{"duration":12,"tweenEasing":0,"x":0.18,"y":-0.69},{"tweenEasing":0,"x":0.18,"y":-0.69},{"duration":11,"tweenEasing":0,"x":0.01,"y":-0.04},{"duration":9}],"rotateFrame":[{"duration":7,"tweenEasing":0},{"duration":3,"tweenEasing":0,"rotate":8.66},{"duration":7,"tweenEasing":0,"rotate":-6.82},{"duration":6,"tweenEasing":0,"rotate":-13.31},{"duration":6,"tweenEasing":0,"rotate":-6.82},{"tweenEasing":0,"rotate":-13.31},{"duration":11,"tweenEasing":0,"rotate":-36.8},{"duration":9,"tweenEasing":0,"rotate":-44.66},{"duration":0}]},{"name":"PET6004_xiaba","translateFrame":[{"duration":29,"tweenEasing":0},{"tweenEasing":0},{"duration":11,"tweenEasing":0,"x":1.73,"y":-0.89},{"duration":9,"tweenEasing":0,"x":1.82,"y":-0.93},{"duration":0}],"rotateFrame":[{"duration":7,"tweenEasing":0},{"duration":10,"tweenEasing":0,"rotate":-1.44},{"duration":12,"rotate":-0.27},{"tweenEasing":0,"rotate":-0.27},{"duration":11,"tweenEasing":0,"rotate":33.7},{"duration":9,"tweenEasing":0,"rotate":36.12},{"duration":0}]},{"name":"yz","translateFrame":[{"duration":7,"tweenEasing":0},{"duration":10,"tweenEasing":0},{"duration":13,"tweenEasing":0,"x":-7.66},{"duration":11,"tweenEasing":0,"x":3.54},{"duration":9,"tweenEasing":0,"x":3.54},{"duration":0}],"rotateFrame":[{"duration":41,"tweenEasing":0,"rotate":0.01},{"duration":9,"tweenEasing":0,"rotate":0.01},{"duration":0}],"scaleFrame":[{"duration":7,"tweenEasing":0},{"duration":10,"tweenEasing":0,"y":1.1},{"duration":13,"tweenEasing":0},{"duration":11,"tweenEasing":0,"y":1.1},{"duration":9,"tweenEasing":0,"y":1.15},{"duration":0}]},{"name":"PET6004_datuir","translateFrame":[{"duration":29,"tweenEasing":0},{"tweenEasing":0},{"duration":11,"tweenEasing":0,"x":-2.21,"y":-2.44},{"duration":9,"tweenEasing":0,"x":-2.38,"y":-2.62},{"duration":0}],"rotateFrame":[{"duration":7,"tweenEasing":0},{"duration":3,"tweenEasing":0,"rotate":-3.57},{"duration":7,"tweenEasing":0,"rotate":-1.91},{"duration":6,"tweenEasing":0,"rotate":-1.49},{"duration":6,"tweenEasing":0,"rotate":-1.91},{"tweenEasing":0,"rotate":-1.49},{"duration":11,"tweenEasing":0,"rotate":4.27},{"duration":9,"tweenEasing":0,"rotate":4.7},{"duration":0}]},{"name":"fs","translateFrame":[{"duration":29,"x":-19.47,"y":-12.75},{"tweenEasing":0,"x":-19.47,"y":-12.75},{"duration":20,"x":21.77,"y":1.53}]},{"name":"PET6004_weiba","rotateFrame":[{"duration":7,"tweenEasing":0},{"duration":7,"tweenEasing":0,"rotate":-3.86},{"duration":7,"tweenEasing":0,"rotate":2.87},{"duration":8,"tweenEasing":0,"rotate":-4.11},{"tweenEasing":0,"rotate":6.98},{"duration":10,"tweenEasing":0,"rotate":5.62},{"duration":10,"tweenEasing":0,"rotate":7.37},{"duration":0}]},{"name":"bone3","rotateFrame":[{"duration":7,"tweenEasing":0},{"duration":7,"tweenEasing":0,"rotate":-3.86},{"duration":7,"tweenEasing":0,"rotate":9.97},{"duration":8,"tweenEasing":0,"rotate":1.6},{"tweenEasing":0,"rotate":11.3},{"duration":10,"tweenEasing":0,"rotate":-18.11},{"duration":10,"tweenEasing":0,"rotate":1.27},{"duration":0}]},{"name":"PET6004_shoul","rotateFrame":[{"duration":7,"tweenEasing":0},{"duration":3,"tweenEasing":0,"rotate":0.35},{"duration":7,"tweenEasing":0,"rotate":-28.97},{"duration":6,"tweenEasing":0,"rotate":-46.63},{"duration":6,"tweenEasing":0,"rotate":-28.97},{"tweenEasing":0,"rotate":-46.63},{"duration":11,"tweenEasing":0,"rotate":5.95},{"duration":9,"tweenEasing":0,"rotate":8.05},{"duration":0}]},{"name":"bone2","translateFrame":[{"duration":7,"tweenEasing":0},{"duration":3,"tweenEasing":0,"x":-2.49,"y":1.24},{"duration":7,"tweenEasing":0,"x":-0.97,"y":0.48},{"duration":6,"tweenEasing":0,"x":-0.59,"y":0.29},{"duration":6,"tweenEasing":0,"x":-0.97,"y":0.48},{"tweenEasing":0,"x":-0.59,"y":0.29},{"duration":11,"tweenEasing":0,"x":-0.04,"y":0.02},{"duration":9}],"rotateFrame":[{"duration":7,"tweenEasing":0},{"duration":3,"tweenEasing":0,"rotate":13.78},{"duration":7,"tweenEasing":0,"rotate":-15.43},{"duration":6,"tweenEasing":0,"rotate":-13.93},{"duration":6,"tweenEasing":0,"rotate":-15.43},{"tweenEasing":0,"rotate":-13.02},{"duration":11,"tweenEasing":0,"rotate":8.18},{"duration":9,"tweenEasing":0,"rotate":9.24},{"duration":0}]}],"slot":[{"name":"PET6004_yanjingzhenchang","displayFrame":[{"duration":8,"value":5},{"duration":22},{"duration":20,"value":1},{"duration":0,"value":5}]},{"name":"pet6005_01","displayFrame":[{"duration":2},{"duration":2,"value":1},{"duration":2,"value":2},{"duration":2,"value":3},{"duration":2},{"duration":2,"value":1},{"duration":2,"value":2},{"duration":2,"value":3},{"duration":2},{"duration":2,"value":1},{"duration":2,"value":2},{"duration":2,"value":3},{"duration":2},{"duration":2,"value":1},{"duration":2,"value":2},{"duration":2,"value":3},{"duration":2},{"duration":2,"value":1},{"duration":2,"value":2},{"duration":2,"value":3},{"duration":2},{"duration":2,"value":1},{"duration":2,"value":2},{"duration":2,"value":3},{"duration":2},{"duration":0,"value":1}]}]},{"duration":30,"name":"stand","bone":[{"name":"bone","translateFrame":[{"duration":15,"tweenEasing":0},{"duration":15,"tweenEasing":0,"y":4},{"duration":0}]},{"name":"PET6004_duzi","rotateFrame":[{"duration":15,"tweenEasing":0},{"duration":15,"tweenEasing":0,"rotate":4.03},{"duration":0}]},{"name":"PET6004_datuil","translateFrame":[{"duration":15,"tweenEasing":0},{"duration":15,"tweenEasing":0,"x":3.19,"y":1.8},{"duration":0}],"rotateFrame":[{"duration":15,"tweenEasing":0},{"duration":15,"tweenEasing":0,"rotate":7.23},{"duration":0}]},{"name":"PET6004_datuir","rotateFrame":[{"duration":15,"tweenEasing":0},{"duration":15,"tweenEasing":0,"rotate":-7.17},{"duration":0}]},{"name":"PET6004_weiba","rotateFrame":[{"duration":7,"tweenEasing":0},{"duration":8,"tweenEasing":0,"rotate":-5.74},{"duration":7,"tweenEasing":0,"rotate":-4.87},{"duration":8,"tweenEasing":0,"rotate":4.99},{"duration":0}]},{"name":"bone2","rotateFrame":[{"duration":7,"tweenEasing":0},{"duration":8,"tweenEasing":0,"rotate":-4.74},{"duration":7,"tweenEasing":0},{"duration":8,"tweenEasing":0,"rotate":3.78},{"duration":0}]},{"name":"PET6004_shoul","rotateFrame":[{"duration":15,"tweenEasing":0},{"duration":15,"tweenEasing":0,"rotate":-18.79},{"duration":0}]},{"name":"PET6004_shour","rotateFrame":[{"duration":15,"tweenEasing":0},{"duration":15,"tweenEasing":0,"rotate":12.7},{"duration":0}]},{"name":"PET6004_tou","translateFrame":[{"duration":7,"tweenEasing":0},{"duration":8,"tweenEasing":0,"y":-0.84},{"duration":15}],"rotateFrame":[{"duration":7,"tweenEasing":0},{"duration":8,"tweenEasing":0,"rotate":8.48},{"duration":7,"tweenEasing":0},{"duration":8,"tweenEasing":0,"rotate":-2.52},{"duration":0}]},{"name":"PET6004_xiaotuil","rotateFrame":[{"duration":15,"tweenEasing":0},{"duration":15,"tweenEasing":0,"rotate":-10.81},{"duration":0}]},{"name":"PET6004_xiaotuir","translateFrame":[{"duration":15,"tweenEasing":0},{"duration":15,"tweenEasing":0,"x":-0.76,"y":-0.25},{"duration":0}],"rotateFrame":[{"duration":15,"tweenEasing":0},{"duration":15,"tweenEasing":0,"rotate":21.71},{"duration":0}]},{"name":"bone3","rotateFrame":[{"duration":7,"tweenEasing":0},{"duration":8,"tweenEasing":0,"rotate":-12.21},{"duration":7,"tweenEasing":0,"rotate":-29.45},{"duration":8,"tweenEasing":0,"rotate":-16.51},{"duration":0}]},{"name":"PET6004_xiaba","rotateFrame":[{"duration":15,"tweenEasing":0},{"duration":15,"tweenEasing":0,"rotate":7.07},{"duration":0}]},{"name":"bone4","rotateFrame":[{"duration":7,"tweenEasing":0},{"duration":8,"tweenEasing":0,"rotate":22.92},{"duration":7,"tweenEasing":0,"rotate":9.95},{"duration":8,"tweenEasing":0,"rotate":-18.8},{"duration":0}]},{"name":"bone5","rotateFrame":[{"duration":15,"tweenEasing":0},{"duration":15,"tweenEasing":0,"rotate":-19.64},{"duration":0}]},{"name":"yz","rotateFrame":[{"duration":15,"tweenEasing":0},{"duration":15,"tweenEasing":0,"rotate":0.39},{"duration":0,"rotate":0.01}],"scaleFrame":[{"duration":15,"tweenEasing":0},{"duration":15,"tweenEasing":0,"y":1.1},{"duration":0}]}],"slot":[{"name":"PET6004_yanjingzhenchang","displayFrame":[{"duration":10,"value":5},{"duration":7},{"duration":13,"value":5}]},{"name":"pet6005_01","displayFrame":[{"duration":2},{"duration":2,"value":1},{"duration":2,"value":2},{"duration":2,"value":3},{"duration":2},{"duration":2,"value":1},{"duration":2,"value":2},{"duration":2,"value":3},{"duration":2},{"duration":2,"value":1},{"duration":2,"value":2},{"duration":2,"value":3},{"duration":2},{"duration":2,"value":1},{"duration":2,"value":2},{"duration":0,"value":3}]}]},{"duration":22,"name":"walk","bone":[{"name":"bone","translateFrame":[{"duration":5,"tweenEasing":0},{"duration":6,"tweenEasing":0,"y":-3},{"duration":5,"tweenEasing":0},{"duration":6,"tweenEasing":0,"y":-3},{"duration":0}]},{"name":"yz","scaleFrame":[{"duration":5,"tweenEasing":0},{"duration":6,"tweenEasing":0,"y":0.9},{"duration":5,"tweenEasing":0},{"duration":6,"tweenEasing":0,"y":0.9},{"duration":0}]},{"name":"PET6004_duzi","rotateFrame":[{"duration":22,"rotate":4.4}]},{"name":"PET6004_weiba","rotateFrame":[{"duration":6,"tweenEasing":0},{"duration":8,"tweenEasing":0,"rotate":-5.74},{"duration":8,"tweenEasing":0,"rotate":4.99},{"duration":0}]},{"name":"bone2","rotateFrame":[{"duration":22,"rotate":-0.45}]},{"name":"PET6004_shoul","rotateFrame":[{"duration":11,"tweenEasing":0,"rotate":27.38},{"duration":11,"tweenEasing":0,"rotate":-9.25},{"duration":0,"rotate":27.38}]},{"name":"PET6004_shour","translateFrame":[{"duration":11,"tweenEasing":0,"x":-0.06,"y":-1.99},{"duration":11,"tweenEasing":0,"x":0.18,"y":0.44},{"duration":0,"x":-0.06,"y":-1.99}],"rotateFrame":[{"duration":11,"tweenEasing":0,"rotate":-62.25},{"duration":11,"tweenEasing":0,"rotate":4.38},{"duration":0,"rotate":-62.25}]},{"name":"PET6004_tou","rotateFrame":[{"duration":5,"tweenEasing":0,"rotate":1.08},{"duration":6,"tweenEasing":0,"rotate":11.08},{"duration":6,"tweenEasing":0,"rotate":1.08},{"duration":5,"tweenEasing":0,"rotate":11.08},{"duration":0,"rotate":1.08}]},{"name":"bone3","rotateFrame":[{"duration":6,"tweenEasing":0},{"duration":8,"tweenEasing":0,"rotate":-12.21},{"duration":8,"tweenEasing":0,"rotate":-16.51},{"duration":0}]},{"name":"bone4","rotateFrame":[{"duration":6,"tweenEasing":0},{"duration":8,"tweenEasing":0,"rotate":22.92},{"duration":8,"tweenEasing":0,"rotate":-18.8},{"duration":0}]},{"name":"PET6004_datuil","translateFrame":[{"duration":5,"tweenEasing":0,"x":4.3,"y":1.53},{"duration":6,"tweenEasing":0,"x":-1.51,"y":-3.33},{"duration":5,"tweenEasing":0,"x":0.23,"y":-9.45},{"duration":6,"tweenEasing":0,"x":0.23,"y":-9.45},{"duration":0,"x":4.3,"y":1.53}],"rotateFrame":[{"duration":5,"tweenEasing":0,"rotate":-29.16},{"duration":6,"tweenEasing":0,"rotate":-10.74},{"duration":5,"tweenEasing":0,"rotate":9.35},{"duration":6,"tweenEasing":0,"rotate":15.23},{"duration":0,"rotate":-29.16}]},{"name":"PET6004_xiaotuil","rotateFrame":[{"duration":5,"tweenEasing":0,"rotate":-1.3},{"duration":6,"tweenEasing":0,"rotate":-0.43},{"duration":5,"tweenEasing":0,"rotate":-1.3},{"duration":6,"tweenEasing":0,"rotate":-28.64},{"duration":0,"rotate":-1.3}]},{"name":"PET6004_datuir","translateFrame":[{"duration":5,"tweenEasing":0},{"duration":6,"tweenEasing":0,"x":3.86,"y":0.18},{"duration":11,"tweenEasing":0,"x":0.26,"y":1.59},{"duration":0}],"rotateFrame":[{"duration":5,"tweenEasing":0,"rotate":19.38},{"duration":6,"tweenEasing":0,"rotate":-16.27},{"duration":11,"tweenEasing":0,"rotate":-39.67},{"duration":0,"rotate":19.38}]},{"name":"PET6004_xiaotuir","rotateFrame":[{"duration":5,"tweenEasing":0},{"duration":6,"tweenEasing":0,"rotate":76.68},{"duration":11}]},{"name":"bone5","rotateFrame":[{"duration":5,"tweenEasing":0},{"duration":6,"tweenEasing":0,"rotate":-15.26},{"duration":11,"tweenEasing":0,"rotate":14.42},{"duration":0}]}],"slot":[{"name":"pet6005_01","displayFrame":[{"duration":2},{"duration":2,"value":1},{"duration":2,"value":2},{"duration":2,"value":3},{"duration":2},{"duration":2,"value":1},{"duration":2,"value":2},{"duration":2,"value":3},{"duration":2},{"duration":2,"value":1},{"duration":2,"value":2},{"duration":0,"value":3}]}]},{"duration":42,"name":"win","bone":[{"name":"bone","translateFrame":[{"duration":6,"tweenEasing":0},{"duration":2,"tweenEasing":0,"y":4},{"tweenEasing":0},{"tweenEasing":0,"y":-15.85},{"duration":7,"tweenEasing":0,"y":-30.85},{"tweenEasing":0,"y":-40.85},{"tweenEasing":0,"y":-15.92},{"duration":3,"tweenEasing":0,"y":3.2},{"tweenEasing":0,"y":4},{"tweenEasing":0},{"tweenEasing":0,"y":-15.85},{"duration":7,"tweenEasing":0,"y":-30.85},{"tweenEasing":0,"y":-40.85},{"tweenEasing":0,"y":-15.92},{"duration":2,"tweenEasing":0,"y":3.2},{"duration":6,"tweenEasing":0,"y":4},{"duration":0}]},{"name":"PET6004_duzi","rotateFrame":[{"duration":6,"tweenEasing":0},{"duration":2,"tweenEasing":0,"rotate":4.03},{"duration":2,"tweenEasing":0,"rotate":0.23},{"duration":7,"tweenEasing":0,"rotate":-4.22},{"duration":2,"tweenEasing":0,"rotate":-6.47},{"duration":3,"tweenEasing":0,"rotate":3.22},{"tweenEasing":0,"rotate":4.03},{"duration":2,"tweenEasing":0,"rotate":0.23},{"duration":7,"tweenEasing":0,"rotate":-4.22},{"duration":2,"tweenEasing":0,"rotate":-6.47},{"duration":2,"tweenEasing":0,"rotate":3.22},{"duration":6,"tweenEasing":0,"rotate":4.03},{"duration":0}]},{"name":"PET6004_datuil","translateFrame":[{"duration":6,"tweenEasing":0},{"duration":2,"tweenEasing":0,"x":3.19,"y":1.8},{"duration":10,"tweenEasing":0},{"tweenEasing":0},{"duration":3,"tweenEasing":0,"x":2.55,"y":1.44},{"tweenEasing":0,"x":3.19,"y":1.8},{"duration":10,"tweenEasing":0},{"tweenEasing":0},{"duration":2,"tweenEasing":0,"x":2.55,"y":1.44},{"duration":6,"tweenEasing":0,"x":3.19,"y":1.8},{"duration":0}],"rotateFrame":[{"duration":6,"tweenEasing":0},{"duration":2,"tweenEasing":0,"rotate":7.23},{"tweenEasing":0,"rotate":0.23},{"tweenEasing":0,"rotate":-14.96},{"duration":7,"tweenEasing":0,"rotate":-28.21},{"tweenEasing":0,"rotate":-59.94},{"tweenEasing":0,"rotate":-16.73},{"duration":3,"tweenEasing":0,"rotate":5.78},{"tweenEasing":0,"rotate":7.23},{"tweenEasing":0,"rotate":0.23},{"tweenEasing":0,"rotate":-14.96},{"duration":7,"tweenEasing":0,"rotate":-28.21},{"tweenEasing":0,"rotate":-59.94},{"tweenEasing":0,"rotate":-16.73},{"duration":2,"tweenEasing":0,"rotate":5.78},{"duration":6,"tweenEasing":0,"rotate":7.23},{"duration":0}]},{"name":"PET6004_datuir","rotateFrame":[{"duration":6,"tweenEasing":0},{"duration":2,"tweenEasing":0,"rotate":-7.17},{"tweenEasing":0,"rotate":0.23},{"tweenEasing":0,"rotate":9.63},{"duration":7,"tweenEasing":0,"rotate":13.85},{"tweenEasing":0,"rotate":33.25},{"tweenEasing":0,"rotate":5.36},{"duration":3,"tweenEasing":0,"rotate":-5.73},{"tweenEasing":0,"rotate":-7.17},{"tweenEasing":0,"rotate":0.23},{"tweenEasing":0,"rotate":9.63},{"duration":7,"tweenEasing":0,"rotate":13.85},{"tweenEasing":0,"rotate":33.25},{"tweenEasing":0,"rotate":5.36},{"duration":2,"tweenEasing":0,"rotate":-5.73},{"duration":6,"tweenEasing":0,"rotate":-7.17},{"duration":0}]},{"name":"PET6004_weiba","rotateFrame":[{"duration":6,"tweenEasing":0},{"duration":4,"tweenEasing":0,"rotate":0.96},{"duration":7,"tweenEasing":0,"rotate":-22.9},{"tweenEasing":0,"rotate":-30.41},{"duration":2,"tweenEasing":0,"rotate":13.92},{"duration":5,"tweenEasing":0,"rotate":0.96},{"duration":7,"tweenEasing":0,"rotate":-22.9},{"tweenEasing":0,"rotate":-30.41},{"duration":2,"tweenEasing":0,"rotate":13.92},{"duration":7,"tweenEasing":0,"rotate":0.96},{"duration":0}]},{"name":"bone2","translateFrame":[{"duration":3,"tweenEasing":0},{"duration":3,"tweenEasing":0,"x":-1.32,"y":0.05},{"duration":2,"tweenEasing":0,"x":-2.49,"y":1.24},{"duration":2,"tweenEasing":0,"x":3.97,"y":-0.37},{"duration":7,"tweenEasing":0,"x":3.97,"y":-0.37},{"tweenEasing":0},{"tweenEasing":0,"x":1.67,"y":0.02},{"duration":3,"tweenEasing":0,"x":2.64,"y":-0.25},{"tweenEasing":0,"x":-2.49,"y":1.24},{"duration":2,"tweenEasing":0,"x":3.97,"y":-0.37},{"duration":7,"tweenEasing":0,"x":3.97,"y":-0.37},{"tweenEasing":0},{"tweenEasing":0,"x":1.67,"y":0.02},{"duration":2,"tweenEasing":0,"x":2.64,"y":-0.25},{"duration":6,"tweenEasing":0,"x":2.64,"y":-0.25},{"duration":0}],"rotateFrame":[{"duration":3,"tweenEasing":0},{"duration":3,"tweenEasing":0},{"duration":2,"tweenEasing":0,"rotate":13.78},{"duration":2,"tweenEasing":0,"rotate":-7.19},{"duration":7,"tweenEasing":0,"rotate":-7.2},{"tweenEasing":0,"rotate":-6.8},{"tweenEasing":0,"rotate":3.28},{"duration":3,"tweenEasing":0,"rotate":11.02},{"tweenEasing":0,"rotate":13.78},{"duration":2,"tweenEasing":0,"rotate":-7.19},{"duration":7,"tweenEasing":0,"rotate":-7.2},{"tweenEasing":0,"rotate":-6.8},{"tweenEasing":0,"rotate":3.28},{"duration":2,"tweenEasing":0,"rotate":11.02},{"duration":6,"tweenEasing":0,"rotate":13.78},{"duration":0}]},{"name":"PET6004_shoul","translateFrame":[{"duration":6,"tweenEasing":0},{"duration":3,"tweenEasing":0,"x":2.32,"y":-4.47},{"tweenEasing":0,"x":2.32,"y":-4.47},{"duration":8,"tweenEasing":0},{"duration":2,"tweenEasing":0},{"duration":4,"tweenEasing":0,"x":2.32,"y":-4.47},{"tweenEasing":0,"x":2.32,"y":-4.47},{"duration":8,"tweenEasing":0},{"duration":2,"tweenEasing":0},{"duration":7,"tweenEasing":0,"x":2.32,"y":-4.47},{"duration":0}],"rotateFrame":[{"duration":6,"tweenEasing":0},{"duration":3,"tweenEasing":0,"rotate":0.35},{"tweenEasing":0,"rotate":-37.18},{"duration":7,"tweenEasing":0,"rotate":-55.06},{"tweenEasing":0,"rotate":-68.89},{"duration":2,"tweenEasing":0,"rotate":-67.54},{"duration":4,"tweenEasing":0,"rotate":-61.05},{"tweenEasing":0,"rotate":-37.18},{"duration":7,"tweenEasing":0,"rotate":-55.06},{"tweenEasing":0,"rotate":-68.89},{"duration":2,"tweenEasing":0,"rotate":-67.54},{"duration":7,"tweenEasing":0,"rotate":-61.05},{"duration":0}]},{"name":"PET6004_shour","translateFrame":[{"duration":42,"x":1.34,"y":-0.04}],"rotateFrame":[{"duration":6,"tweenEasing":0},{"duration":2,"tweenEasing":0,"rotate":-61.31},{"duration":2,"tweenEasing":0,"rotate":19.36},{"duration":7,"tweenEasing":0,"rotate":103.96},{"tweenEasing":0,"rotate":114.93},{"duration":2,"tweenEasing":0,"rotate":88.68},{"duration":3,"tweenEasing":0,"rotate":49.21},{"duration":2,"tweenEasing":0,"rotate":19.36},{"duration":7,"tweenEasing":0,"rotate":103.96},{"tweenEasing":0,"rotate":114.93},{"duration":2,"tweenEasing":0,"rotate":88.68},{"duration":7,"tweenEasing":0,"rotate":49.21},{"duration":0}]},{"name":"PET6004_tou","rotateFrame":[{"duration":6,"tweenEasing":0},{"duration":4,"tweenEasing":0,"rotate":-10.36},{"duration":7,"tweenEasing":0,"rotate":-2.29},{"tweenEasing":0,"rotate":-8.15},{"duration":2,"tweenEasing":0,"rotate":-3.61},{"duration":5,"tweenEasing":0,"rotate":-10.36},{"duration":7,"tweenEasing":0,"rotate":-2.29},{"tweenEasing":0,"rotate":-8.15},{"duration":2,"tweenEasing":0,"rotate":-3.61},{"duration":7,"tweenEasing":0,"rotate":-10.36},{"duration":0}]},{"name":"PET6004_xiaotuil","rotateFrame":[{"duration":6,"tweenEasing":0},{"duration":2,"tweenEasing":0,"rotate":-10.81},{"duration":2,"tweenEasing":0,"rotate":0.23},{"duration":7,"rotate":-1.16},{"tweenEasing":0,"rotate":-1.16},{"tweenEasing":0,"rotate":6.97},{"duration":3,"tweenEasing":0,"rotate":-8.65},{"tweenEasing":0,"rotate":-10.81},{"duration":2,"tweenEasing":0,"rotate":0.23},{"duration":7,"rotate":-1.16},{"tweenEasing":0,"rotate":-1.16},{"tweenEasing":0,"rotate":6.97},{"duration":2,"tweenEasing":0,"rotate":-8.65},{"duration":6,"tweenEasing":0,"rotate":-10.81},{"duration":0}]},{"name":"PET6004_xiaotuir","translateFrame":[{"duration":6,"tweenEasing":0},{"duration":2,"tweenEasing":0,"x":-0.76,"y":-0.25},{"duration":10,"tweenEasing":0},{"tweenEasing":0},{"duration":3,"tweenEasing":0,"x":-0.61,"y":-0.2},{"tweenEasing":0,"x":-0.76,"y":-0.25},{"duration":10,"tweenEasing":0},{"tweenEasing":0},{"duration":2,"tweenEasing":0,"x":-0.61,"y":-0.2},{"duration":6,"tweenEasing":0,"x":-0.76,"y":-0.25},{"duration":0}],"rotateFrame":[{"duration":6,"tweenEasing":0},{"duration":2,"tweenEasing":0,"rotate":21.71},{"duration":2,"tweenEasing":0,"rotate":0.23},{"duration":7,"rotate":30.72},{"tweenEasing":0,"rotate":30.72},{"tweenEasing":0,"rotate":2.05},{"duration":3,"tweenEasing":0,"rotate":17.37},{"tweenEasing":0,"rotate":21.71},{"duration":2,"tweenEasing":0,"rotate":0.23},{"duration":7,"rotate":30.72},{"tweenEasing":0,"rotate":30.72},{"tweenEasing":0,"rotate":2.05},{"duration":2,"tweenEasing":0,"rotate":17.37},{"duration":6,"tweenEasing":0,"rotate":21.71},{"duration":0}]},{"name":"bone3","rotateFrame":[{"duration":6,"tweenEasing":0},{"duration":4,"tweenEasing":0,"rotate":14.33},{"duration":7,"tweenEasing":0,"rotate":7.11},{"tweenEasing":0,"rotate":10.35},{"duration":2,"tweenEasing":0,"rotate":17.66},{"duration":5,"tweenEasing":0,"rotate":14.33},{"duration":7,"tweenEasing":0,"rotate":7.11},{"tweenEasing":0,"rotate":10.35},{"duration":2,"tweenEasing":0,"rotate":17.66},{"duration":7,"tweenEasing":0,"rotate":14.33},{"duration":0}]},{"name":"PET6004_xiaba","rotateFrame":[{"duration":6,"tweenEasing":0},{"duration":11,"tweenEasing":0,"rotate":7.07},{"tweenEasing":0,"rotate":25.65},{"duration":2,"tweenEasing":0,"rotate":10.91},{"duration":12,"tweenEasing":0,"rotate":-4.43},{"tweenEasing":0,"rotate":25.65},{"duration":2,"tweenEasing":0,"rotate":10.91},{"duration":7,"tweenEasing":0,"rotate":7.07},{"duration":0}]},{"name":"bone4","rotateFrame":[{"duration":6,"tweenEasing":0},{"duration":4,"tweenEasing":0,"rotate":16},{"duration":7,"tweenEasing":0,"rotate":11.53},{"tweenEasing":0,"rotate":21.32},{"duration":2,"tweenEasing":0,"rotate":-12.89},{"duration":5,"tweenEasing":0,"rotate":16},{"duration":7,"tweenEasing":0,"rotate":11.53},{"tweenEasing":0,"rotate":21.32},{"duration":2,"tweenEasing":0,"rotate":-12.89},{"duration":7,"tweenEasing":0,"rotate":16},{"duration":0}]},{"name":"bone5","rotateFrame":[{"duration":6,"tweenEasing":0},{"duration":2,"tweenEasing":0,"rotate":-19.64},{"duration":2,"tweenEasing":0,"rotate":0.23},{"duration":7,"rotate":11.43},{"tweenEasing":0,"rotate":11.43},{"tweenEasing":0,"rotate":0.86},{"duration":3,"tweenEasing":0,"rotate":-15.71},{"tweenEasing":0,"rotate":-19.64},{"duration":2,"tweenEasing":0,"rotate":0.23},{"duration":7,"rotate":11.43},{"tweenEasing":0,"rotate":11.43},{"tweenEasing":0,"rotate":0.86},{"duration":2,"tweenEasing":0,"rotate":-15.71},{"duration":6,"tweenEasing":0,"rotate":-19.64},{"duration":0}]},{"name":"yz","rotateFrame":[{"duration":35,"tweenEasing":0},{"duration":7,"tweenEasing":0},{"duration":0,"rotate":0.01}],"scaleFrame":[{"duration":6,"tweenEasing":0},{"duration":3,"tweenEasing":0,"y":1.1},{"duration":8,"tweenEasing":0,"y":1.09},{"duration":5,"tweenEasing":0,"y":0.9},{"duration":10,"tweenEasing":0,"y":1.1},{"duration":3,"tweenEasing":0,"y":0.9},{"duration":7,"tweenEasing":0,"y":1.1},{"duration":0}]}],"slot":[{"name":"PET6004_yanjingzhenchang","displayFrame":[{"duration":6,"value":5},{"duration":4},{"duration":25,"value":2},{"duration":7,"value":5}]},{"name":"pet6005_01","displayFrame":[{"duration":2},{"duration":2,"value":1},{"duration":2,"value":2},{"duration":2,"value":3},{"duration":2},{"duration":2,"value":1},{"duration":2,"value":2},{"duration":2,"value":3},{"duration":2},{"duration":2,"value":1},{"duration":2,"value":2},{"duration":2,"value":3},{"duration":2},{"duration":2,"value":1},{"duration":2,"value":2},{"duration":2,"value":3},{"duration":2},{"duration":2,"value":1},{"duration":2,"value":2},{"duration":2,"value":3},{"duration":2},{"duration":0,"value":1}]}]}],"defaultActions":[{"gotoAndPlay":"attack"}]}]}