{"width":1024,"imagePath":"P6140_tex.png","height":1024,"name":"P6140","SubTexture":[{"frameY":0,"y":246,"frameWidth":15,"frameX":0,"frameHeight":12,"width":14,"height":11,"name":"PET6140_zuoshou2","x":514},{"frameY":0,"y":493,"frameWidth":19,"frameX":0,"frameHeight":17,"width":18,"height":17,"name":"PET6140_zuoshou3","x":407},{"width":120,"y":73,"height":24,"name":"pet_yinying","x":760},{"width":97,"y":198,"height":30,"name":"PET6140_shenti5","x":388},{"frameY":0,"y":493,"frameWidth":15,"frameX":0,"frameHeight":20,"width":14,"height":19,"name":"PET6140_zuoshou1","x":427},{"width":42,"y":1,"height":33,"name":"PET6140_shenti4","x":857},{"frameY":0,"y":198,"frameWidth":30,"frameX":0,"frameHeight":30,"width":29,"height":29,"name":"PET6140_zui","x":487},{"width":172,"y":451,"height":63,"name":"PET6140_shenti3","x":456},{"width":40,"y":1,"height":63,"name":"PET6140_shenti1","x":815},{"width":53,"y":1,"height":70,"name":"PET6140_shenti2","x":760},{"width":107,"y":99,"height":91,"name":"PET6140_tou","x":522},{"frameY":0,"y":192,"frameWidth":26,"frameX":0,"frameHeight":33,"width":25,"height":32,"name":"PET6140_youshou3","x":575},{"frameY":0,"y":226,"frameWidth":32,"frameX":0,"frameHeight":21,"width":31,"height":20,"name":"PET6140_youshou2","x":575},{"frameY":-1,"y":92,"frameWidth":8,"frameX":-1,"frameHeight":8,"width":5,"height":5,"name":"PET6140_yanjingdazhao","x":522},{"frameY":-1,"y":238,"frameWidth":8,"frameX":-2,"frameHeight":8,"width":5,"height":6,"name":"PET6140_yanjingputong","x":514},{"frameY":0,"y":229,"frameWidth":8,"frameX":0,"frameHeight":8,"width":6,"height":7,"name":"PET6140_yanjinggongji","x":514},{"width":60,"y":1,"height":91,"name":"PET6140_toujiao","x":545},{"frameY":0,"y":493,"frameWidth":27,"frameX":0,"frameHeight":23,"width":26,"height":22,"name":"PET6140_youshou1","x":379},{"frameY":-12,"y":187,"frameWidth":103,"frameX":-10,"frameHeight":98,"width":77,"height":78,"name":"pet6140_tx_attack_xl_00010","x":711},{"frameY":-12,"y":99,"frameWidth":103,"frameX":-10,"frameHeight":98,"width":77,"height":78,"name":"pet6140_tx_attack_xl_00012","x":718},{"frameY":-25,"y":192,"frameWidth":103,"frameX":-23,"frameHeight":98,"width":51,"height":52,"name":"pet6140_tx_attack_xl_00009","x":522},{"frameY":0,"y":192,"frameWidth":103,"frameX":0,"frameHeight":98,"width":99,"height":98,"name":"pet6140_tx_attack_xl_00011","x":610},{"frameY":-38,"y":229,"frameWidth":103,"frameX":-36,"frameHeight":98,"width":25,"height":26,"name":"pet6140_tx_attack_xl_00008","x":487},{"frameY":-4,"y":1,"frameWidth":192,"frameX":0,"frameHeight":262,"width":191,"height":258,"name":"TX_tianlongliuxing00011","x":195},{"frameY":-4,"y":261,"frameWidth":192,"frameX":-4,"frameHeight":262,"width":182,"height":258,"name":"TX_tianlongliuxing00010","x":195},{"frameY":-4,"y":521,"frameWidth":192,"frameX":-13,"frameHeight":262,"width":164,"height":258,"name":"TX_tianlongliuxing00009","x":195},{"frameY":-4,"y":521,"frameWidth":192,"frameX":-21,"frameHeight":262,"width":149,"height":258,"name":"TX_tianlongliuxing00008","x":361},{"frameY":-145,"y":92,"frameWidth":192,"frameX":-30,"frameHeight":262,"width":132,"height":104,"name":"TX_tianlongliuxing00007","x":388},{"frameY":-144,"y":358,"frameWidth":192,"frameX":-19,"frameHeight":262,"width":158,"height":91,"name":"TX_tianlongliuxing00006","x":456},{"frameY":-137,"y":1,"frameWidth":192,"frameX":-20,"frameHeight":262,"width":155,"height":89,"name":"TX_tianlongliuxing00005","x":388},{"frameY":-5,"y":261,"frameWidth":192,"frameX":-53,"frameHeight":262,"width":75,"height":230,"name":"TX_tianlongliuxing00015","x":379},{"frameY":-136,"y":261,"frameWidth":192,"frameX":-22,"frameHeight":262,"width":152,"height":95,"name":"TX_tianlongliuxing00004","x":456},{"frameY":-4,"y":261,"frameWidth":192,"frameX":0,"frameHeight":262,"width":192,"height":258,"name":"TX_tianlongliuxing00014","x":1},{"frameY":-137,"y":1,"frameWidth":192,"frameX":-24,"frameHeight":262,"width":148,"height":96,"name":"TX_tianlongliuxing00003","x":610},{"frameY":-4,"y":1,"frameWidth":192,"frameX":0,"frameHeight":262,"width":192,"height":258,"name":"TX_tianlongliuxing00013","x":1},{"frameY":-136,"y":292,"frameWidth":192,"frameX":-48,"frameHeight":262,"width":96,"height":98,"name":"TX_tianlongliuxing00002","x":616},{"frameY":-4,"y":521,"frameWidth":192,"frameX":0,"frameHeight":262,"width":192,"height":258,"name":"TX_tianlongliuxing00012","x":1},{"frameY":-138,"y":99,"frameWidth":192,"frameX":-53,"frameHeight":262,"width":85,"height":86,"name":"TX_tianlongliuxing00001","x":631}]}