{"frameRate":30,"name":"P6140","version":"5.5","compatibleVersion":"5.5","armature":[{"type":"Armature","frameRate":30,"name":"Armature","aabb":{"x":-118.7,"y":-202.07,"width":208.41,"height":214.81},"bone":[{"name":"root"},{"length":162,"name":"TX_tianlongliuxing00001","parent":"root","transform":{"x":-10.89,"y":-85.41,"skX":-87.27,"skY":-87.27,"scX":2.5,"scY":2.5}},{"name":"bf","parent":"root","transform":{"y":-210}},{"name":"bone","parent":"root","transform":{"x":-15,"y":-120}},{"name":"fs","parent":"root","transform":{"x":108.05,"y":-133.83}},{"name":"mz","parent":"root","transform":{"x":-13.03,"y":-114.05}},{"length":34,"name":"yz","parent":"root","transform":{"x":0.22,"y":1.22,"skX":89.54,"skY":89.54}},{"length":26,"name":"PET6140_shenti1","parent":"bone","transform":{"x":-2.73,"y":-4.41,"skX":-75.43,"skY":-75.43}},{"length":26,"name":"bone2","parent":"bone","transform":{"x":-2.73,"y":-3.28,"skX":53.26,"skY":53.26}},{"length":24,"name":"PET6140_shenti2","parent":"bone2","transform":{"x":26.23,"y":-0.01,"skX":-8.94,"skY":-8.94}},{"length":23,"name":"PET6140_tou","parent":"PET6140_shenti1","transform":{"x":26.28,"y":-0.25,"skX":50.95,"skY":50.95}},{"length":22,"name":"PET6140_youshou3","parent":"PET6140_shenti1","transform":{"x":3.97,"y":-6.05,"skX":-162.38,"skY":-162.38}},{"length":16,"name":"PET6140_zuoshou3","parent":"PET6140_shenti1","transform":{"x":9.2,"y":9.57,"skX":112.26,"skY":112.26}},{"length":19,"name":"bone3","parent":"PET6140_shenti2","transform":{"x":24.21,"y":-0.01,"skX":13.71,"skY":13.71}},{"length":11,"name":"PET6140_zuoshou2","parent":"PET6140_zuoshou3","transform":{"x":17.2,"y":0.58,"skX":-58.77,"skY":-58.77}},{"length":33,"name":"bone14","parent":"PET6140_tou","transform":{"x":23.55,"y":-0.05,"skX":27.1,"skY":27.1}},{"length":24,"name":"PET6140_youshou2","parent":"PET6140_youshou3","transform":{"x":22.23,"y":-0.14,"skX":-93.6,"skY":-93.6}},{"length":20,"name":"PET6140_youshou1","parent":"PET6140_youshou2","transform":{"x":24.33,"y":-0.76,"skX":-56.83,"skY":-56.83}},{"length":8,"name":"PET6140_zuoshou1","parent":"PET6140_zuoshou2","transform":{"x":11.89,"y":-0.7,"skX":-39.58,"skY":-39.58}},{"length":42,"name":"bone15","parent":"bone14","transform":{"x":33.3,"y":-0.22,"skX":45.68,"skY":45.68}},{"length":24,"name":"bone4","parent":"bone3","transform":{"x":19.6,"y":0.12,"skX":51.83,"skY":51.83}},{"length":56,"name":"bone16","parent":"bone15","transform":{"x":8.1,"y":13.78,"skX":-176.28,"skY":-176.28}},{"length":28,"name":"PET6140_toujiao","parent":"bone15","transform":{"x":11.06,"y":14.34,"skX":77.47,"skY":77.47}},{"length":8,"name":"PET6140_yanjingputong","parent":"bone15","transform":{"x":31.84,"y":7.11,"skX":-9.38,"skY":-9.38}},{"length":31,"name":"PET6140_zui","parent":"bone15","transform":{"x":12.97,"y":12.59,"skX":5.84,"skY":5.84}},{"length":32,"name":"PET6140_shenti3","parent":"bone4","transform":{"x":24.22,"y":-0.32,"skX":53.49,"skY":53.49}},{"length":40,"name":"bone17","parent":"bone15","transform":{"x":8.84,"y":-14.58,"skX":-132.65,"skY":-132.65}},{"length":28,"name":"pet6140_tx_attack_xl_00008","parent":"bone15","transform":{"x":41.69,"y":12.13,"skX":-136.95,"skY":-136.95}},{"length":19,"name":"PET6140_shenti4","parent":"PET6140_shenti3","transform":{"x":33.12,"y":0.53,"skX":38.49,"skY":38.49}},{"length":18,"name":"bone5","parent":"PET6140_shenti4","transform":{"x":19.39,"y":0.06,"skX":26.38,"skY":26.38}},{"length":23,"name":"bone6","parent":"bone5","transform":{"x":18.63,"y":0.01,"skX":23.58,"skY":23.58}},{"length":14,"name":"PET6140_shenti5","parent":"bone6","transform":{"x":24.83,"y":0.5,"skX":46.63,"skY":46.63}},{"length":14,"name":"bone7","parent":"PET6140_shenti5","transform":{"x":13.78,"y":-0.16,"skX":55.89,"skY":55.89}},{"length":11,"name":"bone8","parent":"bone7","transform":{"x":14.22,"y":-0.31,"skX":67.34,"skY":67.34}},{"length":12,"name":"bone9","parent":"bone8","transform":{"x":11.2,"y":-0.04,"skX":45.68,"skY":45.68}},{"length":15,"name":"PET6140_shenti6","parent":"bone9","transform":{"x":12.11,"y":0.02,"skX":41.91,"skY":41.91}},{"length":18,"name":"bone10","parent":"PET6140_shenti6","transform":{"x":15.15,"y":0.04,"skX":49.88,"skY":49.88}},{"length":17,"name":"bone11","parent":"bone10","transform":{"x":18.34,"y":-0.03,"skX":11.13,"skY":11.13}},{"length":16,"name":"bone12","parent":"bone11","transform":{"x":18.02,"y":-0.12,"skX":-33.79,"skY":-33.79}},{"length":21,"name":"bone13","parent":"bone12","transform":{"x":16.51,"y":-0.06,"skX":-33.37,"skY":-33.37}}],"slot":[{"name":"PET6140_zuoshou2","parent":"PET6140_zuoshou2"},{"name":"PET6140_zuoshou3","parent":"PET6140_zuoshou3"},{"name":"pet_yinying","parent":"yz"},{"name":"PET6140_shenti5","parent":"PET6140_shenti6"},{"name":"PET6140_zuoshou1","parent":"PET6140_zuoshou1"},{"name":"PET6140_shenti4","parent":"PET6140_shenti5"},{"name":"PET6140_zui","parent":"PET6140_zui"},{"name":"PET6140_shenti3","parent":"PET6140_shenti4"},{"name":"PET6140_shenti1","parent":"PET6140_shenti1"},{"name":"PET6140_shenti2","parent":"PET6140_shenti2"},{"name":"PET6140_tou","parent":"PET6140_tou"},{"name":"PET6140_youshou3","parent":"PET6140_youshou3"},{"name":"PET6140_youshou2","parent":"PET6140_youshou2"},{"displayIndex":2,"name":"PET6140_yanjingputong","parent":"PET6140_yanjingputong"},{"name":"PET6140_toujiao","parent":"PET6140_toujiao"},{"name":"PET6140_youshou1","parent":"PET6140_youshou1"},{"displayIndex":-1,"name":"pet6140_tx_attack_xl_00008","parent":"pet6140_tx_attack_xl_00008"},{"displayIndex":-1,"name":"TX_tianlongliuxing00001","parent":"TX_tianlongliuxing00001"}],"skin":[{"slot":[{"name":"TX_tianlongliuxing00001","display":[{"name":"TX_tianlongliuxing00001","transform":{"x":63.51,"y":1.05,"skX":87.27,"skY":87.27}},{"name":"TX_tianlongliuxing00002","transform":{"x":63.51,"y":1.05,"skX":87.27,"skY":87.27}},{"name":"TX_tianlongliuxing00003","transform":{"x":63.51,"y":1.05,"skX":87.27,"skY":87.27}},{"name":"TX_tianlongliuxing00004","transform":{"x":63.51,"y":1.05,"skX":87.27,"skY":87.27}},{"name":"TX_tianlongliuxing00005","transform":{"x":63.51,"y":1.05,"skX":87.27,"skY":87.27}},{"name":"TX_tianlongliuxing00006","transform":{"x":63.51,"y":1.05,"skX":87.27,"skY":87.27}},{"name":"TX_tianlongliuxing00007","transform":{"x":63.51,"y":1.05,"skX":87.27,"skY":87.27}},{"name":"TX_tianlongliuxing00008","transform":{"x":63.51,"y":1.05,"skX":87.27,"skY":87.27}},{"name":"TX_tianlongliuxing00009","transform":{"x":63.51,"y":1.05,"skX":87.27,"skY":87.27}},{"name":"TX_tianlongliuxing00010","transform":{"x":63.51,"y":1.05,"skX":87.27,"skY":87.27}},{"name":"TX_tianlongliuxing00011","transform":{"x":63.51,"y":1.05,"skX":87.27,"skY":87.27}},{"name":"TX_tianlongliuxing00012","transform":{"x":63.51,"y":1.05,"skX":87.27,"skY":87.27}},{"name":"TX_tianlongliuxing00013","transform":{"x":63.51,"y":1.05,"skX":87.27,"skY":87.27}},{"name":"TX_tianlongliuxing00014","transform":{"x":63.51,"y":1.05,"skX":87.27,"skY":87.27}},{"name":"TX_tianlongliuxing00015","transform":{"x":63.51,"y":1.05,"skX":87.27,"skY":87.27}}]},{"name":"PET6140_zuoshou1","display":[{"name":"PET6140_zuoshou1","transform":{"x":5.45,"y":0.72,"skX":61.52,"skY":61.52}}]},{"name":"PET6140_youshou1","display":[{"name":"PET6140_youshou1","transform":{"x":11.3,"y":0.03,"skX":28.25,"skY":28.25}}]},{"name":"PET6140_zui","display":[{"name":"PET6140_zui","transform":{"x":16.29,"y":-0.24,"skX":-54.15,"skY":-54.15}}]},{"name":"PET6140_shenti2","display":[{"type":"mesh","name":"PET6140_shenti2","width":53,"height":70,"vertices":[-11.42,-93.53,2.59,-81.87,5.75,-78.07,9.44,-73.64,11.5,-63.16,9.74,-57.48,14.93,-45.13,26.78,-38.91,30.7,-39.95,39.13,-52.98,39.04,-65.86,36.87,-77.37,30.4,-88.54,23.82,-95.87,14.92,-105.78,7.57,-108.88,-4.28,-107.44,-12.92,-100.59,-12.92,-95.88,-2.22,-102.94,15.42,-85.3,25.51,-68.26],"uvs":[0.0283,0.21932,0.29271,0.38592,0.35256,0.44029,0.42215,0.50352,0.46098,0.65335,0.42769,0.73452,0.52569,0.91092,0.74943,1,0.82338,0.98511,0.98241,0.79892,0.98065,0.61482,0.93989,0.45031,0.81784,0.29072,0.69365,0.18598,0.52569,0.04432,0.38702,0,0.16328,0.02052,0,0.11852,0,0.18572,0.20216,0.0848,0.53499,0.33689,0.72541,0.58057],"triangles":[11,21,10,6,8,9,21,6,9,10,21,9,6,7,8,12,21,11,5,6,21,4,5,21,20,21,12,13,20,12,20,3,21,3,4,21,14,20,13,1,2,20,19,1,20,2,3,20,19,20,14,15,19,14,19,0,1,16,19,15,18,0,19,17,18,19,16,17,19],"weights":[1,9,1,3,9,0.88653,13,0.11343,20,0.00002,3,9,0.58889,13,0.39784,20,0.01325,3,9,0.17487,13,0.71787,20,0.10724,2,13,0.2436,20,0.75639,2,13,0.05859,20,0.9414,1,20,1,1,20,1,1,20,1,2,13,0.00336,20,0.99663,2,13,0.25897,20,0.74102,3,9,0.00007,13,0.84334,20,0.15657,2,9,0.13732,13,0.86267,2,9,0.62825,13,0.37174,2,9,0.99538,13,0.00461,1,9,1,1,9,1,1,9,1,1,9,1,1,9,1,2,9,0.5,13,0.5,2,13,0.5,20,0.5],"slotPose":[1,0,0,1,0,0],"bonePose":[9,0.715449,0.698665,-0.698665,0.715449,-2.031601,-102.266356,13,0.529475,0.848325,-0.848325,0.529475,15.296404,-85.358829,20,-0.339723,0.940526,-0.940526,-0.339723,25.572318,-68.668113],"edges":[17,18,18,0,0,1,1,2,2,3,3,4,4,5,5,6,6,7,7,8,8,9,9,10,10,11,11,12,12,13,13,14,14,15,15,16,16,17],"userEdges":[]}]},{"name":"PET6140_zuoshou3","display":[{"name":"PET6140_zuoshou3","transform":{"x":7.56,"y":0.1,"skX":-36.83,"skY":-36.83}}]},{"name":"PET6140_yanjingputong","display":[{"name":"PET6140_yanjingdazhao","transform":{"x":-0.15,"y":-0.38,"skX":-38.92,"skY":-38.92}},{"name":"PET6140_yanjinggongji","transform":{"x":-0.15,"y":-0.38,"skX":-38.92,"skY":-38.92}},{"name":"PET6140_yanjingputong","transform":{"x":-0.15,"y":-0.38,"skX":-38.92,"skY":-38.92}}]},{"name":"PET6140_shenti1","display":[{"type":"mesh","name":"PET6140_shenti1","width":40,"height":63,"vertices":[2.25,-140.01,-1.32,-133.34,-1.57,-124.18,2.72,-115.49,9.77,-107.88,7.13,-102.16,-0.61,-97.18,-13.7,-93.33,-19.42,-97.89,-26.08,-108.36,-28.3,-114.66,-30.23,-120.14,-30.24,-136.56,-30.23,-141.91,-27.5,-152.74,-22.14,-156.19,-10.36,-156.31,-0.01,-151.3,-11.67,-150.23,-15.36,-137.5,-17.63,-123.35,-11.43,-110.15,-0.96,-100.02],"uvs":[0.81205,0.25901,0.7228,0.36479,0.71685,0.51023,0.82395,0.64812,1,0.76901,0.93403,0.85967,0.74065,0.93901,0.41341,1,0.27061,0.92767,0.10401,0.76145,0.04837,0.66143,0,0.57445,0,0.31384,0,0.22879,0.06831,0.0569,0.20218,0.00212,0.4967,0,0.75553,0.07957,0.46404,0.09662,0.37181,0.29873,0.31529,0.52351,0.46998,0.73317,0.73178,0.89373],"triangles":[3,5,4,3,22,5,22,6,5,21,22,3,2,21,3,19,1,0,18,19,0,17,18,0,16,18,17,20,21,2,20,2,1,19,20,1,7,6,22,21,7,22,9,8,21,20,10,21,8,7,21,15,18,16,14,13,19,14,19,18,15,14,18,10,9,21,12,20,19,13,12,19,11,10,20,12,11,20],"weights":[3,7,0.45466,8,0.00002,10,0.5453,3,7,0.72001,8,0.06863,10,0.21134,3,7,0.33765,8,0.64953,10,0.01281,2,7,0.00484,8,0.99515,2,8,0.99997,10,0.00002,2,8,0.99998,10,0.00001,1,8,1,1,8,1,1,8,1,2,7,0.00012,8,0.99987,2,7,0.08193,8,0.91806,2,7,0.34292,8,0.65707,2,7,0.99384,8,0.00615,1,7,1,2,7,0.9681,10,0.03189,2,7,0.89715,10,0.10284,2,7,0.26907,10,0.73092,2,7,0.03272,10,0.96726,2,7,0.5,10,0.5,1,7,1,1,8,1,1,8,1,1,8,0.99999],"slotPose":[1,0,0,1,0,0],"bonePose":[7,0.251563,-0.967841,0.967841,0.251563,-17.73,-124.41,8,0.598185,0.801358,-0.801358,0.598185,-17.73,-123.28,10,0.910106,-0.414376,0.414376,0.910106,-11.360894,-149.907753],"edges":[11,10,10,9,9,8,8,7,7,6,6,5,5,4,4,3,3,2,2,1,1,0,0,17,17,16,16,15,15,14,14,13,13,12,12,11],"userEdges":[18,19,19,20,20,21,21,22]}]},{"name":"PET6140_shenti3","display":[{"type":"mesh","name":"PET6140_shenti3","width":172,"height":63,"vertices":[-41.07,-82.75,-38.58,-79.5,-34.56,-65.67,-33.86,-63.25,-33.99,-60.91,-29.98,-57.23,-26.12,-53.71,-18.99,-50.24,-14.84,-48.22,-10.53,-50.85,-9.35,-54.91,3.1,-59.23,5.59,-57.8,11.22,-58.72,18.68,-57.28,23.7,-51.82,26.02,-49.29,29.05,-41.97,27.33,-36.33,22.09,-32.4,21.71,-28.6,16.86,-23.75,3.24,-19.81,-2.91,-24.79,-12.37,-26.39,-19.94,-27.66,-35.66,-34.99,-47.46,-47.41,-50.6,-49.63,-55.59,-53.16,-57.68,-55.38,-63.46,-68.74,-60.31,-75.03,-53.9,-82.75,-44.59,-58.26,-32.53,-44.26,-14.33,-36.67,17.38,-45.57,-52.34,-81.11,-49.97,-69.65,-39.42,-51.09,-23.76,-40.1,0.25,-38.73,-45.76,-60.75],"uvs":[0.59243,0,0.6069,0.05168,0.63025,0.27123,0.63432,0.30952,0.63356,0.34695,0.65685,0.40524,0.67926,0.46131,0.72071,0.51658,0.74476,0.54865,0.76989,0.50706,0.77675,0.4426,0.8491,0.37398,0.86357,0.39685,0.89632,0.3823,0.93973,0.40517,0.96888,0.49185,0.98238,0.53201,1,0.64846,0.99,0.73787,0.95954,0.80025,0.95725,0.86055,0.92907,0.93749,0.84986,1,0.81407,0.92085,0.75914,0.89548,0.71505,0.87511,0.62366,0.75866,0.55511,0.56112,0.53688,0.5258,0.50789,0.46963,0.49571,0.43428,0.46219,0.22219,0.48047,0.12238,0.51779,0,0.5719,0.38869,0.64191,0.61133,0.74774,0.73215,0.93209,0.59114,0.52691,0.02589,0.54062,0.20792,0.60191,0.50271,0.69286,0.67768,0.83252,0.69964,0.56508,0.34925],"triangles":[37,18,17,16,37,17,37,19,18,15,37,16,14,37,15,42,21,19,37,42,19,19,21,20,42,22,21,13,37,14,13,12,37,12,42,37,42,23,22,10,9,11,11,9,12,9,42,12,36,24,23,36,23,42,9,36,42,8,36,9,36,25,24,8,41,36,7,41,8,41,25,36,41,26,25,6,41,7,6,35,41,35,26,41,40,35,5,5,35,6,4,40,5,27,26,35,40,27,35,34,40,4,43,4,3,1,39,2,43,3,2,39,43,2,43,34,4,0,38,1,38,39,1,34,27,40,28,27,34,33,38,0,43,29,34,29,28,34,39,30,43,30,29,43,38,32,39,31,30,39,32,31,39,33,32,38],"weights":[1,30,0.99999,1,30,0.99999,3,25,0.00001,29,0.26734,30,0.73264,4,25,0.00001,28,0.00335,29,0.41664,30,0.57998,4,25,0.00002,28,0.01388,29,0.59247,30,0.39361,3,28,0.14648,29,0.77024,30,0.08325,4,25,0.00121,28,0.46429,29,0.53296,30,0.00152,3,25,0.09779,28,0.81952,29,0.08268,4,20,0.00006,25,0.38524,28,0.607,29,0.00768,3,20,0.00772,25,0.79019,28,0.20207,3,20,0.02191,25,0.89399,28,0.08409,2,20,0.22764,25,0.77235,2,20,0.30978,25,0.69021,2,20,0.63179,25,0.3682,2,20,0.95641,25,0.04358,2,20,0.99997,25,0.00002,2,20,0.89593,25,0.10406,2,20,0.58012,25,0.41987,2,20,0.40427,25,0.59572,2,20,0.1658,25,0.83419,2,20,0.08539,25,0.9146,2,20,0.02609,25,0.9739,1,25,1,2,25,0.97593,28,0.02406,2,25,0.63239,28,0.3676,2,25,0.1658,28,0.83419,2,28,0.70826,29,0.29172,2,29,0.85245,30,0.14754,2,29,0.63998,30,0.36,2,29,0.30046,30,0.69953,2,29,0.20336,30,0.79663,2,29,0.00028,30,0.99971,1,30,1,1,30,1,2,29,0.5,30,0.5,2,28,0.5,29,0.5,2,25,0.5,28,0.5,2,20,0.5,25,0.5,1,30,1,1,30,0.99999,1,29,1,1,28,1,1,25,1,2,29,0.08422,30,0.91577],"slotPose":[1,0,0,1,0,0],"bonePose":[25,-0.958073,0.286525,-0.286525,-0.958073,17.645194,-45.779873,30,-0.312335,-0.949972,0.949972,-0.312335,-44.61922,-57.966256,29,-0.666272,-0.745709,0.745709,-0.666272,-32.214026,-44.067042,28,-0.928226,-0.372016,0.372016,-0.928226,-14.238038,-36.797959,20,-0.339723,0.940526,-0.940526,-0.339723,25.572318,-68.668113],"edges":[31,30,30,29,29,28,28,27,27,26,26,25,25,24,24,23,23,22,22,21,21,20,20,19,19,18,18,17,17,16,16,15,15,14,14,13,13,12,12,11,11,10,10,9,9,8,8,7,7,6,6,5,5,4,4,3,3,2,2,1,1,0,0,33,33,32,32,31],"userEdges":[38,39,34,40,40,35,35,41,41,36,36,42,42,37,37,15,34,43,43,39]}]},{"name":"pet6140_tx_attack_xl_00008","display":[{"name":"pet6140_tx_attack_xl_00008","transform":{"x":2.49,"y":1.92,"skX":88.64,"skY":88.64}},{"name":"pet6140_tx_attack_xl_00009","transform":{"x":2.49,"y":1.92,"skX":88.64,"skY":88.64}},{"name":"pet6140_tx_attack_xl_00010","transform":{"x":2.49,"y":1.92,"skX":88.64,"skY":88.64}},{"name":"pet6140_tx_attack_xl_00011","transform":{"x":2.49,"y":1.92,"skX":88.64,"skY":88.64}},{"name":"pet6140_tx_attack_xl_00012","transform":{"x":2.49,"y":1.92,"skX":88.64,"skY":88.64}}]},{"name":"PET6140_tou","display":[{"type":"mesh","name":"PET6140_tou","width":107,"height":91,"vertices":[-21.88,-153.68,-17.08,-161.4,-6.98,-169.02,1.27,-172.4,10.17,-176.05,17.47,-176.68,35.27,-178.2,53,-170.58,54.66,-168.08,53.95,-173.68,57.27,-193.79,59.17,-200.81,67.01,-203.31,67.5,-193.68,65.01,-173.33,64.31,-157.86,65.85,-154.65,72.04,-155.24,73.59,-135,85.13,-122.51,74.32,-120.73,68.37,-114.42,63.38,-115.13,46.58,-132.62,33.37,-138.1,25.87,-144.05,15.16,-146.43,10.13,-144.79,4.22,-142.86,-2.2,-137.14,-15.53,-139.16,-21.88,-144.87,-11.35,-149.29,10.29,-159.87,43.01,-159.02],"uvs":[0,0.5452,0.04483,0.4602,0.13936,0.37651,0.21633,0.33943,0.29951,0.29936,0.36781,0.29251,0.53417,0.27582,0.69988,0.35951,0.71545,0.38697,0.70878,0.32551,0.73992,0.10451,0.75771,0.02736,0.83111,0,0.83556,0.10582,0.81221,0.32943,0.80553,0.49943,0.81999,0.53474,0.87782,0.5282,0.89228,0.75051,1,0.88782,0.89895,0.90743,0.84335,0.97674,0.79664,0.96889,0.63982,0.77666,0.51638,0.71651,0.44631,0.65113,0.34622,0.62497,0.29916,0.64301,0.2439,0.6642,0.18385,0.72697,0.05929,0.70474,0,0.64197,0.09825,0.59352,0.3007,0.47722,0.60654,0.48652],"triangles":[18,20,19,22,21,20,17,16,18,10,14,13,10,9,14,14,8,15,11,13,12,11,10,13,15,34,16,9,8,14,8,34,15,34,24,23,7,34,8,6,34,7,25,24,34,33,25,34,6,5,34,5,33,34,33,26,25,33,27,26,4,33,5,4,3,33,3,2,33,32,28,33,2,32,33,28,27,33,32,29,28,1,32,2,32,30,29,1,0,32,31,30,32,0,31,32,23,22,20,34,23,20,18,34,20,16,34,18],"weights":[3,7,0.65051,10,0.34942,15,0.00006,2,7,0.24853,10,0.75146,3,7,0.01044,10,0.95543,15,0.0341,2,10,0.74047,15,0.25952,2,10,0.32944,15,0.67055,2,10,0.11225,15,0.88774,3,15,0.97243,19,0.00022,26,0.02734,3,15,0.34353,19,0.09027,26,0.56619,3,15,0.15755,19,0.06443,26,0.77799,3,15,0.01957,19,0.00258,26,0.97784,1,26,1,1,26,1,1,26,1,1,26,1,1,26,1,2,19,0.19615,26,0.80385,2,19,0.4696,26,0.53039,2,19,0.56417,26,0.43582,2,19,0.98242,26,0.01757,1,19,1,1,19,1,1,19,0.99999,1,19,0.99999,2,15,0.0326,19,0.96738,2,15,0.35747,19,0.64252,3,10,0.01632,15,0.73083,19,0.25283,4,7,0.00296,10,0.34995,15,0.62918,19,0.0179,4,7,0.0341,10,0.65817,15,0.30613,19,0.00156,3,7,0.18045,10,0.76298,15,0.05656,2,7,0.56262,10,0.43737,1,7,0.99999,3,7,0.95468,10,0.04529,15,0.00002,2,7,0.5,10,0.5,2,10,0.5,15,0.5,2,15,0.5,19,0.5],"slotPose":[1,0,0,1,0,0],"bonePose":[7,0.251563,-0.967841,0.967841,0.251563,-17.73,-124.41,10,0.910106,-0.414376,0.414376,0.910106,-11.360894,-149.907753,15,0.998955,0.045712,-0.045712,0.998955,10.051383,-159.711803,26,0.098451,-0.995142,0.995142,0.098451,60.093251,-161.508151,19,0.66523,0.746638,-0.746638,0.66523,43.32663,-158.409374],"edges":[0,31,31,30,30,29,29,28,28,27,27,26,26,25,25,24,24,23,23,22,22,21,21,20,20,19,19,18,18,17,17,16,16,15,15,14,14,13,13,12,12,11,11,10,10,9,9,8,8,7,7,6,6,5,5,4,4,3,3,2,2,1,1,0],"userEdges":[32,33,33,34,34,20]}]},{"name":"PET6140_shenti5","display":[{"type":"mesh","name":"PET6140_shenti5","width":97,"height":30,"vertices":[-117.67,-75.46,-108.13,-73.5,-111.62,-64.41,-108.27,-64.57,-104.91,-68.76,-100.4,-58.99,-94.29,-66.96,-89.61,-70.83,-86.37,-73.52,-84.33,-75.21,-78.6,-74.71,-74.7,-74.36,-68.72,-70.31,-66.5,-68.8,-63.9,-66.96,-56.23,-61.54,-44.17,-59.29,-40.51,-58.6,-38.39,-59.8,-28.35,-65.47,-21.14,-74.15,-22.79,-78.74,-31.85,-81.24,-34.53,-80.2,-38.9,-75.65,-43.87,-74.64,-46.4,-74.31,-52.84,-75.94,-55.25,-77.44,-57.29,-78.72,-64.89,-83.48,-73.05,-85.73,-76.51,-86.69,-92.09,-88.15,-96.2,-87.3,-106.56,-85.15,-117.67,-79.37,-91.94,-80.58,-75.67,-81.74,-59.97,-72.52,-42.84,-66.54],"uvs":[0,0.42269,0.09829,0.48802,0.06221,0.79135,0.09685,0.78602,0.13149,0.64669,0.1779,0.9726,0.24095,0.7071,0.28918,0.57794,0.32263,0.48832,0.34365,0.43202,0.40277,0.44896,0.44301,0.46049,0.5045,0.59581,0.52745,0.64632,0.55426,0.70766,0.63334,0.88866,0.75764,0.96435,0.7954,0.98735,0.81732,0.94745,0.92097,0.75869,0.99536,0.46935,0.97838,0.31624,0.885,0.2324,0.85731,0.2672,0.81216,0.41889,0.76087,0.45223,0.73481,0.46325,0.66839,0.40869,0.64364,0.35844,0.62259,0.31569,0.54427,0.15669,0.46014,0.08131,0.42448,0.04936,0.26381,0,0.22154,0.02835,0.11458,0.10007,0,0.29202,0.2653,0.25226,0.43306,0.2144,0.59489,0.52229,0.77145,0.72234],"triangles":[21,22,20,22,19,20,22,23,19,24,40,19,40,18,19,23,24,19,40,16,17,40,17,18,25,40,24,25,26,40,15,16,40,26,15,40,27,15,26,39,15,27,39,14,15,28,39,27,29,39,28,30,39,29,30,12,39,12,13,39,13,14,39,38,11,30,11,12,30,31,38,30,38,10,11,32,38,31,32,9,38,9,10,38,37,9,32,33,37,32,37,8,9,37,7,8,34,37,33,37,6,7,34,35,37,35,1,37,4,6,37,1,4,37,4,5,6,36,1,35,1,3,4,1,2,3,36,0,1],"weights":[1,39,1,1,39,1,1,39,1,1,39,1,1,39,0.99999,1,39,0.99999,2,38,0.03495,39,0.96503,2,38,0.31852,39,0.68146,2,38,0.6959,39,0.30409,3,37,0.00715,38,0.90332,39,0.08952,2,37,0.29698,38,0.70301,2,37,0.75018,38,0.24981,2,36,0.03484,37,0.96515,2,36,0.16705,37,0.83294,2,36,0.45369,37,0.5463,2,36,0.98778,37,0.01221,2,35,0.3753,36,0.62469,2,35,0.61476,36,0.38522,2,35,0.74545,36,0.25453,2,35,0.92046,34,0.07953,2,35,0.09626,34,0.90373,1,34,1,2,35,0.16056,34,0.83943,2,35,0.38882,34,0.61117,3,35,0.85228,36,0.08611,34,0.0616,2,35,0.45893,36,0.54105,2,35,0.19204,36,0.80795,3,35,0.00151,36,0.91241,37,0.08606,2,36,0.67597,37,0.32402,2,36,0.42293,37,0.57706,2,36,0.00239,37,0.9976,2,37,0.61122,38,0.38877,2,37,0.2459,38,0.75409,2,38,0.65221,39,0.34778,2,38,0.32578,39,0.67421,2,38,0.0003,39,0.99969,1,39,1,2,38,0.5,39,0.5,2,37,0.5,38,0.5,2,36,0.5,37,0.5,2,35,0.5,36,0.5],"slotPose":[1,0,0,1,0,0],"bonePose":[39,-0.799685,0.60042,-0.60042,-0.799685,-92.114452,-80.398908,37,-0.863748,-0.503925,0.503925,-0.863748,-60.014269,-72.49826,38,-0.998103,0.061571,-0.061571,-0.998103,-75.639471,-81.475334,36,-0.944777,-0.327713,0.327713,-0.944777,-42.677219,-66.516354,34,-0.298041,0.954553,-0.954553,-0.298041,-26.008388,-85.781744,35,-0.859406,0.511293,-0.511293,-0.859406,-29.63676,-74.228068],"edges":[0,1,1,2,2,3,3,4,4,5,5,6,6,7,7,8,8,9,9,10,10,11,11,12,12,13,13,14,14,15,15,16,16,17,17,18,18,19,19,20,20,21,21,22,22,23,23,24,24,25,25,26,26,27,27,28,28,29,29,30,30,31,31,32,32,33,33,34,34,35,35,36,36,0],"userEdges":[37,7,37,8]}]},{"name":"PET6140_zuoshou2","display":[{"name":"PET6140_zuoshou2","transform":{"x":5.5,"y":1.48,"skX":21.93,"skY":21.93}}]},{"name":"pet_yinying","display":[{"name":"pet_yinying","transform":{"x":-0.5,"y":2.55,"skX":-89.54,"skY":-89.54}}]},{"name":"PET6140_youshou3","display":[{"name":"PET6140_youshou3","transform":{"x":9.13,"y":-1.13,"skX":-122.17,"skY":-122.17}}]},{"name":"PET6140_toujiao","display":[{"type":"mesh","name":"PET6140_toujiao","width":60,"height":91,"vertices":[-1.25,-195.05,8.35,-189.1,41.97,-150.25,45.4,-146.29,45.7,-142.19,45.98,-138.42,26.98,-113.85,16.05,-113.46,32.93,-141.1,31.28,-144.6,29.48,-148.4,11.05,-162.42,-4.32,-191.98,38.29,-142.65],"uvs":[0.09515,0.1008,0.25515,0.16621,0.8155,0.5931,0.87275,0.63671,0.87773,0.68165,0.88235,0.72322,0.56555,0.99328,0.38315,0.9975,0.66475,0.69368,0.63712,0.65523,0.60715,0.61351,0.29995,0.45948,0.04395,0.13456,0.75424,0.67687],"triangles":[11,10,2,1,11,2,13,8,5,8,6,5,13,5,4,3,13,4,2,13,3,9,13,2,10,9,2,9,8,13,7,6,8,1,12,11,0,12,1],"weights":[1,21,1,1,21,1,1,21,1,2,21,0.528,22,0.47199,1,22,1,1,22,1,1,22,1,1,22,1,1,22,1,2,21,0.59999,22,0.4,1,21,1,1,21,1,1,21,1,1,21,1],"slotPose":[1,0,0,1,0,0],"bonePose":[21,-0.615386,-0.788226,0.788226,-0.615386,38.426322,-143.19473,22,-0.584533,0.81137,-0.81137,-0.584533,39.977286,-140.612152],"edges":[12,11,11,10,10,9,9,8,8,7,7,6,6,5,5,4,4,3,3,2,2,1,1,0,0,12],"userEdges":[]}]},{"name":"PET6140_shenti4","display":[{"type":"mesh","name":"PET6140_shenti4","width":42,"height":33,"vertices":[-60.1,-76.19,-56.48,-72,-50.02,-72.67,-48.74,-72.8,-42.93,-77.7,-41.68,-83.97,-38.26,-87.4,-34.61,-87.63,-32.89,-84.21,-34.6,-79.31,-34.03,-75.09,-29.25,-72.13,-23.66,-72.48,-20.01,-76.36,-19.45,-84.33,-20.87,-93.76,-25.96,-101.76,-31.09,-104.29,-40.55,-104.28,-47.04,-102.65,-54.68,-97.41,-59.01,-90.23,-60.69,-80.78,-51.91,-81.36,-45.43,-93.98,-31.23,-95.39,-25.93,-85.89,-29.8,-74.23,-49.95,-88.69,-37.98,-96.57,-27.4,-91.56,-26.31,-80.18],"uvs":[0.01413,0.85141,0.10022,0.97849,0.25401,0.95834,0.28479,0.95431,0.42322,0.80577,0.45307,0.61577,0.5345,0.51213,0.62136,0.50522,0.66207,0.60886,0.62136,0.7574,0.63493,0.88522,0.74893,0.97504,0.88193,0.96468,0.96878,0.84722,0.98236,0.60541,0.94878,0.31959,0.82764,0.07686,0.7055,0,0.48022,0,0.3255,0.04923,0.14365,0.20814,0.0405,0.42577,0,0.7125,0.2096,0.69504,0.364,0.31221,0.70215,0.26983,0.82807,0.55789,0.73539,0.9113,0.25595,0.47252,0.54145,0.23375,0.7934,0.38605,0.81901,0.73134],"triangles":[30,26,15,31,13,14,26,31,14,15,26,14,31,12,13,16,30,15,25,30,16,31,27,12,27,11,12,30,7,26,7,8,26,26,8,31,17,25,16,9,27,31,8,9,31,25,7,30,29,25,17,9,10,27,27,10,11,29,7,25,18,29,17,29,6,7,18,19,29,19,24,29,29,24,6,24,5,6,24,28,5,23,4,5,28,23,5,23,3,4,23,2,3,19,20,24,20,28,24,20,21,28,23,1,2,0,1,23,21,23,28,21,22,23,22,0,23],"weights":[2,31,0.1767,30,0.82329,2,31,0.01486,30,0.98513,1,30,1,1,30,1,2,31,0.25514,30,0.74485,4,33,0.0108,31,0.70996,32,0.12457,30,0.15465,5,34,0.00972,33,0.15063,31,0.27815,32,0.55653,30,0.00496,4,34,0.1199,33,0.53813,31,0.03424,32,0.30771,4,34,0.64097,33,0.33374,31,0.00045,32,0.02483,2,34,0.9843,33,0.01569,1,34,1,1,34,1,1,34,1,2,34,0.99775,33,0.00224,2,34,0.67954,33,0.32045,3,34,0.01963,33,0.9663,32,0.01405,2,33,0.55176,32,0.44822,2,33,0.18555,32,0.81444,2,31,0.01832,32,0.98167,2,31,0.27735,32,0.72264,2,31,0.90009,32,0.0999,2,31,0.98981,30,0.01018,2,31,0.48081,30,0.51918,1,31,1,2,31,0.5,32,0.5,2,33,0.5,32,0.5,2,34,0.5,33,0.5,1,34,1,1,31,1,1,32,1,1,33,1,1,34,1],"slotPose":[1,0,0,1,0,0],"bonePose":[31,0.476085,-0.879399,0.879399,0.476085,-51.89951,-81.710229,30,-0.312335,-0.949972,0.949972,-0.312335,-44.61922,-57.966256,33,0.474703,0.880146,-0.880146,0.474703,-31.360265,-95.620392,32,0.99509,-0.098972,0.098972,0.99509,-45.479766,-93.904527,34,-0.298041,0.954553,-0.954553,-0.298041,-26.008388,-85.781744],"edges":[22,0,0,1,1,2,2,3,3,4,4,5,5,6,6,7,7,8,8,9,9,10,10,11,11,12,12,13,13,14,14,15,15,16,16,17,17,18,18,19,19,20,20,21,21,22],"userEdges":[24,28,28,23,23,2,24,29,29,25,25,30,30,26,26,31,31,27]}]},{"name":"PET6140_youshou2","display":[{"name":"PET6140_youshou2","transform":{"x":12.65,"y":0.37,"skX":-28.57,"skY":-28.57}}]}]}],"animation":[{"duration":41,"name":"attack","frame":[{"duration":20},{"duration":0,"events":[{"name":"0"}]}],"bone":[{"name":"bone11","rotateFrame":[{"duration":8,"tweenEasing":0},{"duration":11,"tweenEasing":0,"rotate":5.22},{"duration":8,"tweenEasing":0,"rotate":-4.63},{"duration":6,"tweenEasing":0,"rotate":9.8},{"duration":8,"tweenEasing":0,"rotate":-14.14},{"duration":0}]},{"name":"bone12","rotateFrame":[{"duration":8,"tweenEasing":0},{"duration":11,"tweenEasing":0,"rotate":36.8},{"duration":8,"tweenEasing":0,"rotate":-4.63},{"duration":14,"tweenEasing":0,"rotate":-7.26},{"duration":0}]},{"name":"yz","translateFrame":[{"duration":8,"tweenEasing":0},{"duration":11,"tweenEasing":0},{"tweenEasing":0,"x":-32.68},{"duration":12,"x":-13.04},{"duration":9,"tweenEasing":0,"x":-13.04},{"duration":0}],"scaleFrame":[{"duration":8,"tweenEasing":0},{"duration":11,"tweenEasing":0,"y":1.1},{"tweenEasing":0},{"duration":12},{"duration":9,"tweenEasing":0,"y":1.1},{"duration":0}]},{"name":"PET6140_zuoshou3","rotateFrame":[{"duration":19,"tweenEasing":0},{"tweenEasing":0,"rotate":-16.33},{"duration":14,"tweenEasing":0,"rotate":-30.91},{"duration":7,"tweenEasing":0,"rotate":-38.81},{"duration":0}]},{"name":"PET6140_shenti4","rotateFrame":[{"duration":8,"tweenEasing":0},{"duration":11,"tweenEasing":0,"rotate":6.99},{"duration":8,"tweenEasing":0,"rotate":-4.89},{"duration":14,"tweenEasing":0,"rotate":-10.34},{"duration":0}]},{"name":"bone9","rotateFrame":[{"duration":8,"tweenEasing":0},{"duration":11,"tweenEasing":0,"rotate":-6.05},{"duration":8,"tweenEasing":0},{"duration":14,"tweenEasing":0,"rotate":-18.68},{"duration":0}]},{"name":"PET6140_shenti5","rotateFrame":[{"duration":8,"tweenEasing":0},{"duration":11,"tweenEasing":0,"rotate":-25.89},{"duration":8,"tweenEasing":0,"rotate":-29.25},{"duration":14,"tweenEasing":0,"rotate":-11.93},{"duration":0}]},{"name":"PET6140_tou","rotateFrame":[{"duration":8,"tweenEasing":0},{"duration":5,"tweenEasing":0,"rotate":-2.67},{"duration":6,"tweenEasing":0,"rotate":-25.4},{"tweenEasing":0,"rotate":-30.45},{"duration":14,"tweenEasing":0,"rotate":-6.22},{"duration":7,"tweenEasing":0,"rotate":-8.31},{"duration":0}]},{"name":"PET6140_shenti6","rotateFrame":[{"duration":8,"tweenEasing":0},{"duration":11,"tweenEasing":0,"rotate":-6.05},{"duration":8,"tweenEasing":0},{"duration":6,"tweenEasing":0,"rotate":-25.7},{"duration":8,"tweenEasing":0,"rotate":-35.45},{"duration":0}]},{"name":"bone3","rotateFrame":[{"duration":8,"tweenEasing":0},{"duration":11,"tweenEasing":0,"rotate":-5.39},{"duration":8,"tweenEasing":0,"rotate":9.64},{"duration":14,"tweenEasing":0,"rotate":0.68},{"duration":0}]},{"name":"PET6140_zui","rotateFrame":[{"duration":8,"tweenEasing":0},{"duration":11,"tweenEasing":0,"rotate":-3.94},{"tweenEasing":0,"rotate":-1.52},{"duration":14,"tweenEasing":0,"rotate":30.94},{"duration":7,"tweenEasing":0,"rotate":35.89},{"duration":0}]},{"name":"PET6140_youshou3","rotateFrame":[{"duration":19,"tweenEasing":0},{"tweenEasing":0,"rotate":-57.77},{"duration":14,"tweenEasing":0,"rotate":24.36},{"duration":7,"tweenEasing":0,"rotate":31.92},{"duration":0}]},{"name":"bone8","rotateFrame":[{"duration":8,"tweenEasing":0},{"duration":11,"tweenEasing":0,"rotate":-6.05},{"duration":8,"tweenEasing":0,"rotate":-29.25},{"duration":14,"tweenEasing":0,"rotate":-35.02},{"duration":0}]},{"name":"bone","translateFrame":[{"duration":8,"tweenEasing":0},{"duration":5,"tweenEasing":0,"y":10},{"duration":6,"tweenEasing":0,"x":-8.18,"y":-2.27},{"tweenEasing":0,"x":-10,"y":-5},{"duration":14,"tweenEasing":0,"x":12},{"duration":7,"tweenEasing":0,"x":25},{"duration":0}],"rotateFrame":[{"duration":19,"tweenEasing":0},{"tweenEasing":0},{"duration":14,"tweenEasing":0,"rotate":15.32},{"duration":7,"tweenEasing":0,"rotate":15.32},{"duration":0}]},{"name":"bone15","rotateFrame":[{"duration":8,"tweenEasing":0},{"duration":5,"tweenEasing":0,"rotate":-5.41},{"duration":6,"tweenEasing":0,"rotate":-8.82},{"tweenEasing":0,"rotate":-9.58},{"duration":14,"tweenEasing":0,"rotate":-22.89},{"duration":7,"tweenEasing":0,"rotate":-25.09},{"duration":0}]},{"name":"PET6140_shenti2","rotateFrame":[{"duration":8,"tweenEasing":0},{"duration":11,"tweenEasing":0,"rotate":0.92},{"duration":8,"tweenEasing":0,"rotate":9.64},{"duration":14,"tweenEasing":0,"rotate":15.59},{"duration":0}]},{"name":"PET6140_youshou1","rotateFrame":[{"duration":19,"tweenEasing":0},{"tweenEasing":0,"rotate":30.52},{"duration":14,"tweenEasing":0,"rotate":-20.72},{"duration":7,"tweenEasing":0,"rotate":-13.16},{"duration":0}]},{"name":"bone10","rotateFrame":[{"duration":8,"tweenEasing":0},{"duration":11,"tweenEasing":0,"rotate":-6.05},{"duration":8,"tweenEasing":0,"rotate":-4.63},{"duration":6,"tweenEasing":0,"rotate":-3.71},{"duration":8,"tweenEasing":0,"rotate":-16.24},{"duration":0}]},{"name":"PET6140_shenti1","rotateFrame":[{"duration":8,"tweenEasing":0},{"duration":5,"tweenEasing":0,"rotate":-2.67},{"duration":6,"tweenEasing":0,"rotate":-18.9},{"tweenEasing":0,"rotate":-22.5},{"duration":14,"tweenEasing":0,"rotate":-7.1},{"duration":7,"tweenEasing":0,"rotate":-1.43},{"duration":0}]},{"name":"PET6140_shenti3","rotateFrame":[{"duration":8,"tweenEasing":0},{"duration":11,"tweenEasing":0,"rotate":4.92},{"duration":8,"tweenEasing":0,"rotate":-4.89},{"duration":14,"tweenEasing":0,"rotate":-27.78},{"duration":0}]},{"name":"bone2","rotateFrame":[{"duration":8,"tweenEasing":0},{"duration":11,"tweenEasing":0,"rotate":4.24},{"tweenEasing":0,"rotate":9.64},{"duration":7,"tweenEasing":0,"rotate":18.33},{"duration":14,"tweenEasing":0,"rotate":22.99},{"duration":0}]},{"name":"bone14","rotateFrame":[{"duration":8,"tweenEasing":0},{"duration":5,"tweenEasing":0,"rotate":-8.92},{"duration":6,"tweenEasing":0,"rotate":-14.45},{"tweenEasing":0,"rotate":-15.68},{"duration":14,"tweenEasing":0,"rotate":-16.02},{"duration":7,"tweenEasing":0,"rotate":-17.14},{"duration":0}]},{"name":"PET6140_toujiao","rotateFrame":[{"duration":8,"tweenEasing":0},{"duration":11,"tweenEasing":0,"rotate":-19.06},{},{"duration":14,"tweenEasing":0},{"duration":7,"tweenEasing":0,"rotate":-9.79},{"duration":0}]},{"name":"bone7","rotateFrame":[{"duration":8,"tweenEasing":0},{"duration":11,"tweenEasing":0,"rotate":-25.89},{"duration":8,"tweenEasing":0,"rotate":-29.25},{"duration":14,"tweenEasing":0,"rotate":-25.51},{"duration":0}]},{"name":"PET6140_zuoshou2","rotateFrame":[{"duration":19,"tweenEasing":0},{"tweenEasing":0,"rotate":33.32},{"duration":14,"tweenEasing":0,"rotate":23.78},{"duration":7,"tweenEasing":0,"rotate":15.88},{"duration":0}]},{"name":"PET6140_zuoshou1","rotateFrame":[{"duration":19,"tweenEasing":0},{"tweenEasing":0,"rotate":20.74},{"duration":14,"tweenEasing":0,"rotate":-9.69},{"duration":7,"tweenEasing":0,"rotate":-17.59},{"duration":0}]},{"name":"bone16","rotateFrame":[{"duration":8,"tweenEasing":0},{"duration":11,"tweenEasing":0,"rotate":25.89},{},{"duration":14,"tweenEasing":0},{"duration":7,"tweenEasing":0,"rotate":10.96},{"duration":0}]},{"name":"bone5","rotateFrame":[{"duration":8,"tweenEasing":0},{"duration":11,"tweenEasing":0,"rotate":3.22},{"duration":8,"tweenEasing":0,"rotate":-1.82},{"duration":14,"tweenEasing":0,"rotate":0.74},{"duration":0}]},{"name":"bone4","rotateFrame":[{"duration":8,"tweenEasing":0},{"duration":11,"tweenEasing":0,"rotate":-4.71},{"duration":8,"tweenEasing":0,"rotate":-6.24},{"duration":14,"tweenEasing":0,"rotate":-4.85},{"duration":0}]},{"name":"PET6140_youshou2","rotateFrame":[{"duration":19,"tweenEasing":0},{"tweenEasing":0,"rotate":49.52},{"duration":14,"tweenEasing":0,"rotate":26.72},{"duration":7,"tweenEasing":0,"rotate":34.28},{"duration":0}]},{"name":"bone6","rotateFrame":[{"duration":8,"tweenEasing":0},{"duration":11,"tweenEasing":0,"rotate":3.22},{"duration":8,"tweenEasing":0,"rotate":-24.83},{"duration":14,"tweenEasing":0,"rotate":-1.89},{"duration":0}]},{"name":"bone13","rotateFrame":[{"duration":8,"tweenEasing":0},{"duration":11,"tweenEasing":0,"rotate":11.59},{"duration":8,"tweenEasing":0},{"duration":14,"tweenEasing":0,"rotate":47.44},{"duration":0}]},{"name":"fs","translateFrame":[{"duration":8,"tweenEasing":0,"x":-47.18,"y":18.15},{"duration":5,"tweenEasing":0,"x":-35.82,"y":7.61},{"duration":6,"tweenEasing":0,"x":-63,"y":-69.68},{"tweenEasing":0,"x":-76.44,"y":-84.28},{"duration":21,"x":0.97}]}],"slot":[{"name":"pet6140_tx_attack_xl_00008","displayFrame":[{"duration":10,"value":-1},{"duration":2},{"duration":2,"value":1},{"duration":2,"value":2},{"duration":2,"value":3},{"duration":2,"value":4},{"duration":21,"value":-1}]}]},{"duration":39,"name":"dead","bone":[{"name":"bone","translateFrame":[{"duration":8,"tweenEasing":0},{"duration":8,"tweenEasing":0,"y":10},{"duration":2,"tweenEasing":0,"y":-10},{"duration":3,"tweenEasing":0,"x":7.99,"y":24.16},{"duration":5,"tweenEasing":0,"x":19.98,"y":110},{"duration":5,"tweenEasing":0,"x":19.98,"y":107},{"duration":8,"tweenEasing":0,"x":19.98,"y":109},{"duration":0,"x":19.98,"y":108}],"rotateFrame":[{"duration":18,"tweenEasing":0},{"duration":3,"tweenEasing":0},{"duration":18,"rotate":81.54}]},{"name":"yz","translateFrame":[{"duration":16,"tweenEasing":0},{"duration":5,"tweenEasing":0},{"duration":18,"x":26.19}],"scaleFrame":[{"duration":8,"tweenEasing":0},{"duration":8,"tweenEasing":0,"y":1.1},{"duration":5,"tweenEasing":0},{"duration":5,"tweenEasing":0,"x":2,"y":2},{"duration":5,"tweenEasing":0,"x":2,"y":1.9},{"duration":8,"tweenEasing":0,"x":2,"y":2},{"duration":0,"x":2,"y":1.9}]},{"name":"PET6140_shenti1","rotateFrame":[{"duration":8,"tweenEasing":0},{"duration":8,"tweenEasing":0,"rotate":-6.2},{"duration":2,"tweenEasing":0,"rotate":-30.91},{"duration":3,"tweenEasing":0,"rotate":-19.98},{"duration":18,"rotate":0.51}]},{"name":"bone2","rotateFrame":[{"duration":8,"tweenEasing":0},{"duration":8,"tweenEasing":0,"rotate":4.24},{"duration":2,"tweenEasing":0,"rotate":-4.61},{"duration":3,"tweenEasing":0,"rotate":34.33},{"duration":18,"rotate":30.66}]},{"name":"PET6140_shenti2","rotateFrame":[{"duration":8,"tweenEasing":0},{"duration":8,"tweenEasing":0,"rotate":10.57},{"duration":2,"tweenEasing":0,"rotate":-4.61},{"duration":3,"tweenEasing":0,"rotate":26.82},{"duration":18,"rotate":17.98}]},{"name":"PET6140_tou","rotateFrame":[{"duration":8,"tweenEasing":0},{"duration":8,"tweenEasing":0,"rotate":-6.2},{"duration":2,"tweenEasing":0,"rotate":-40.44},{"duration":3,"tweenEasing":0,"rotate":-44.32},{"duration":18,"rotate":-46.05}]},{"name":"PET6140_youshou3","rotateFrame":[{"duration":10,"tweenEasing":0},{"duration":6,"tweenEasing":0,"rotate":18.98},{"duration":5,"tweenEasing":0,"rotate":0.46},{"duration":5,"tweenEasing":0},{"duration":5,"tweenEasing":0,"rotate":-4.53},{"duration":8,"tweenEasing":0,"rotate":-0.09},{"duration":0}]},{"name":"PET6140_zuoshou3","rotateFrame":[{"duration":10,"tweenEasing":0},{"duration":6,"tweenEasing":0,"rotate":-15.9},{"duration":5,"tweenEasing":0,"rotate":7.15},{"duration":18,"rotate":-89.71}]},{"name":"PET6140_youshou2","rotateFrame":[{"duration":10,"tweenEasing":0},{"duration":6,"tweenEasing":0,"rotate":-24.49},{"duration":5,"tweenEasing":0,"rotate":0.46},{"duration":5,"tweenEasing":0},{"duration":5,"tweenEasing":0,"rotate":-4.53},{"duration":8,"tweenEasing":0,"rotate":-0.09},{"duration":0}]},{"name":"PET6140_zuoshou2","rotateFrame":[{"duration":10,"tweenEasing":0},{"duration":6,"tweenEasing":0,"rotate":-14.3},{"duration":5,"tweenEasing":0,"rotate":7.15},{"duration":5,"tweenEasing":0},{"duration":6,"tweenEasing":0,"rotate":2.52},{"duration":7,"tweenEasing":0,"rotate":-3.13},{"duration":0}]},{"name":"bone14","rotateFrame":[{"duration":8,"tweenEasing":0},{"duration":8,"tweenEasing":0,"rotate":-12.45},{"duration":2,"tweenEasing":0,"rotate":1.33},{"duration":3,"tweenEasing":0,"rotate":-20.14},{"duration":18,"rotate":-48.27}]},{"name":"bone3","rotateFrame":[{"duration":8,"tweenEasing":0},{"duration":8,"tweenEasing":0,"rotate":4.24},{"duration":2,"tweenEasing":0,"rotate":-4.61},{"duration":3,"tweenEasing":0,"rotate":6.9},{"duration":18,"rotate":-3.79}]},{"name":"PET6140_youshou1","rotateFrame":[{"duration":10,"tweenEasing":0},{"duration":6,"tweenEasing":0,"rotate":-9.99},{"duration":5,"tweenEasing":0,"rotate":20.06},{"duration":5,"tweenEasing":0},{"duration":5,"tweenEasing":0,"rotate":-4.53},{"duration":8,"tweenEasing":0,"rotate":-0.09},{"duration":0}]},{"name":"PET6140_zuoshou1","rotateFrame":[{"duration":9,"tweenEasing":0},{"duration":4,"tweenEasing":0,"rotate":41.5},{"duration":3,"tweenEasing":0,"rotate":15.21},{"duration":5,"tweenEasing":0,"rotate":7.15},{"duration":5,"tweenEasing":0},{"duration":6,"tweenEasing":0,"rotate":2.52},{"duration":7,"tweenEasing":0,"rotate":-3.13},{"duration":0}]},{"name":"bone15","rotateFrame":[{"duration":8,"tweenEasing":0},{"duration":8,"tweenEasing":0,"rotate":-5.41},{"duration":5,"tweenEasing":0,"rotate":5.62},{"duration":18,"rotate":-5.2}]},{"name":"bone4","rotateFrame":[{"duration":8,"tweenEasing":0},{"duration":8,"tweenEasing":0,"rotate":1.14},{"duration":2,"tweenEasing":0,"rotate":-4.61},{"duration":3,"tweenEasing":0,"rotate":9.88},{"duration":18,"rotate":3.66}]},{"name":"PET6140_shenti3","rotateFrame":[{"duration":8,"tweenEasing":0},{"duration":8,"tweenEasing":0,"rotate":1.14},{"duration":5,"tweenEasing":0,"rotate":-7.95},{"duration":18,"rotate":-0.82}]},{"name":"PET6140_toujiao","rotateFrame":[{"duration":8,"tweenEasing":0},{"duration":8,"tweenEasing":0,"rotate":-19.06},{"duration":5,"tweenEasing":0,"rotate":4.26},{"duration":5,"tweenEasing":0,"rotate":20.85},{"duration":7,"tweenEasing":0,"rotate":13.18},{"duration":6,"tweenEasing":0,"rotate":22.23},{"duration":0,"rotate":20.85}]},{"name":"PET6140_zui","rotateFrame":[{"duration":8,"tweenEasing":0},{"duration":13,"tweenEasing":0,"rotate":24.53},{"duration":18}]},{"name":"bone16","rotateFrame":[{"duration":8,"tweenEasing":0},{"duration":8,"tweenEasing":0,"rotate":25.89},{"duration":5,"tweenEasing":0,"rotate":-3.27},{"duration":5,"tweenEasing":0,"rotate":6.72},{"duration":7,"tweenEasing":0,"rotate":-0.94},{"duration":6,"tweenEasing":0,"rotate":8.1},{"duration":0,"rotate":6.72}]},{"name":"PET6140_shenti4","rotateFrame":[{"duration":8,"tweenEasing":0},{"duration":8,"tweenEasing":0,"rotate":3.22},{"duration":5,"tweenEasing":0,"rotate":-7.95},{"duration":18,"rotate":19.95}]},{"name":"bone5","rotateFrame":[{"duration":8,"tweenEasing":0},{"duration":8,"tweenEasing":0,"rotate":3.22},{"duration":5,"tweenEasing":0,"rotate":-7.95},{"duration":18,"rotate":10.47}]},{"name":"bone6","rotateFrame":[{"duration":8,"tweenEasing":0},{"duration":8,"tweenEasing":0,"rotate":3.22},{"duration":5,"tweenEasing":0,"rotate":6.94},{"duration":18,"rotate":11.06}]},{"name":"PET6140_shenti5","rotateFrame":[{"duration":8,"tweenEasing":0},{"duration":8,"tweenEasing":0,"rotate":-25.89},{"duration":5,"tweenEasing":0,"rotate":6.94},{"duration":18,"rotate":0.81}]},{"name":"bone7","rotateFrame":[{"duration":8,"tweenEasing":0},{"duration":8,"tweenEasing":0,"rotate":-25.89},{"duration":5,"tweenEasing":0,"rotate":6.94},{"duration":18}]},{"name":"bone8","rotateFrame":[{"duration":8,"tweenEasing":0},{"duration":13,"tweenEasing":0,"rotate":-6.05},{"duration":18}]},{"name":"bone9","rotateFrame":[{"duration":8,"tweenEasing":0},{"duration":13,"tweenEasing":0,"rotate":-6.05},{"duration":18}]},{"name":"PET6140_shenti6","rotateFrame":[{"duration":8,"tweenEasing":0},{"duration":13,"tweenEasing":0,"rotate":-6.05},{"duration":18}]},{"name":"bone10","rotateFrame":[{"duration":8,"tweenEasing":0},{"duration":8,"tweenEasing":0,"rotate":-6.05},{"duration":5,"tweenEasing":0,"rotate":-19.69},{"duration":18,"rotate":10.79}]},{"name":"bone11","rotateFrame":[{"duration":8,"tweenEasing":0},{"duration":8,"tweenEasing":0,"rotate":5.22},{"duration":5,"tweenEasing":0,"rotate":-19.69},{"duration":18,"rotate":10.79}]},{"name":"bone12","rotateFrame":[{"duration":8,"tweenEasing":0},{"duration":8,"tweenEasing":0,"rotate":36.8},{"duration":5,"tweenEasing":0,"rotate":-19.69},{"duration":18,"rotate":10.79}]},{"name":"bone13","rotateFrame":[{"duration":8,"tweenEasing":0},{"duration":13,"tweenEasing":0,"rotate":11.59},{"duration":18,"rotate":10.79}]}],"slot":[{"name":"PET6140_yanjingputong","displayFrame":[{"duration":16,"value":2},{"duration":23,"value":1},{"duration":0,"value":2}]}]},{"duration":23,"name":"hurt","bone":[{"name":"PET6140_shenti1","rotateFrame":[{"duration":3,"tweenEasing":0},{"duration":2,"tweenEasing":0,"rotate":-6.2},{"duration":11,"tweenEasing":0,"rotate":-13.91},{"duration":7,"tweenEasing":0,"rotate":-19.71},{"duration":0}]},{"name":"yz","scaleFrame":[{"duration":3,"tweenEasing":0},{"duration":20,"tweenEasing":0,"y":1.1},{"duration":0}]},{"name":"PET6140_zuoshou2","rotateFrame":[{"duration":5,"tweenEasing":0},{"duration":18,"tweenEasing":0,"rotate":7.15},{"duration":0}]},{"name":"bone6","rotateFrame":[{"duration":3,"tweenEasing":0},{"duration":2,"tweenEasing":0,"rotate":3.22},{"duration":18,"tweenEasing":0,"rotate":6.94},{"duration":0}]},{"name":"PET6140_youshou1","rotateFrame":[{"duration":5,"tweenEasing":0},{"duration":11,"tweenEasing":0,"rotate":20.06},{"duration":7,"tweenEasing":0,"rotate":32.97},{"duration":0}]},{"name":"bone15","rotateFrame":[{"duration":3,"tweenEasing":0},{"duration":2,"tweenEasing":0,"rotate":-5.41},{"duration":18,"tweenEasing":0,"rotate":5.62},{"duration":0}]},{"name":"PET6140_zui","rotateFrame":[{"duration":3,"tweenEasing":0},{"duration":20,"tweenEasing":0,"rotate":24.53},{"duration":0}]},{"name":"PET6140_toujiao","rotateFrame":[{"duration":3,"tweenEasing":0},{"duration":2,"tweenEasing":0,"rotate":-19.06},{"duration":18,"tweenEasing":0,"rotate":4.26},{"duration":0}]},{"name":"bone7","rotateFrame":[{"duration":5,"tweenEasing":0},{"duration":18,"tweenEasing":0,"rotate":6.94},{"duration":0}]},{"name":"PET6140_youshou3","rotateFrame":[{"duration":5,"tweenEasing":0},{"duration":11,"tweenEasing":0,"rotate":0.46},{"duration":7,"tweenEasing":0,"rotate":24.26},{"duration":0}]},{"name":"bone5","rotateFrame":[{"duration":3,"tweenEasing":0},{"duration":2,"tweenEasing":0,"rotate":3.22},{"duration":11,"tweenEasing":0,"rotate":-7.95},{"duration":7,"tweenEasing":0,"rotate":-9.26},{"duration":0}]},{"name":"bone","translateFrame":[{"duration":3,"tweenEasing":0},{"duration":2,"tweenEasing":0,"y":10},{"duration":11,"tweenEasing":0,"x":-5},{"duration":7,"tweenEasing":0,"x":-35},{"duration":0}]},{"name":"PET6140_shenti4","rotateFrame":[{"duration":3,"tweenEasing":0},{"duration":2,"tweenEasing":0,"rotate":11.41},{"duration":11,"tweenEasing":0,"rotate":0.45},{"duration":7,"tweenEasing":0,"rotate":-0.86},{"duration":0}]},{"name":"PET6140_zuoshou1","rotateFrame":[{"duration":5,"tweenEasing":0},{"duration":18,"tweenEasing":0,"rotate":7.15},{"duration":0}]},{"name":"PET6140_tou","rotateFrame":[{"duration":3,"tweenEasing":0},{"duration":2,"tweenEasing":0,"rotate":-6.2},{"duration":11,"tweenEasing":0,"rotate":-23.45},{"duration":7,"tweenEasing":0,"rotate":-29.24},{"duration":0}]},{"name":"PET6140_shenti3","rotateFrame":[{"duration":3,"tweenEasing":0},{"duration":2,"tweenEasing":0,"rotate":0.65},{"duration":11,"tweenEasing":0,"rotate":0.45},{"duration":7,"tweenEasing":0,"rotate":-0.86},{"duration":0}]},{"name":"bone10","rotateFrame":[{"duration":5,"tweenEasing":0},{"duration":11,"tweenEasing":0,"rotate":-19.69},{"duration":7,"tweenEasing":0,"rotate":-13.97},{"duration":0}]},{"name":"bone16","rotateFrame":[{"duration":3,"tweenEasing":0},{"duration":2,"tweenEasing":0,"rotate":25.89},{"duration":18,"tweenEasing":0,"rotate":-3.27},{"duration":0}]},{"name":"bone2","rotateFrame":[{"duration":3,"tweenEasing":0},{"duration":2,"tweenEasing":0,"rotate":4.24},{"duration":18,"tweenEasing":0,"rotate":-4.61},{"duration":0}]},{"name":"PET6140_shenti5","rotateFrame":[{"duration":3,"tweenEasing":0},{"duration":2,"tweenEasing":0,"rotate":-25.89},{"duration":18,"tweenEasing":0,"rotate":6.94},{"duration":0}]},{"name":"PET6140_shenti2","rotateFrame":[{"duration":3,"tweenEasing":0},{"duration":2,"tweenEasing":0,"rotate":1.88},{"duration":18,"tweenEasing":0,"rotate":-4.61},{"duration":0}]},{"name":"bone13","rotateFrame":[{"duration":16,"tweenEasing":0},{"duration":7,"tweenEasing":0,"rotate":7.66},{"duration":0}]},{"name":"bone3","rotateFrame":[{"duration":3,"tweenEasing":0},{"duration":2,"tweenEasing":0,"rotate":-4.43},{"duration":18,"tweenEasing":0,"rotate":-4.61},{"duration":0}]},{"name":"PET6140_youshou2","rotateFrame":[{"duration":5,"tweenEasing":0},{"duration":11,"tweenEasing":0,"rotate":0.46},{"duration":7,"tweenEasing":0,"rotate":13.37},{"duration":0}]},{"name":"bone4","rotateFrame":[{"duration":3,"tweenEasing":0},{"duration":2,"tweenEasing":0,"rotate":0.65},{"duration":18,"tweenEasing":0,"rotate":3.78},{"duration":0}]},{"name":"PET6140_shenti6","rotateFrame":[{"duration":16,"tweenEasing":0},{"duration":7,"tweenEasing":0,"rotate":1.37},{"duration":0}]},{"name":"bone11","rotateFrame":[{"duration":5,"tweenEasing":0},{"duration":11,"tweenEasing":0,"rotate":-19.69},{"duration":7,"tweenEasing":0,"rotate":21.16},{"duration":0}]},{"name":"bone14","rotateFrame":[{"duration":3,"tweenEasing":0},{"duration":2,"tweenEasing":0,"rotate":-12.45},{"duration":11,"tweenEasing":0,"rotate":12.06},{"duration":7,"tweenEasing":0,"rotate":9.8},{"duration":0}]},{"name":"bone12","rotateFrame":[{"duration":5,"tweenEasing":0},{"duration":11,"tweenEasing":0,"rotate":-19.69},{"duration":7,"tweenEasing":0,"rotate":21.16},{"duration":0}]},{"name":"PET6140_zuoshou3","rotateFrame":[{"duration":5,"tweenEasing":0},{"duration":11,"tweenEasing":0,"rotate":7.15},{"duration":7,"tweenEasing":0,"rotate":-44.09},{"duration":0}]}]},{"duration":63,"name":"skill","frame":[{"duration":40},{"duration":0,"events":[{"name":"0"}]}],"bone":[{"name":"bone6","rotateFrame":[{"duration":8,"tweenEasing":0},{"duration":14,"tweenEasing":0,"rotate":3.22},{"duration":12,"tweenEasing":0,"rotate":-24.83},{"duration":5,"tweenEasing":0,"rotate":3.22},{"duration":9,"tweenEasing":0,"rotate":6.94},{"duration":15,"tweenEasing":0,"rotate":-1.89},{"duration":0}]},{"name":"bone11","rotateFrame":[{"duration":8,"tweenEasing":0},{"duration":14,"tweenEasing":0,"rotate":5.22},{"duration":12,"tweenEasing":0,"rotate":-4.63},{"duration":5,"tweenEasing":0,"rotate":5.22},{"duration":9,"tweenEasing":0,"rotate":-19.69},{"duration":6,"tweenEasing":0,"rotate":9.8},{"duration":9,"tweenEasing":0,"rotate":-33.01},{"duration":0}]},{"name":"PET6140_toujiao","rotateFrame":[{"duration":8,"tweenEasing":0},{"duration":14,"tweenEasing":0,"rotate":-19.06},{"duration":12,"tweenEasing":0},{"duration":5,"tweenEasing":0,"rotate":-19.06},{"tweenEasing":0,"rotate":27.87},{"duration":15,"tweenEasing":0},{"duration":8,"tweenEasing":0,"rotate":-9.79},{"duration":0}]},{"name":"PET6140_zui","rotateFrame":[{"duration":8,"tweenEasing":0},{"duration":14,"tweenEasing":0,"rotate":-3.94},{"duration":12,"tweenEasing":0,"rotate":-11.03},{"duration":5,"tweenEasing":0,"rotate":2.72},{"tweenEasing":0,"rotate":29.27},{"duration":15,"tweenEasing":0,"rotate":30.94},{"duration":8,"tweenEasing":0,"rotate":35.89},{"duration":0}]},{"name":"PET6140_zuoshou2","rotateFrame":[{"duration":22},{"duration":17,"tweenEasing":0},{"tweenEasing":0,"rotate":22.12},{"duration":15,"tweenEasing":0,"rotate":23.78},{"duration":8,"tweenEasing":0,"rotate":15.88},{"duration":0}]},{"name":"PET6140_youshou3","rotateFrame":[{"duration":22},{"duration":17,"tweenEasing":0},{"tweenEasing":0,"rotate":9.07},{"duration":15,"tweenEasing":0,"rotate":24.36},{"duration":8,"tweenEasing":0,"rotate":31.92},{"duration":0}]},{"name":"bone3","rotateFrame":[{"duration":8,"tweenEasing":0},{"duration":14,"tweenEasing":0,"rotate":-5.39},{"duration":12,"tweenEasing":0,"rotate":9.64},{"duration":5,"tweenEasing":0,"rotate":-5.39},{"duration":9,"tweenEasing":0,"rotate":-4.61},{"duration":15,"tweenEasing":0,"rotate":0.68},{"duration":0}]},{"name":"PET6140_youshou2","rotateFrame":[{"duration":22},{"duration":17,"tweenEasing":0},{"tweenEasing":0,"rotate":9.07},{"duration":15,"tweenEasing":0,"rotate":26.72},{"duration":8,"tweenEasing":0,"rotate":34.28},{"duration":0}]},{"name":"PET6140_shenti1","rotateFrame":[{"duration":8,"tweenEasing":0},{"duration":14,"tweenEasing":0,"rotate":-2.67},{"duration":12,"tweenEasing":0,"rotate":-13.62},{"duration":3,"tweenEasing":0,"rotate":-2.67},{"duration":2,"tweenEasing":0,"rotate":-22.5},{"tweenEasing":0,"rotate":-26.47},{"duration":15,"tweenEasing":0,"rotate":-12.14},{"duration":8,"tweenEasing":0,"rotate":-8.38},{"duration":0}]},{"name":"PET6140_shenti2","rotateFrame":[{"duration":8,"tweenEasing":0},{"duration":14,"tweenEasing":0,"rotate":0.92},{"duration":12,"tweenEasing":0,"rotate":9.64},{"duration":5,"tweenEasing":0,"rotate":0.92},{"duration":9,"tweenEasing":0,"rotate":-4.61},{"duration":15,"tweenEasing":0,"rotate":15.59},{"duration":0}]},{"name":"bone","translateFrame":[{"duration":8,"tweenEasing":0},{"duration":14,"tweenEasing":0,"y":10},{"duration":12,"tweenEasing":0,"y":-5},{"duration":2,"tweenEasing":0,"y":10},{"duration":3,"tweenEasing":0,"y":-6},{"tweenEasing":0,"y":-10},{"duration":15,"tweenEasing":0,"x":12},{"duration":8,"tweenEasing":0,"x":25},{"duration":0}],"rotateFrame":[{"duration":39,"tweenEasing":0},{"tweenEasing":0},{"duration":15,"tweenEasing":0,"rotate":15.32},{"duration":8,"tweenEasing":0,"rotate":15.32},{"duration":0}]},{"name":"PET6140_shenti5","rotateFrame":[{"duration":8,"tweenEasing":0},{"duration":14,"tweenEasing":0,"rotate":-25.89},{"duration":12,"tweenEasing":0,"rotate":-29.25},{"duration":5,"tweenEasing":0,"rotate":-25.89},{"duration":9,"tweenEasing":0,"rotate":6.94},{"duration":15,"tweenEasing":0,"rotate":-11.93},{"duration":0}]},{"name":"PET6140_tou","rotateFrame":[{"duration":8,"tweenEasing":0},{"duration":14,"tweenEasing":0,"rotate":-2.67},{"duration":12,"tweenEasing":0,"rotate":-13.62},{"duration":3,"tweenEasing":0,"rotate":-2.67},{"duration":2,"tweenEasing":0,"rotate":-30.45},{"tweenEasing":0,"rotate":-36},{"duration":15,"tweenEasing":0,"rotate":-11.26},{"duration":8,"tweenEasing":0,"rotate":-14.59},{"duration":0}]},{"name":"bone14","rotateFrame":[{"duration":8,"tweenEasing":0},{"duration":14,"tweenEasing":0,"rotate":-8.92},{"duration":12,"tweenEasing":0,"rotate":-11.14},{"duration":3,"tweenEasing":0,"rotate":-8.92},{"duration":2,"tweenEasing":0,"rotate":-15.68},{"tweenEasing":0,"rotate":-17.03},{"duration":15,"tweenEasing":0,"rotate":-16.57},{"duration":8,"tweenEasing":0,"rotate":-19.9},{"duration":0}]},{"name":"PET6140_shenti4","rotateFrame":[{"duration":8,"tweenEasing":0},{"duration":14,"tweenEasing":0,"rotate":6.99},{"duration":12,"tweenEasing":0,"rotate":-4.89},{"duration":5,"tweenEasing":0,"rotate":6.99},{"duration":9,"tweenEasing":0,"rotate":4.09},{"duration":15,"tweenEasing":0,"rotate":-10.34},{"duration":0}]},{"name":"bone4","rotateFrame":[{"duration":8,"tweenEasing":0},{"duration":14,"tweenEasing":0,"rotate":-4.71},{"duration":12,"tweenEasing":0,"rotate":-6.24},{"duration":5,"tweenEasing":0,"rotate":-4.71},{"duration":9,"tweenEasing":0,"rotate":-4.61},{"duration":15,"tweenEasing":0,"rotate":-4.85},{"duration":0}]},{"name":"yz","scaleFrame":[{"duration":8,"tweenEasing":0},{"duration":14,"tweenEasing":0,"y":1.1},{"duration":12,"tweenEasing":0},{"duration":5,"tweenEasing":0,"y":1.1},{"tweenEasing":0,"y":0.9},{"duration":12,"tweenEasing":0},{"duration":11,"tweenEasing":0,"y":1.1},{"duration":0}]},{"name":"PET6140_shenti6","rotateFrame":[{"duration":8,"tweenEasing":0},{"duration":14,"tweenEasing":0,"rotate":-6.05},{"duration":12,"tweenEasing":0},{"duration":14,"tweenEasing":0,"rotate":-6.05},{"duration":6,"tweenEasing":0,"rotate":-25.7},{"duration":9,"tweenEasing":0,"rotate":-54.31},{"duration":0}]},{"name":"bone15","rotateFrame":[{"duration":8,"tweenEasing":0},{"duration":14,"tweenEasing":0,"rotate":-5.41},{"duration":12,"tweenEasing":0,"rotate":-9.77},{"duration":3,"tweenEasing":0,"rotate":-5.41},{"duration":2,"tweenEasing":0,"rotate":-9.58},{"tweenEasing":0,"rotate":-10.41},{"duration":15,"tweenEasing":0,"rotate":-23.43},{"duration":8,"tweenEasing":0,"rotate":-21.5},{"duration":0}]},{"name":"bone8","rotateFrame":[{"duration":8,"tweenEasing":0},{"duration":14,"tweenEasing":0,"rotate":-6.05},{"duration":12,"tweenEasing":0,"rotate":-29.25},{"duration":14,"tweenEasing":0,"rotate":-6.05},{"duration":15,"tweenEasing":0,"rotate":-35.02},{"duration":0}]},{"name":"bone12","rotateFrame":[{"duration":8,"tweenEasing":0},{"duration":14,"tweenEasing":0,"rotate":36.8},{"duration":12,"tweenEasing":0,"rotate":-4.63},{"duration":5,"tweenEasing":0,"rotate":36.8},{"duration":9,"tweenEasing":0,"rotate":-19.69},{"duration":15,"tweenEasing":0,"rotate":-7.26},{"duration":0}]},{"name":"bone7","rotateFrame":[{"duration":8,"tweenEasing":0},{"duration":14,"tweenEasing":0,"rotate":-25.89},{"duration":12,"tweenEasing":0,"rotate":-29.25},{"duration":5,"tweenEasing":0,"rotate":-25.89},{"duration":9,"tweenEasing":0,"rotate":6.94},{"duration":15,"tweenEasing":0,"rotate":-25.51},{"duration":0}]},{"name":"PET6140_zuoshou3","rotateFrame":[{"duration":22},{"duration":17,"tweenEasing":0},{"tweenEasing":0,"rotate":22.12},{"duration":15,"tweenEasing":0,"rotate":-30.91},{"duration":8,"tweenEasing":0,"rotate":-38.81},{"duration":0}]},{"name":"PET6140_zuoshou1","rotateFrame":[{"duration":22},{"duration":17,"tweenEasing":0},{"tweenEasing":0,"rotate":22.12},{"duration":15,"tweenEasing":0,"rotate":-9.69},{"duration":8,"tweenEasing":0,"rotate":-17.59},{"duration":0}]},{"name":"PET6140_youshou1","rotateFrame":[{"duration":22},{"duration":17,"tweenEasing":0},{"tweenEasing":0,"rotate":28.66},{"duration":15,"tweenEasing":0,"rotate":-20.72},{"duration":8,"tweenEasing":0,"rotate":-13.16},{"duration":0}]},{"name":"bone2","rotateFrame":[{"duration":8,"tweenEasing":0},{"duration":14,"tweenEasing":0,"rotate":4.24},{"duration":12,"tweenEasing":0,"rotate":9.64},{"duration":5,"tweenEasing":0,"rotate":4.24},{"tweenEasing":0,"rotate":-4.61},{"duration":8,"tweenEasing":0,"rotate":18.33},{"duration":15,"tweenEasing":0,"rotate":22.99},{"duration":0}]},{"name":"bone16","rotateFrame":[{"duration":8,"tweenEasing":0},{"duration":14,"tweenEasing":0,"rotate":25.89},{"duration":12,"tweenEasing":0},{"duration":5,"tweenEasing":0,"rotate":25.89},{"tweenEasing":0,"rotate":19.14},{"duration":15,"tweenEasing":0},{"duration":8,"tweenEasing":0,"rotate":10.96},{"duration":0}]},{"name":"bone10","rotateFrame":[{"duration":8,"tweenEasing":0},{"duration":14,"tweenEasing":0,"rotate":-6.05},{"duration":12,"tweenEasing":0,"rotate":-4.63},{"duration":5,"tweenEasing":0,"rotate":-6.05},{"duration":9,"tweenEasing":0,"rotate":-19.69},{"duration":6,"tweenEasing":0,"rotate":-3.71},{"duration":9,"tweenEasing":0,"rotate":-41.12},{"duration":0}]},{"name":"bone13","rotateFrame":[{"duration":8,"tweenEasing":0},{"duration":14,"tweenEasing":0,"rotate":11.59},{"duration":12,"tweenEasing":0},{"duration":14,"tweenEasing":0,"rotate":11.59},{"duration":15,"tweenEasing":0,"rotate":47.44},{"duration":0}]},{"name":"bone9","rotateFrame":[{"duration":8,"tweenEasing":0},{"duration":14,"tweenEasing":0,"rotate":-6.05},{"duration":12,"tweenEasing":0},{"duration":14,"tweenEasing":0,"rotate":-6.05},{"duration":15,"tweenEasing":0,"rotate":-18.68},{"duration":0}]},{"name":"PET6140_shenti3","rotateFrame":[{"duration":8,"tweenEasing":0},{"duration":14,"tweenEasing":0,"rotate":4.92},{"duration":12,"tweenEasing":0,"rotate":-4.89},{"duration":5,"tweenEasing":0,"rotate":4.92},{"duration":9,"tweenEasing":0,"rotate":4.09},{"duration":15,"tweenEasing":0,"rotate":-27.78},{"duration":0}]},{"name":"bone5","rotateFrame":[{"duration":8,"tweenEasing":0},{"duration":14,"tweenEasing":0,"rotate":3.22},{"duration":12,"tweenEasing":0,"rotate":-1.82},{"duration":5,"tweenEasing":0,"rotate":3.22},{"duration":9,"tweenEasing":0,"rotate":4.09},{"duration":15,"tweenEasing":0,"rotate":0.74},{"duration":0}]},{"name":"fs","translateFrame":[{"duration":39,"x":-106.39,"y":35.26},{"tweenEasing":0,"x":-106.39,"y":35.26},{"duration":23,"x":3.54,"y":-22.25}]}],"slot":[{"name":"PET6140_yanjingputong","displayFrame":[{"duration":11,"value":2},{"duration":52},{"duration":0,"value":2}]},{"name":"TX_tianlongliuxing00001","displayFrame":[{"duration":10,"value":-1},{"duration":2},{"duration":2,"value":1},{"duration":2,"value":2},{"duration":2,"value":3},{"duration":2,"value":4},{"duration":2,"value":5},{"duration":2,"value":6},{"duration":2,"value":7},{"duration":2,"value":8},{"duration":2,"value":9},{"duration":2,"value":10},{"duration":2,"value":11},{"duration":2,"value":12},{"duration":2,"value":13},{"duration":2,"value":14},{"duration":23,"value":-1}]}]},{"duration":30,"name":"stand","bone":[{"name":"bone","translateFrame":[{"duration":15,"tweenEasing":0},{"duration":15,"tweenEasing":0,"y":10},{"duration":0}]},{"name":"PET6140_shenti1","rotateFrame":[{"duration":15,"tweenEasing":0},{"duration":15,"tweenEasing":0,"rotate":-6.2},{"duration":0}]},{"name":"PET6140_tou","rotateFrame":[{"duration":15,"tweenEasing":0},{"duration":15,"tweenEasing":0,"rotate":-6.2},{"duration":0}]},{"name":"PET6140_youshou3","rotateFrame":[{"duration":5,"tweenEasing":0},{"duration":12,"tweenEasing":0,"rotate":-5.23},{"duration":13,"tweenEasing":0,"rotate":18.98},{"duration":0}]},{"name":"PET6140_zuoshou3","rotateFrame":[{"duration":5,"tweenEasing":0},{"duration":12,"tweenEasing":0,"rotate":5.72},{"duration":13,"tweenEasing":0,"rotate":-15.9},{"duration":0}]},{"name":"bone2","rotateFrame":[{"duration":15,"tweenEasing":0},{"duration":15,"tweenEasing":0,"rotate":4.24},{"duration":0}]},{"name":"PET6140_shenti2","rotateFrame":[{"duration":15,"tweenEasing":0},{"duration":15,"tweenEasing":0,"rotate":10.57},{"duration":0}]},{"name":"PET6140_youshou2","rotateFrame":[{"duration":5,"tweenEasing":0},{"duration":12,"tweenEasing":0,"rotate":4.53},{"duration":13,"tweenEasing":0,"rotate":-24.49},{"duration":0}]},{"name":"PET6140_zuoshou2","rotateFrame":[{"duration":5,"tweenEasing":0},{"duration":12,"tweenEasing":0,"rotate":3.93},{"duration":13,"tweenEasing":0,"rotate":-14.3},{"duration":0}]},{"name":"bone14","rotateFrame":[{"duration":15,"tweenEasing":0},{"duration":15,"tweenEasing":0,"rotate":-12.45},{"duration":0}]},{"name":"PET6140_youshou1","rotateFrame":[{"duration":5,"tweenEasing":0},{"duration":12,"tweenEasing":0,"rotate":16.8},{"duration":13,"tweenEasing":0,"rotate":-9.99},{"duration":0}]},{"name":"PET6140_zuoshou1","rotateFrame":[{"duration":5,"tweenEasing":0},{"duration":11,"tweenEasing":0,"rotate":9.31},{"duration":4,"tweenEasing":0,"rotate":41.5},{"duration":10,"tweenEasing":0,"rotate":15.21},{"duration":0}]},{"name":"bone15","rotateFrame":[{"duration":15,"tweenEasing":0},{"duration":15,"tweenEasing":0,"rotate":-5.41},{"duration":0}]},{"name":"bone3","rotateFrame":[{"duration":15,"tweenEasing":0},{"duration":15,"tweenEasing":0,"rotate":4.24},{"duration":0}]},{"name":"PET6140_toujiao","rotateFrame":[{"duration":15,"tweenEasing":0},{"duration":15,"tweenEasing":0,"rotate":-19.06},{"duration":0}]},{"name":"PET6140_zui","rotateFrame":[{"duration":15,"tweenEasing":0},{"duration":15,"tweenEasing":0,"rotate":24.53},{"duration":0}]},{"name":"bone16","rotateFrame":[{"duration":15,"tweenEasing":0},{"duration":15,"tweenEasing":0,"rotate":25.89},{"duration":0}]},{"name":"bone4","rotateFrame":[{"duration":15,"tweenEasing":0},{"duration":15,"tweenEasing":0,"rotate":1.14},{"duration":0}]},{"name":"PET6140_shenti3","rotateFrame":[{"duration":15,"tweenEasing":0},{"duration":15,"tweenEasing":0,"rotate":1.14},{"duration":0}]},{"name":"PET6140_shenti4","rotateFrame":[{"duration":15,"tweenEasing":0},{"duration":15,"tweenEasing":0,"rotate":3.22},{"duration":0}]},{"name":"bone5","rotateFrame":[{"duration":15,"tweenEasing":0},{"duration":15,"tweenEasing":0,"rotate":3.22},{"duration":0}]},{"name":"bone6","rotateFrame":[{"duration":15,"tweenEasing":0},{"duration":15,"tweenEasing":0,"rotate":3.22},{"duration":0}]},{"name":"PET6140_shenti5","rotateFrame":[{"duration":15,"tweenEasing":0},{"duration":15,"tweenEasing":0,"rotate":-25.89},{"duration":0}]},{"name":"bone7","rotateFrame":[{"duration":15,"tweenEasing":0},{"duration":15,"tweenEasing":0,"rotate":-25.89},{"duration":0}]},{"name":"bone8","rotateFrame":[{"duration":15,"tweenEasing":0},{"duration":15,"tweenEasing":0,"rotate":-6.05},{"duration":0}]},{"name":"bone9","rotateFrame":[{"duration":15,"tweenEasing":0},{"duration":15,"tweenEasing":0,"rotate":-6.05},{"duration":0}]},{"name":"PET6140_shenti6","rotateFrame":[{"duration":15,"tweenEasing":0},{"duration":15,"tweenEasing":0,"rotate":-6.05},{"duration":0}]},{"name":"bone10","rotateFrame":[{"duration":15,"tweenEasing":0},{"duration":15,"tweenEasing":0,"rotate":-6.05},{"duration":0}]},{"name":"bone11","rotateFrame":[{"duration":15,"tweenEasing":0},{"duration":15,"tweenEasing":0,"rotate":5.22},{"duration":0}]},{"name":"bone12","rotateFrame":[{"duration":15,"tweenEasing":0},{"duration":15,"tweenEasing":0,"rotate":36.8},{"duration":0}]},{"name":"bone13","rotateFrame":[{"duration":15,"tweenEasing":0},{"duration":15,"tweenEasing":0,"rotate":11.59},{"duration":0}]},{"name":"yz","scaleFrame":[{"duration":15,"tweenEasing":0},{"duration":15,"tweenEasing":0,"y":1.1},{"duration":0}]}]},{"duration":24,"name":"walk","bone":[{"name":"PET6140_zuoshou1","rotateFrame":[{"duration":7,"tweenEasing":0},{"duration":9,"tweenEasing":0,"rotate":-6.65},{"duration":8,"tweenEasing":0,"rotate":7.15},{"duration":0}]},{"name":"yz","scaleFrame":[{"duration":7,"tweenEasing":0},{"duration":10,"tweenEasing":0,"y":1.1},{"duration":7,"tweenEasing":0,"y":0.9},{"duration":0}]},{"name":"PET6140_shenti4","rotateFrame":[{"duration":6,"tweenEasing":0},{"duration":10,"tweenEasing":0,"rotate":4.6},{"duration":8,"tweenEasing":0,"rotate":-7.95},{"duration":0}]},{"name":"bone7","rotateFrame":[{"duration":6,"tweenEasing":0},{"duration":10,"tweenEasing":0,"rotate":-12.53},{"duration":8,"tweenEasing":0,"rotate":6.94},{"duration":0}]},{"name":"PET6140_shenti5","rotateFrame":[{"duration":6,"tweenEasing":0},{"duration":10,"tweenEasing":0,"rotate":-12.53},{"duration":8,"tweenEasing":0,"rotate":6.94},{"duration":0}]},{"name":"bone15","rotateFrame":[{"duration":7,"tweenEasing":0,"rotate":-10.29},{"duration":10,"tweenEasing":0,"rotate":-11.88},{"duration":7,"tweenEasing":0,"rotate":-7.92},{"duration":0,"rotate":-10.29}]},{"name":"bone3","rotateFrame":[{"duration":6,"tweenEasing":0},{"duration":11,"tweenEasing":0,"rotate":3.52},{"duration":7,"tweenEasing":0,"rotate":-4.61},{"duration":0}]},{"name":"PET6140_shenti3","rotateFrame":[{"duration":6,"tweenEasing":0},{"duration":10,"tweenEasing":0,"rotate":4.6},{"duration":8,"tweenEasing":0,"rotate":-7.95},{"duration":0}]},{"name":"PET6140_tou","rotateFrame":[{"duration":7,"tweenEasing":0,"rotate":-33.55},{"duration":10,"tweenEasing":0,"rotate":-35.14},{"duration":7,"tweenEasing":0,"rotate":-31.17},{"duration":0,"rotate":-33.55}]},{"name":"PET6140_youshou1","rotateFrame":[{"duration":6,"tweenEasing":0},{"duration":10,"tweenEasing":0,"rotate":-8.34},{"duration":8,"tweenEasing":0,"rotate":20.06},{"duration":0}]},{"name":"bone5","rotateFrame":[{"duration":6,"tweenEasing":0},{"duration":10,"tweenEasing":0,"rotate":4.6},{"duration":8,"tweenEasing":0,"rotate":-7.95},{"duration":0}]},{"name":"bone12","rotateFrame":[{"duration":7,"tweenEasing":0},{"duration":10,"tweenEasing":0,"rotate":31.57},{"duration":7,"tweenEasing":0,"rotate":-19.69},{"duration":0}]},{"name":"PET6140_youshou2","rotateFrame":[{"duration":6,"tweenEasing":0},{"duration":10,"tweenEasing":0,"rotate":-8.34},{"duration":8,"tweenEasing":0,"rotate":0.46},{"duration":0}]},{"name":"PET6140_shenti1","rotateFrame":[{"duration":7,"tweenEasing":0,"rotate":-24.02},{"duration":10,"tweenEasing":0,"rotate":-25.61},{"duration":7,"tweenEasing":0,"rotate":-21.64},{"duration":0,"rotate":-24.02}]},{"name":"bone10","rotateFrame":[{"duration":7,"tweenEasing":0},{"duration":10,"tweenEasing":0,"rotate":31.57},{"duration":7,"tweenEasing":0,"rotate":-19.69},{"duration":0}]},{"name":"PET6140_toujiao","rotateFrame":[{"duration":7,"tweenEasing":0},{"duration":9,"tweenEasing":0,"rotate":-6.84},{"duration":8,"tweenEasing":0,"rotate":4.26},{"duration":0}]},{"name":"bone4","rotateFrame":[{"duration":6,"tweenEasing":0},{"duration":11,"tweenEasing":0,"rotate":3.52},{"duration":7,"tweenEasing":0,"rotate":-4.61},{"duration":0}]},{"name":"bone2","rotateFrame":[{"duration":6,"tweenEasing":0},{"duration":9,"tweenEasing":0,"rotate":3.52},{"duration":9,"tweenEasing":0,"rotate":-4.61},{"duration":0}]},{"name":"PET6140_youshou3","rotateFrame":[{"duration":6,"tweenEasing":0},{"duration":10,"tweenEasing":0,"rotate":-8.34},{"duration":8,"tweenEasing":0,"rotate":0.46},{"duration":0}]},{"name":"bone6","rotateFrame":[{"duration":6,"tweenEasing":0},{"duration":10,"tweenEasing":0,"rotate":-12.53},{"duration":8,"tweenEasing":0,"rotate":6.94},{"duration":0}]},{"name":"bone14","rotateFrame":[{"duration":7,"tweenEasing":0,"rotate":-14.58},{"duration":10,"tweenEasing":0,"rotate":-16.17},{"duration":7,"tweenEasing":0,"rotate":-12.21},{"duration":0,"rotate":-14.58}]},{"name":"bone16","rotateFrame":[{"duration":7,"tweenEasing":0},{"duration":9,"tweenEasing":0,"rotate":9.36},{"duration":8,"tweenEasing":0,"rotate":-3.27},{"duration":0}]},{"name":"bone","translateFrame":[{"duration":6,"tweenEasing":0},{"duration":10,"tweenEasing":0,"y":10},{"duration":8,"tweenEasing":0,"y":-10},{"duration":0}],"rotateFrame":[{"duration":24,"rotate":32.22}]},{"name":"PET6140_shenti2","rotateFrame":[{"duration":6,"tweenEasing":0},{"duration":11,"tweenEasing":0,"rotate":3.52},{"duration":7,"tweenEasing":0,"rotate":-4.61},{"duration":0}]},{"name":"bone11","rotateFrame":[{"duration":7,"tweenEasing":0},{"duration":10,"tweenEasing":0,"rotate":31.57},{"duration":7,"tweenEasing":0,"rotate":-19.69},{"duration":0}]},{"name":"PET6140_zuoshou3","rotateFrame":[{"duration":7,"tweenEasing":0},{"duration":9,"tweenEasing":0,"rotate":-6.65},{"duration":8,"tweenEasing":0,"rotate":7.15},{"duration":0}]},{"name":"PET6140_zuoshou2","rotateFrame":[{"duration":7,"tweenEasing":0},{"duration":9,"tweenEasing":0,"rotate":-6.65},{"duration":8,"tweenEasing":0,"rotate":7.15},{"duration":0}]}]},{"duration":50,"name":"win","bone":[{"name":"yz","scaleFrame":[{"duration":8,"tweenEasing":0},{"duration":7,"tweenEasing":0,"y":1.1},{"duration":6,"tweenEasing":0,"y":0.9},{"duration":6,"tweenEasing":0},{"duration":6,"tweenEasing":0,"y":0.9},{"duration":6,"tweenEasing":0},{"duration":6,"tweenEasing":0,"y":0.9},{"duration":5}]},{"name":"bone16","rotateFrame":[{"duration":8,"tweenEasing":0},{"duration":7,"tweenEasing":0,"rotate":25.89},{"duration":7,"tweenEasing":0,"rotate":-3.27},{"duration":7,"tweenEasing":0,"rotate":11.87},{"duration":7,"tweenEasing":0,"rotate":-3.27},{"duration":7,"tweenEasing":0,"rotate":11.87},{"duration":7,"tweenEasing":0,"rotate":-3.27},{"duration":0}]},{"name":"bone8","rotateFrame":[{"duration":8,"tweenEasing":0},{"duration":14,"tweenEasing":0,"rotate":-6.05},{"duration":14,"rotate":-14.94},{"duration":14,"tweenEasing":0,"rotate":-14.94},{"duration":0}]},{"name":"bone15","rotateFrame":[{"duration":8,"tweenEasing":0},{"duration":7,"tweenEasing":0,"rotate":-5.41},{"duration":7,"tweenEasing":0,"rotate":-4.03},{"duration":7,"tweenEasing":0,"rotate":-5.64},{"duration":7,"tweenEasing":0,"rotate":-4.03},{"duration":7,"tweenEasing":0,"rotate":-5.64},{"duration":7,"tweenEasing":0,"rotate":-4.03},{"duration":0}]},{"name":"bone2","rotateFrame":[{"duration":8,"tweenEasing":0},{"duration":7,"tweenEasing":0,"rotate":4.24},{"duration":28,"rotate":-4.61},{"duration":7,"tweenEasing":0,"rotate":-4.61},{"duration":0}]},{"name":"bone6","rotateFrame":[{"duration":8,"tweenEasing":0},{"duration":7,"tweenEasing":0,"rotate":3.22},{"duration":28,"rotate":6.94},{"duration":7,"tweenEasing":0,"rotate":6.94},{"duration":0}]},{"name":"PET6140_shenti1","rotateFrame":[{"duration":8,"tweenEasing":0},{"duration":7,"tweenEasing":0,"rotate":-6.2},{"duration":7,"tweenEasing":0,"rotate":-10.37},{"duration":7,"tweenEasing":0,"rotate":-15.59},{"duration":7,"tweenEasing":0,"rotate":-10.37},{"duration":7,"tweenEasing":0,"rotate":-15.59},{"duration":7,"tweenEasing":0,"rotate":-10.37},{"duration":0}]},{"name":"bone7","rotateFrame":[{"duration":8,"tweenEasing":0},{"duration":7,"tweenEasing":0,"rotate":-25.89},{"duration":7,"tweenEasing":0,"rotate":6.94},{"duration":7,"tweenEasing":0,"rotate":-1.08},{"duration":7,"tweenEasing":0,"rotate":6.94},{"duration":7,"tweenEasing":0,"rotate":-1.08},{"duration":7,"tweenEasing":0,"rotate":6.94},{"duration":0}]},{"name":"bone12","rotateFrame":[{"duration":8,"tweenEasing":0},{"duration":7,"tweenEasing":0,"rotate":36.8},{"duration":6,"tweenEasing":0,"rotate":-19.69},{"duration":5,"tweenEasing":0,"rotate":17.48},{"duration":4,"tweenEasing":0,"rotate":21.48},{"duration":5,"tweenEasing":0,"rotate":-19.69},{"duration":5,"tweenEasing":0,"rotate":17.48},{"duration":4,"tweenEasing":0,"rotate":21.48},{"duration":6,"tweenEasing":0,"rotate":-19.69},{"duration":0}]},{"name":"bone9","rotateFrame":[{"duration":8,"tweenEasing":0},{"duration":13,"tweenEasing":0,"rotate":-6.05},{"duration":5,"tweenEasing":0,"rotate":-7.79},{"duration":9,"tweenEasing":0,"rotate":-17.98},{"duration":5,"tweenEasing":0,"rotate":-7.79},{"duration":10,"tweenEasing":0,"rotate":-17.98},{"duration":0}]},{"name":"PET6140_youshou1","rotateFrame":[{"duration":6,"tweenEasing":0},{"duration":9,"tweenEasing":0,"rotate":1.41},{"duration":28,"rotate":20.06},{"duration":7,"tweenEasing":0,"rotate":20.06},{"duration":0}]},{"name":"PET6140_youshou3","rotateFrame":[{"duration":6,"tweenEasing":0},{"duration":9,"tweenEasing":0,"rotate":-6.42},{"duration":7,"tweenEasing":0,"rotate":-158.28},{"duration":7,"tweenEasing":0,"rotate":-105.62},{"duration":7,"tweenEasing":0,"rotate":-158.28},{"duration":7,"tweenEasing":0,"rotate":-105.62},{"duration":7,"tweenEasing":0,"rotate":-158.28},{"duration":0}]},{"name":"bone13","rotateFrame":[{"duration":8,"tweenEasing":0},{"duration":13,"tweenEasing":0,"rotate":11.59},{"duration":19,"rotate":14.01},{"duration":10,"tweenEasing":0,"rotate":14.01},{"duration":0}]},{"name":"PET6140_shenti4","rotateFrame":[{"duration":8,"tweenEasing":0},{"duration":7,"tweenEasing":0,"rotate":3.22},{"duration":7,"tweenEasing":0,"rotate":-7.95},{"duration":7,"tweenEasing":0,"rotate":-4.45},{"duration":7,"tweenEasing":0,"rotate":-7.95},{"duration":7,"tweenEasing":0,"rotate":-4.45},{"duration":7,"tweenEasing":0,"rotate":-7.95},{"duration":0}]},{"name":"PET6140_toujiao","rotateFrame":[{"duration":8,"tweenEasing":0},{"duration":7,"tweenEasing":0,"rotate":-19.06},{"duration":7,"tweenEasing":0,"rotate":4.26},{"duration":7,"tweenEasing":0,"rotate":22.25},{"duration":7,"tweenEasing":0,"rotate":4.26},{"duration":7,"tweenEasing":0,"rotate":22.25},{"duration":7,"tweenEasing":0,"rotate":4.26},{"duration":0}]},{"name":"PET6140_shenti5","rotateFrame":[{"duration":8,"tweenEasing":0},{"duration":7,"tweenEasing":0,"rotate":-25.89},{"duration":28,"rotate":6.94},{"duration":7,"tweenEasing":0,"rotate":6.94},{"duration":0}]},{"name":"bone14","rotateFrame":[{"duration":8,"tweenEasing":0},{"duration":7,"tweenEasing":0,"rotate":-12.45},{"duration":7,"tweenEasing":0,"rotate":3.14},{"duration":7,"tweenEasing":0,"rotate":-2.07},{"duration":7,"tweenEasing":0,"rotate":3.14},{"duration":7,"tweenEasing":0,"rotate":-2.07},{"duration":7,"tweenEasing":0,"rotate":3.14},{"duration":0}]},{"name":"PET6140_tou","rotateFrame":[{"duration":8,"tweenEasing":0},{"duration":7,"tweenEasing":0,"rotate":-6.2},{"duration":7,"tweenEasing":0,"rotate":-15.82},{"duration":7,"tweenEasing":0,"rotate":-21.04},{"duration":7,"tweenEasing":0,"rotate":-15.82},{"duration":7,"tweenEasing":0,"rotate":-21.04},{"duration":7,"tweenEasing":0,"rotate":-15.82},{"duration":0}]},{"name":"PET6140_shenti2","rotateFrame":[{"duration":8,"tweenEasing":0},{"duration":7,"tweenEasing":0,"rotate":10.57},{"duration":7,"tweenEasing":0,"rotate":4.74},{"duration":7,"tweenEasing":0,"rotate":3.46},{"duration":7,"tweenEasing":0,"rotate":4.74},{"duration":7,"tweenEasing":0,"rotate":3.46},{"duration":7,"tweenEasing":0,"rotate":4.74},{"duration":0}]},{"name":"bone","translateFrame":[{"duration":8,"tweenEasing":0},{"duration":7,"tweenEasing":0,"y":10},{"duration":7,"tweenEasing":0,"x":15,"y":-10},{"duration":7,"tweenEasing":0,"x":15},{"duration":7,"tweenEasing":0,"x":15,"y":-10},{"duration":7,"tweenEasing":0,"x":15},{"duration":7,"tweenEasing":0,"x":15,"y":-10},{"duration":0}]},{"name":"PET6140_zuoshou3","rotateFrame":[{"duration":6,"tweenEasing":0},{"duration":9,"tweenEasing":0,"rotate":-5.66},{"duration":7,"tweenEasing":0,"rotate":-75.11},{"duration":7,"tweenEasing":0,"rotate":-44.62},{"duration":7,"tweenEasing":0,"rotate":-75.11},{"duration":7,"tweenEasing":0,"rotate":-44.62},{"duration":7,"tweenEasing":0,"rotate":-75.11},{"duration":0}]},{"name":"PET6140_zuoshou2","rotateFrame":[{"duration":6,"tweenEasing":0},{"duration":9,"tweenEasing":0,"rotate":-5.66},{"duration":7,"tweenEasing":0,"rotate":39.87},{"duration":7,"tweenEasing":0,"rotate":7.9},{"duration":7,"tweenEasing":0,"rotate":39.87},{"duration":7,"tweenEasing":0,"rotate":7.9},{"duration":7,"tweenEasing":0,"rotate":39.87},{"duration":0}]},{"name":"PET6140_shenti3","rotateFrame":[{"duration":8,"tweenEasing":0},{"duration":7,"tweenEasing":0,"rotate":1.14},{"duration":7,"tweenEasing":0,"rotate":-1.37},{"duration":7,"tweenEasing":0,"rotate":2.11},{"duration":7,"tweenEasing":0,"rotate":-1.37},{"duration":7,"tweenEasing":0,"rotate":2.11},{"duration":7,"tweenEasing":0,"rotate":-1.37},{"duration":0}]},{"name":"PET6140_zui","rotateFrame":[{"duration":8,"tweenEasing":0},{"duration":6,"tweenEasing":0,"rotate":24.53},{"duration":6,"tweenEasing":0,"rotate":19.77},{"duration":6,"tweenEasing":0,"rotate":-5.7},{"duration":24,"tweenEasing":0,"rotate":29.61},{"duration":0}]},{"name":"PET6140_shenti6","rotateFrame":[{"duration":8,"tweenEasing":0},{"duration":13,"tweenEasing":0,"rotate":-6.05},{"duration":5,"tweenEasing":0,"rotate":-7.79},{"duration":9,"tweenEasing":0,"rotate":-25.85},{"duration":5,"tweenEasing":0,"rotate":-7.79},{"duration":10,"tweenEasing":0,"rotate":-25.85},{"duration":0}]},{"name":"bone3","rotateFrame":[{"duration":8,"tweenEasing":0},{"duration":7,"tweenEasing":0,"rotate":4.24},{"duration":7,"tweenEasing":0,"rotate":4.74},{"duration":7,"tweenEasing":0,"rotate":3.46},{"duration":7,"tweenEasing":0,"rotate":4.74},{"duration":7,"tweenEasing":0,"rotate":3.46},{"duration":7,"tweenEasing":0,"rotate":4.74},{"duration":0}]},{"name":"bone5","rotateFrame":[{"duration":8,"tweenEasing":0},{"duration":7,"tweenEasing":0,"rotate":3.22},{"duration":28,"rotate":-7.95},{"duration":7,"tweenEasing":0,"rotate":-7.95},{"duration":0}]},{"name":"PET6140_zuoshou1","rotateFrame":[{"duration":6,"tweenEasing":0},{"duration":9,"tweenEasing":0,"rotate":-5.66},{"duration":28,"rotate":7.15},{"duration":7,"tweenEasing":0,"rotate":7.15},{"duration":0}]},{"name":"bone10","rotateFrame":[{"duration":8,"tweenEasing":0},{"duration":7,"tweenEasing":0,"rotate":-6.05},{"duration":6,"tweenEasing":0,"rotate":-19.69},{"duration":5,"tweenEasing":0,"rotate":17.48},{"duration":4,"tweenEasing":0,"rotate":-0.57},{"duration":5,"tweenEasing":0,"rotate":-19.69},{"duration":5,"tweenEasing":0,"rotate":17.48},{"duration":4,"tweenEasing":0,"rotate":-0.57},{"duration":6,"tweenEasing":0,"rotate":-19.69},{"duration":0}]},{"name":"bone4","rotateFrame":[{"duration":8,"tweenEasing":0},{"duration":7,"tweenEasing":0,"rotate":1.14},{"duration":7,"tweenEasing":0,"rotate":1.95},{"duration":7,"tweenEasing":0,"rotate":0.67},{"duration":7,"tweenEasing":0,"rotate":1.95},{"duration":7,"tweenEasing":0,"rotate":0.67},{"duration":7,"tweenEasing":0,"rotate":1.95},{"duration":0}]},{"name":"bone11","rotateFrame":[{"duration":8,"tweenEasing":0},{"duration":7,"tweenEasing":0,"rotate":5.22},{"duration":6,"tweenEasing":0,"rotate":-19.69},{"duration":5,"tweenEasing":0,"rotate":17.48},{"duration":4,"tweenEasing":0,"rotate":1.18},{"duration":5,"tweenEasing":0,"rotate":-19.69},{"duration":5,"tweenEasing":0,"rotate":17.48},{"duration":4,"tweenEasing":0,"rotate":1.18},{"duration":6,"tweenEasing":0,"rotate":-19.69},{"duration":0}]},{"name":"PET6140_youshou2","rotateFrame":[{"duration":6,"tweenEasing":0},{"duration":9,"tweenEasing":0,"rotate":-6.42},{"duration":7,"tweenEasing":0,"rotate":57.08},{"duration":7,"tweenEasing":0,"rotate":19.15},{"duration":7,"tweenEasing":0,"rotate":57.08},{"duration":7,"tweenEasing":0,"rotate":19.15},{"duration":7,"tweenEasing":0,"rotate":57.08},{"duration":0}]}]}],"defaultActions":[{"gotoAndPlay":"attack"}]}]}