{"frameRate":60,"name":"100","version":"5.5","compatibleVersion":"5.5","armature":[{"type":"Armature","frameRate":60,"name":"Armature","aabb":{"x":-298.5,"y":-167,"width":597,"height":334},"bone":[{"name":"root"},{"inheritScale":false,"name":"Layer1","parent":"root"},{"inheritScale":false,"name":"Layer4","parent":"root"},{"inheritScale":false,"name":"Layer3","parent":"root","transform":{"y":-72}}],"slot":[{"displayIndex":-1,"name":"Layer4","parent":"Layer4"},{"name":"Layer1","parent":"Layer1"},{"name":"Layer3","parent":"Layer3"}],"skin":[{"slot":[{"name":"Layer3","display":[{"name":"dazhao_tx/dimian/dimian_00000"},{"name":"dazhao_tx/dimian/dimian_00001"},{"name":"dazhao_tx/dimian/dimian_00002"},{"name":"dazhao_tx/dimian/dimian_00003"},{"name":"dazhao_tx/dimian/dimian_00004"},{"name":"dazhao_tx/dimian/dimian_00005"},{"name":"dazhao_tx/dimian/dimian_00006"},{"name":"dazhao_tx/dimian/dimian_00007"}]},{"name":"Layer4","display":[{"name":"julongbo/zise/zise_00017"}]},{"name":"Layer1","display":[{"name":"dazhao_tx/julongbao/julongbao_00015"},{"name":"dazhao_tx/julongbao/julongbao_00016"},{"name":"dazhao_tx/julongbao/julongbao_00017"},{"name":"dazhao_tx/julongbao/julongbao_00018"},{"name":"dazhao_tx/julongbao/julongbao_00019"},{"name":"dazhao_tx/julongbao/julongbao_00020"},{"name":"dazhao_tx/julongbao/julongbao_00021"},{"name":"dazhao_tx/julongbao/julongbao_00022"},{"name":"dazhao_tx/julongbao/julongbao_00023"},{"name":"dazhao_tx/julongbao/julongbao_00024"},{"name":"dazhao_tx/julongbao/julongbao_00025"},{"name":"dazhao_tx/julongbao/julongbao_00026"},{"name":"dazhao_tx/julongbao/julongbao_00027"},{"name":"dazhao_tx/julongbao/julongbao_00028"},{"name":"julongbo/hese/hese_00015"},{"name":"julongbo/hese/hese_00016"},{"name":"julongbo/hese/hese_00017"},{"name":"julongbo/hese/hese_00018"},{"name":"julongbo/hese/hese_00019"},{"name":"julongbo/hese/hese_00020"},{"name":"julongbo/hese/hese_00021"},{"name":"julongbo/hese/hese_00022"},{"name":"julongbo/hese/hese_00023"},{"name":"julongbo/hese/hese_00024"},{"name":"julongbo/hese/hese_00025"},{"name":"julongbo/hese/hese_00026"},{"name":"julongbo/hese/hese_00027"},{"name":"julongbo/hese/hese_00028"},{"name":"julongbo/lvse/lvse_00015"},{"name":"julongbo/lvse/lvse_00016"},{"name":"julongbo/lvse/lvse_00017"},{"name":"julongbo/lvse/lvse_00018"},{"name":"julongbo/lvse/lvse_00019"},{"name":"julongbo/lvse/lvse_00020"},{"name":"julongbo/lvse/lvse_00021"},{"name":"julongbo/lvse/lvse_00022"},{"name":"julongbo/lvse/lvse_00023"},{"name":"julongbo/lvse/lvse_00024"},{"name":"julongbo/lvse/lvse_00025"},{"name":"julongbo/lvse/lvse_00026"},{"name":"julongbo/lvse/lvse_00027"},{"name":"julongbo/lvse/lvse_00028"},{"name":"julongbo/red/red_00015"},{"name":"julongbo/red/red_00016"},{"name":"julongbo/red/red_00017"},{"name":"julongbo/red/red_00018"},{"name":"julongbo/red/red_00019"},{"name":"julongbo/red/red_00020"},{"name":"julongbo/red/red_00021"},{"name":"julongbo/red/red_00022"},{"name":"julongbo/red/red_00023"},{"name":"julongbo/red/red_00024"},{"name":"julongbo/red/red_00025"},{"name":"julongbo/red/red_00026"},{"name":"julongbo/red/red_00027"},{"name":"julongbo/red/red_00028"},{"name":"julongbo/yellow/yellow_00015"},{"name":"julongbo/yellow/yellow_00016"},{"name":"julongbo/yellow/yellow_00017"},{"name":"julongbo/yellow/yellow_00018"},{"name":"julongbo/yellow/yellow_00019"},{"name":"julongbo/yellow/yellow_00020"},{"name":"julongbo/yellow/yellow_00021"},{"name":"julongbo/yellow/yellow_00022"},{"name":"julongbo/yellow/yellow_00023"},{"name":"julongbo/yellow/yellow_00024"},{"name":"julongbo/yellow/yellow_00025"},{"name":"julongbo/yellow/yellow_00026"},{"name":"julongbo/yellow/yellow_00027"},{"name":"julongbo/yellow/yellow_00028"},{"name":"julongbo/zise/zise_00015"},{"name":"julongbo/zise/zise_00016"},{"name":"julongbo/zise/zise_00017"},{"name":"julongbo/zise/zise_00018"},{"name":"julongbo/zise/zise_00019"},{"name":"julongbo/zise/zise_00020"},{"name":"julongbo/zise/zise_00021"},{"name":"julongbo/zise/zise_00022"},{"name":"julongbo/zise/zise_00023"},{"name":"julongbo/zise/zise_00024"},{"name":"julongbo/zise/zise_00025"},{"name":"julongbo/zise/zise_00026"},{"name":"julongbo/zise/zise_00027"},{"name":"julongbo/zise/zise_00028"}]}]}],"animation":[{"duration":92,"playTimes":0,"name":"super","bone":[{"name":"Layer3","scaleFrame":[{"duration":92,"x":2,"y":2}]}],"slot":[{"name":"Layer3","displayFrame":[{"duration":4},{"duration":4,"value":1},{"duration":4,"value":2},{"duration":4,"value":3},{"duration":4,"value":4},{"duration":4,"value":5},{"duration":4,"value":6},{"duration":4,"value":7},{"duration":4},{"duration":4,"value":1},{"duration":4,"value":2},{"duration":4,"value":3},{"duration":4,"value":4},{"duration":4,"value":5},{"duration":4,"value":6},{"duration":4,"value":7},{"duration":4},{"duration":4,"value":1},{"duration":4,"value":2},{"duration":4,"value":3},{"duration":4,"value":4},{"duration":4,"value":5},{"duration":4,"value":6},{"duration":0,"value":7}]},{"name":"Layer1","displayFrame":[{"duration":92,"value":-1}]}]},{"duration":64,"playTimes":0,"name":"defend","slot":[{"name":"Layer1","displayFrame":[{"duration":4},{"duration":4,"value":1},{"duration":4,"value":2},{"duration":4,"value":3},{"duration":4,"value":4},{"duration":4,"value":5},{"duration":8,"value":6},{"duration":8,"value":7},{"duration":4,"value":8},{"duration":8,"value":9},{"duration":4,"value":10},{"duration":4,"value":11},{"duration":4,"value":12},{"duration":0,"value":13}]},{"name":"Layer3","displayFrame":[{"duration":64,"value":-1}]}]},{"duration":64,"playTimes":0,"name":"attack","slot":[{"name":"Layer1","displayFrame":[{"duration":4,"value":14},{"duration":4,"value":15},{"duration":4,"value":16},{"duration":4,"value":17},{"duration":4,"value":18},{"duration":4,"value":19},{"duration":8,"value":20},{"duration":8,"value":21},{"duration":4,"value":22},{"duration":8,"value":23},{"duration":4,"value":24},{"duration":4,"value":25},{"duration":4,"value":26},{"duration":0,"value":27}]},{"name":"Layer3","displayFrame":[{"duration":64,"value":-1}]}]},{"duration":64,"playTimes":0,"name":"hp","slot":[{"name":"Layer1","displayFrame":[{"duration":4,"value":28},{"duration":4,"value":29},{"duration":4,"value":30},{"duration":4,"value":31},{"duration":4,"value":32},{"duration":4,"value":33},{"duration":8,"value":34},{"duration":8,"value":35},{"duration":4,"value":36},{"duration":8,"value":37},{"duration":4,"value":38},{"duration":4,"value":39},{"duration":4,"value":40},{"duration":0,"value":41}]},{"name":"Layer3","displayFrame":[{"duration":64,"value":-1}]}]},{"duration":64,"playTimes":0,"name":"crit_rate","slot":[{"name":"Layer1","displayFrame":[{"duration":4,"value":42},{"duration":4,"value":43},{"duration":4,"value":44},{"duration":4,"value":45},{"duration":4,"value":46},{"duration":4,"value":47},{"duration":8,"value":48},{"duration":8,"value":49},{"duration":4,"value":50},{"duration":8,"value":51},{"duration":4,"value":52},{"duration":4,"value":53},{"duration":4,"value":54},{"duration":0,"value":55}]},{"name":"Layer3","displayFrame":[{"duration":64,"value":-1}]}]},{"duration":64,"playTimes":0,"name":"crit_hurt","slot":[{"name":"Layer1","displayFrame":[{"duration":4,"value":56},{"duration":4,"value":57},{"duration":4,"value":58},{"duration":4,"value":59},{"duration":4,"value":60},{"duration":4,"value":61},{"duration":8,"value":62},{"duration":8,"value":63},{"duration":4,"value":64},{"duration":8,"value":65},{"duration":4,"value":66},{"duration":4,"value":67},{"duration":4,"value":68},{"duration":0,"value":69}]},{"name":"Layer3","displayFrame":[{"duration":64,"value":-1}]}]},{"duration":64,"playTimes":0,"name":"speed","slot":[{"name":"Layer1","displayFrame":[{"duration":4,"value":70},{"duration":4,"value":71},{"duration":4,"value":72},{"duration":4,"value":73},{"duration":4,"value":74},{"duration":4,"value":75},{"duration":8,"value":76},{"duration":8,"value":77},{"duration":4,"value":78},{"duration":8,"value":79},{"duration":4,"value":80},{"duration":4,"value":81},{"duration":4,"value":82},{"duration":0,"value":83}]},{"name":"Layer3","displayFrame":[{"duration":64,"value":-1}]}]}],"defaultActions":[{"gotoAndPlay":"super"}]}]}