{"SubTexture":[{"frameX":0,"y":323,"frameY":-7,"frameWidth":597,"width":591,"frameHeight":334,"height":320,"name":"julongbo/zise/zise_00017","x":2966},{"frameX":0,"y":1,"frameY":-7,"frameWidth":597,"width":596,"frameHeight":334,"height":320,"name":"julongbo/hese/hese_00015","x":1},{"frameX":-53,"y":967,"frameY":-7,"frameWidth":597,"width":537,"frameHeight":334,"height":320,"name":"julongbo/zise/zise_00018","x":2359},{"frameX":0,"y":645,"frameY":-7,"frameWidth":597,"width":591,"frameHeight":334,"height":320,"name":"julongbo/zise/zise_00016","x":1187},{"frameX":-53,"y":967,"frameY":-7,"frameWidth":597,"width":537,"frameHeight":334,"height":320,"name":"julongbo/hese/hese_00018","x":2898},{"frameX":-166,"y":1545,"frameY":-42,"frameWidth":597,"width":255,"frameHeight":334,"height":251,"name":"dazhao_tx/julongbao/julongbao_00028","x":3202},{"frameX":0,"y":1,"frameY":-7,"frameWidth":597,"width":596,"frameHeight":334,"height":320,"name":"julongbo/zise/zise_00015","x":1197},{"frameX":-220,"y":1651,"frameY":-94,"frameWidth":597,"width":147,"frameHeight":334,"height":147,"name":"julongbo/red/red_00021","x":3673},{"frameX":-187,"y":1927,"frameY":-62,"frameWidth":597,"width":213,"frameHeight":334,"height":211,"name":"julongbo/red/red_00020","x":1766},{"frameX":0,"y":323,"frameY":-7,"frameWidth":597,"width":591,"frameHeight":334,"height":320,"name":"julongbo/lvse/lvse_00017","x":1780},{"frameX":-165,"y":1583,"frameY":-39,"frameWidth":597,"width":256,"frameHeight":334,"height":254,"name":"julongbo/yellow/yellow_00028","x":2686},{"frameX":-138,"y":1289,"frameY":-20,"frameWidth":597,"width":311,"frameHeight":334,"height":292,"name":"dazhao_tx/julongbao/julongbao_00027","x":2375},{"frameX":-43,"y":967,"frameY":-7,"frameWidth":597,"width":503,"frameHeight":334,"height":320,"name":"julongbo/red/red_00019","x":1011},{"frameX":-119,"y":2231,"frameY":-19,"frameWidth":597,"width":351,"frameHeight":334,"height":294,"name":"dazhao_tx/julongbao/julongbao_00026","x":707},{"frameX":-119,"y":1933,"frameY":-15,"frameWidth":597,"width":351,"frameHeight":334,"height":296,"name":"julongbo/yellow/yellow_00026","x":707},{"frameX":0,"y":323,"frameY":-7,"frameWidth":597,"width":591,"frameHeight":334,"height":320,"name":"julongbo/lvse/lvse_00016","x":2373},{"frameX":-119,"y":1933,"frameY":-12,"frameWidth":597,"width":351,"frameHeight":334,"height":310,"name":"dazhao_tx/julongbao/julongbao_00025","x":1},{"frameX":-119,"y":1289,"frameY":-7,"frameWidth":597,"width":351,"frameHeight":334,"height":320,"name":"julongbo/yellow/yellow_00025","x":1060},{"frameX":0,"y":1,"frameY":-7,"frameWidth":597,"width":596,"frameHeight":334,"height":320,"name":"julongbo/lvse/lvse_00015","x":2393},{"frameX":-119,"y":1289,"frameY":-11,"frameWidth":597,"width":352,"frameHeight":334,"height":314,"name":"dazhao_tx/julongbao/julongbao_00024","x":2021},{"frameX":-119,"y":1611,"frameY":-7,"frameWidth":597,"width":351,"frameHeight":334,"height":320,"name":"julongbo/yellow/yellow_00024","x":1060},{"frameX":-223,"y":1864,"frameY":-101,"frameWidth":597,"width":140,"frameHeight":334,"height":140,"name":"dazhao_tx/julongbao/julongbao_00023","x":3351},{"frameX":-53,"y":967,"frameY":-7,"frameWidth":597,"width":537,"frameHeight":334,"height":320,"name":"julongbo/red/red_00018","x":3437},{"frameX":-165,"y":1289,"frameY":-39,"frameWidth":597,"width":256,"frameHeight":334,"height":254,"name":"julongbo/hese/hese_00028","x":2688},{"frameX":-222,"y":2079,"frameY":-107,"frameWidth":597,"width":141,"frameHeight":334,"height":127,"name":"dazhao_tx/julongbao/julongbao_00022","x":2829},{"frameX":0,"y":323,"frameY":-7,"frameWidth":597,"width":591,"frameHeight":334,"height":320,"name":"julongbo/red/red_00017","x":594},{"frameX":-137,"y":1605,"frameY":-12,"frameWidth":597,"width":312,"frameHeight":334,"height":301,"name":"julongbo/hese/hese_00027","x":2372},{"frameX":-220,"y":1502,"frameY":-96,"frameWidth":597,"width":147,"frameHeight":334,"height":147,"name":"dazhao_tx/julongbao/julongbao_00021","x":3822},{"frameX":0,"y":323,"frameY":-7,"frameWidth":597,"width":591,"frameHeight":334,"height":320,"name":"julongbo/red/red_00016","x":1187},{"frameX":-119,"y":2245,"frameY":-15,"frameWidth":597,"width":351,"frameHeight":334,"height":296,"name":"julongbo/hese/hese_00026","x":1},{"frameX":-222,"y":1793,"frameY":-99,"frameWidth":597,"width":141,"frameHeight":334,"height":140,"name":"julongbo/yellow/yellow_00023","x":3822},{"frameX":0,"y":1,"frameY":-7,"frameWidth":597,"width":596,"frameHeight":334,"height":320,"name":"julongbo/red/red_00015","x":1795},{"frameX":-165,"y":967,"frameY":-39,"frameWidth":597,"width":256,"frameHeight":334,"height":254,"name":"julongbo/lvse/lvse_00028","x":1516},{"frameX":-221,"y":2006,"frameY":-105,"frameWidth":597,"width":141,"frameHeight":334,"height":127,"name":"julongbo/yellow/yellow_00022","x":3351},{"frameX":-187,"y":1289,"frameY":-62,"frameWidth":597,"width":213,"frameHeight":334,"height":211,"name":"julongbo/yellow/yellow_00020","x":3204},{"frameX":-119,"y":1289,"frameY":-7,"frameWidth":597,"width":351,"frameHeight":334,"height":320,"name":"julongbo/hese/hese_00025","x":707},{"frameX":-188,"y":1502,"frameY":-64,"frameWidth":597,"width":212,"frameHeight":334,"height":211,"name":"dazhao_tx/julongbao/julongbao_00020","x":3459},{"frameX":-43,"y":967,"frameY":-7,"frameWidth":597,"width":503,"frameHeight":334,"height":320,"name":"julongbo/yellow/yellow_00019","x":1},{"frameX":-137,"y":2231,"frameY":-12,"frameWidth":597,"width":312,"frameHeight":334,"height":301,"name":"julongbo/yellow/yellow_00027","x":1060},{"frameX":-53,"y":645,"frameY":-7,"frameWidth":597,"width":537,"frameHeight":334,"height":320,"name":"julongbo/yellow/yellow_00018","x":3497},{"frameX":-119,"y":1611,"frameY":-7,"frameWidth":597,"width":351,"frameHeight":334,"height":320,"name":"julongbo/hese/hese_00024","x":1},{"frameX":-45,"y":1609,"frameY":-9,"frameWidth":597,"width":501,"frameHeight":334,"height":316,"name":"dazhao_tx/julongbao/julongbao_00019","x":1516},{"frameX":0,"y":645,"frameY":-7,"frameWidth":597,"width":591,"frameHeight":334,"height":320,"name":"julongbo/yellow/yellow_00017","x":594},{"frameX":-220,"y":1800,"frameY":-94,"frameWidth":597,"width":147,"frameHeight":334,"height":147,"name":"julongbo/yellow/yellow_00021","x":3202},{"frameX":-137,"y":2527,"frameY":-12,"frameWidth":597,"width":312,"frameHeight":334,"height":301,"name":"julongbo/lvse/lvse_00027","x":707},{"frameX":-222,"y":1651,"frameY":-99,"frameWidth":597,"width":141,"frameHeight":334,"height":140,"name":"julongbo/hese/hese_00023","x":3822},{"frameX":-67,"y":323,"frameY":-9,"frameWidth":597,"width":520,"frameHeight":334,"height":319,"name":"dazhao_tx/julongbao/julongbao_00018","x":3559},{"frameX":-221,"y":2208,"frameY":-105,"frameWidth":597,"width":141,"frameHeight":334,"height":127,"name":"julongbo/zise/zise_00022","x":2829},{"frameX":-11,"y":965,"frameY":-9,"frameWidth":597,"width":577,"frameHeight":334,"height":320,"name":"dazhao_tx/julongbao/julongbao_00017","x":1780},{"frameX":-119,"y":2231,"frameY":-15,"frameWidth":597,"width":351,"frameHeight":334,"height":296,"name":"julongbo/lvse/lvse_00026","x":354},{"frameX":-119,"y":1933,"frameY":-15,"frameWidth":597,"width":351,"frameHeight":334,"height":296,"name":"julongbo/zise/zise_00026","x":1060},{"frameX":-137,"y":2543,"frameY":-12,"frameWidth":597,"width":312,"frameHeight":334,"height":301,"name":"julongbo/zise/zise_00027","x":1},{"frameX":-221,"y":1950,"frameY":-105,"frameWidth":597,"width":141,"frameHeight":334,"height":127,"name":"julongbo/hese/hese_00022","x":2829},{"frameX":-8,"y":645,"frameY":-9,"frameWidth":597,"width":581,"frameHeight":334,"height":320,"name":"dazhao_tx/julongbao/julongbao_00016","x":2375},{"frameX":0,"y":1,"frameY":-7,"frameWidth":597,"width":596,"frameHeight":334,"height":320,"name":"julongbo/yellow/yellow_00015","x":599},{"frameX":0,"y":645,"frameY":-7,"frameWidth":597,"width":591,"frameHeight":334,"height":320,"name":"julongbo/yellow/yellow_00016","x":1},{"frameX":-119,"y":1289,"frameY":-7,"frameWidth":597,"width":351,"frameHeight":334,"height":320,"name":"julongbo/lvse/lvse_00025","x":354},{"frameX":-119,"y":1289,"frameY":-7,"frameWidth":597,"width":351,"frameHeight":334,"height":320,"name":"julongbo/lvse/lvse_00024","x":1},{"frameX":-220,"y":1801,"frameY":-94,"frameWidth":597,"width":147,"frameHeight":334,"height":147,"name":"julongbo/hese/hese_00021","x":2944},{"frameX":0,"y":645,"frameY":-9,"frameWidth":597,"width":593,"frameHeight":334,"height":318,"name":"dazhao_tx/julongbao/julongbao_00015","x":1780},{"frameX":-165,"y":1545,"frameY":-39,"frameWidth":597,"width":256,"frameHeight":334,"height":254,"name":"julongbo/red/red_00028","x":2944},{"frameX":-222,"y":1800,"frameY":-99,"frameWidth":597,"width":141,"frameHeight":334,"height":140,"name":"julongbo/lvse/lvse_00023","x":3608},{"frameX":-187,"y":1289,"frameY":-62,"frameWidth":597,"width":213,"frameHeight":334,"height":211,"name":"julongbo/hese/hese_00020","x":3419},{"frameX":-137,"y":2534,"frameY":-12,"frameWidth":597,"width":312,"frameHeight":334,"height":301,"name":"julongbo/red/red_00027","x":354},{"frameX":-222,"y":1839,"frameY":-99,"frameWidth":597,"width":141,"frameHeight":334,"height":140,"name":"julongbo/zise/zise_00023","x":2686},{"frameX":-43,"y":1287,"frameY":-7,"frameWidth":597,"width":503,"frameHeight":334,"height":320,"name":"julongbo/hese/hese_00019","x":1516},{"frameX":-119,"y":1933,"frameY":-15,"frameWidth":597,"width":351,"frameHeight":334,"height":296,"name":"julongbo/red/red_00026","x":354},{"frameX":-119,"y":1611,"frameY":-7,"frameWidth":597,"width":351,"frameHeight":334,"height":320,"name":"julongbo/zise/zise_00025","x":707},{"frameX":-221,"y":1949,"frameY":-105,"frameWidth":597,"width":141,"frameHeight":334,"height":127,"name":"julongbo/lvse/lvse_00022","x":3093},{"frameX":-165,"y":1289,"frameY":-39,"frameWidth":597,"width":256,"frameHeight":334,"height":254,"name":"julongbo/zise/zise_00028","x":2946},{"frameX":-119,"y":1609,"frameY":-7,"frameWidth":597,"width":351,"frameHeight":334,"height":320,"name":"julongbo/zise/zise_00024","x":2019},{"frameX":-220,"y":1715,"frameY":-94,"frameWidth":597,"width":147,"frameHeight":334,"height":147,"name":"julongbo/lvse/lvse_00021","x":3459},{"frameX":-119,"y":1611,"frameY":-7,"frameWidth":597,"width":351,"frameHeight":334,"height":320,"name":"julongbo/red/red_00025","x":354},{"frameX":-119,"y":1927,"frameY":-7,"frameWidth":597,"width":351,"frameHeight":334,"height":320,"name":"julongbo/red/red_00024","x":1413},{"frameX":-187,"y":1289,"frameY":-62,"frameWidth":597,"width":213,"frameHeight":334,"height":211,"name":"julongbo/zise/zise_00020","x":3849},{"frameX":-222,"y":1942,"frameY":-99,"frameWidth":597,"width":141,"frameHeight":334,"height":140,"name":"julongbo/red/red_00023","x":3608},{"frameX":0,"y":1,"frameY":-7,"frameWidth":597,"width":591,"frameHeight":334,"height":320,"name":"julongbo/hese/hese_00017","x":2991},{"frameX":-43,"y":967,"frameY":-7,"frameWidth":597,"width":503,"frameHeight":334,"height":320,"name":"julongbo/zise/zise_00019","x":506},{"frameX":-43,"y":1,"frameY":-7,"frameWidth":597,"width":503,"frameHeight":334,"height":320,"name":"julongbo/lvse/lvse_00019","x":3584},{"frameX":-220,"y":1502,"frameY":-94,"frameWidth":597,"width":147,"frameHeight":334,"height":147,"name":"julongbo/zise/zise_00021","x":3673},{"frameX":-221,"y":2078,"frameY":-105,"frameWidth":597,"width":141,"frameHeight":334,"height":127,"name":"julongbo/red/red_00022","x":3093},{"frameX":-187,"y":1289,"frameY":-62,"frameWidth":597,"width":213,"frameHeight":334,"height":211,"name":"julongbo/lvse/lvse_00020","x":3634},{"frameX":-53,"y":645,"frameY":-7,"frameWidth":597,"width":537,"frameHeight":334,"height":320,"name":"julongbo/lvse/lvse_00018","x":2958},{"frameX":0,"y":323,"frameY":-7,"frameWidth":597,"width":591,"frameHeight":334,"height":320,"name":"julongbo/hese/hese_00016","x":1},{"frameX":-18,"y":967,"frameY":-17,"frameWidth":148,"width":115,"frameHeight":110,"height":89,"name":"dazhao_tx/dimian/dimian_00003","x":3976},{"frameX":-17,"y":1216,"frameY":-38,"frameWidth":148,"width":115,"frameHeight":110,"height":67,"name":"dazhao_tx/dimian/dimian_00002","x":3976},{"frameX":-26,"y":1864,"frameY":-6,"frameWidth":148,"width":103,"frameHeight":110,"height":99,"name":"dazhao_tx/dimian/dimian_00006","x":3493},{"frameX":-22,"y":1801,"frameY":-6,"frameWidth":148,"width":106,"frameHeight":110,"height":97,"name":"dazhao_tx/dimian/dimian_00005","x":3093},{"frameX":-17,"y":1223,"frameY":-34,"frameWidth":148,"width":109,"frameHeight":110,"height":61,"name":"dazhao_tx/dimian/dimian_00007","x":1516},{"frameX":-17,"y":1058,"frameY":-34,"frameWidth":148,"width":112,"frameHeight":110,"height":74,"name":"dazhao_tx/dimian/dimian_00001","x":3976},{"frameX":-20,"y":1839,"frameY":-5,"frameWidth":148,"width":112,"frameHeight":110,"height":97,"name":"dazhao_tx/dimian/dimian_00004","x":2829},{"frameX":-29,"y":1134,"frameY":-27,"frameWidth":148,"width":98,"frameHeight":110,"height":80,"name":"dazhao_tx/dimian/dimian_00000","x":3976}],"width":4096,"imagePath":"100_tex.png","height":4096,"name":"100"}