{"frameRate":60,"name":"A6131","version":"5.5","compatibleVersion":"5.5","armature":[{"type":"Armature","frameRate":60,"name":"Armature","aabb":{"x":-215.56,"y":-248.18,"width":427.27,"height":362.79},"bone":[{"name":"root","transform":{"x":-300,"y":-100}},{"inheritScale":false,"name":"Layer3","parent":"root","transform":{"x":312.7149,"y":34.9457}},{"inheritScale":false,"name":"Layer2","parent":"root","transform":{"x":192.9412,"y":-70.0784}},{"inheritScale":false,"name":"Layer1","parent":"root","transform":{"x":270.647,"y":136}},{"inheritScale":false,"name":"Layer4","parent":"root","transform":{"x":403.2127,"y":136.6064}},{"inheritScale":false,"name":"Layer6","parent":"root","transform":{"x":323.9367,"y":-70.181}}],"slot":[{"name":"Layer1","parent":"Layer1"},{"name":"Layer2","parent":"Layer2"},{"name":"Layer3","parent":"Layer3"},{"name":"Layer4","parent":"Layer4"},{"name":"Layer6","parent":"Layer6"}],"skin":[{"slot":[{"name":"Layer2","display":[{"name":"PET6021_01/PET6021_01_part02/PET6021_01_part02_00009"},{"name":"PET6021_01/PET6021_01_part02/PET6021_01_part02_00010"},{"name":"PET6021_01/PET6021_01_part02/PET6021_01_part02_00011"},{"name":"PET6021_01/PET6021_01_part02/PET6021_01_part02_00012"},{"name":"PET6021_01/PET6021_01_part02/PET6021_01_part02_00013"},{"name":"PET6021_01/PET6021_01_part02/PET6021_01_part02_00014"},{"name":"PET6021_01/PET6021_01_part02/PET6021_01_part02_00015"},{"name":"PET6021_01/PET6021_01_part02/PET6021_01_part02_00016"},{"name":"PET6021_01/PET6021_01_part02/PET6021_01_part02_00017"},{"name":"PET6021_01/PET6021_01_part02/PET6021_01_part02_00018"}]},{"name":"Layer6","display":[{"name":"PET6021_01/PET6021_01_part02/PET6021_01_part02_00009"},{"name":"PET6021_01/PET6021_01_part02/PET6021_01_part02_00010"},{"name":"PET6021_01/PET6021_01_part02/PET6021_01_part02_00011"},{"name":"PET6021_01/PET6021_01_part02/PET6021_01_part02_00012"},{"name":"PET6021_01/PET6021_01_part02/PET6021_01_part02_00013"},{"name":"PET6021_01/PET6021_01_part02/PET6021_01_part02_00014"},{"name":"PET6021_01/PET6021_01_part02/PET6021_01_part02_00015"},{"name":"PET6021_01/PET6021_01_part02/PET6021_01_part02_00016"},{"name":"PET6021_01/PET6021_01_part02/PET6021_01_part02_00017"},{"name":"PET6021_01/PET6021_01_part02/PET6021_01_part02_00018"}]},{"name":"Layer4","display":[{"name":"PET6021_01/PET6021_01_part02/PET6021_01_part02_00018"},{"name":"PET6021_01/PET6021_01_part02/PET6021_01_part02_00009"},{"name":"PET6021_01/PET6021_01_part02/PET6021_01_part02_00010"},{"name":"PET6021_01/PET6021_01_part02/PET6021_01_part02_00011"},{"name":"PET6021_01/PET6021_01_part02/PET6021_01_part02_00012"},{"name":"PET6021_01/PET6021_01_part02/PET6021_01_part02_00013"},{"name":"PET6021_01/PET6021_01_part02/PET6021_01_part02_00014"},{"name":"PET6021_01/PET6021_01_part02/PET6021_01_part02_00015"},{"name":"PET6021_01/PET6021_01_part02/PET6021_01_part02_00016"},{"name":"PET6021_01/PET6021_01_part02/PET6021_01_part02_00017"}]},{"name":"Layer1","display":[{"name":"PET6021_01/PET6021_01_part02/PET6021_01_part02_00009"},{"name":"PET6021_01/PET6021_01_part02/PET6021_01_part02_00010"},{"name":"PET6021_01/PET6021_01_part02/PET6021_01_part02_00011"},{"name":"PET6021_01/PET6021_01_part02/PET6021_01_part02_00012"},{"name":"PET6021_01/PET6021_01_part02/PET6021_01_part02_00013"},{"name":"PET6021_01/PET6021_01_part02/PET6021_01_part02_00014"},{"name":"PET6021_01/PET6021_01_part02/PET6021_01_part02_00015"},{"name":"PET6021_01/PET6021_01_part02/PET6021_01_part02_00016"},{"name":"PET6021_01/PET6021_01_part02/PET6021_01_part02_00017"},{"name":"PET6021_01/PET6021_01_part02/PET6021_01_part02_00018"}]},{"name":"Layer3","display":[{"name":"PET6021_01/PET6021_01_part02/PET6021_01_part02_00010"},{"name":"PET6021_01/PET6021_01_part02/PET6021_01_part02_00009"},{"name":"PET6021_01/PET6021_01_part02/PET6021_01_part02_00011"},{"name":"PET6021_01/PET6021_01_part02/PET6021_01_part02_00012"},{"name":"PET6021_01/PET6021_01_part02/PET6021_01_part02_00013"},{"name":"PET6021_01/PET6021_01_part02/PET6021_01_part02_00014"},{"name":"PET6021_01/PET6021_01_part02/PET6021_01_part02_00015"},{"name":"PET6021_01/PET6021_01_part02/PET6021_01_part02_00016"},{"name":"PET6021_01/PET6021_01_part02/PET6021_01_part02_00017"},{"name":"PET6021_01/PET6021_01_part02/PET6021_01_part02_00018"}]}]}],"animation":[{"duration":48,"playTimes":0,"name":"hit","frame":[{"duration":15},{"duration":0,"events":[{"name":"0"}]}],"bone":[{"name":"Layer6","scaleFrame":[{"duration":48,"x":1.3,"y":1.3}]},{"name":"Layer4","scaleFrame":[{"duration":48,"x":1.3,"y":1.3}]},{"name":"Layer3","scaleFrame":[{"duration":48,"x":1.3,"y":1.3}]},{"name":"Layer2","scaleFrame":[{"duration":48,"x":1.3,"y":1.3}]},{"name":"Layer1","scaleFrame":[{"duration":48,"x":1.3,"y":1.3}]}],"slot":[{"name":"Layer6","displayFrame":[{"duration":16},{"duration":4,"value":1},{"duration":4,"value":2},{"duration":4,"value":3},{"duration":4,"value":4},{"duration":4,"value":5},{"duration":4,"value":6},{"duration":4,"value":7},{"duration":4,"value":8},{"duration":0,"value":9}],"colorFrame":[{"duration":10,"tweenEasing":0,"value":{"aM":0}},{"duration":2,"tweenEasing":0,"value":{"aM":0}},{"duration":36}]},{"name":"Layer4","displayFrame":[{"duration":16,"value":1},{"duration":4,"value":2},{"duration":4,"value":3},{"duration":4,"value":4},{"duration":4,"value":5},{"duration":4,"value":6},{"duration":4,"value":7},{"duration":4,"value":8},{"duration":4,"value":9},{"duration":0}],"colorFrame":[{"duration":10,"tweenEasing":0,"value":{"aM":0}},{"duration":2,"tweenEasing":0,"value":{"aM":0}},{"duration":36}]},{"name":"Layer3","displayFrame":[{"duration":8,"value":1},{"duration":4},{"duration":4,"value":2},{"duration":4,"value":3},{"duration":4,"value":4},{"duration":4,"value":5},{"duration":4,"value":6},{"duration":4,"value":7},{"duration":4,"value":8},{"duration":8,"value":9}],"colorFrame":[{"duration":2,"tweenEasing":0,"value":{"aM":0}},{"duration":2,"tweenEasing":0,"value":{"aM":0}},{"duration":44}]},{"name":"Layer2","displayFrame":[{"duration":4},{"duration":4,"value":1},{"duration":4,"value":2},{"duration":4,"value":3},{"duration":4,"value":4},{"duration":4,"value":5},{"duration":4,"value":6},{"duration":4,"value":7},{"duration":4,"value":8},{"duration":12,"value":9}]},{"name":"Layer1","displayFrame":[{"duration":4},{"duration":4,"value":1},{"duration":4,"value":2},{"duration":4,"value":3},{"duration":4,"value":4},{"duration":4,"value":5},{"duration":4,"value":6},{"duration":4,"value":7},{"duration":4,"value":8},{"duration":12,"value":9}]}]}],"defaultActions":[{"gotoAndPlay":"hit"}]}]}