{"width":512,"imagePath":"A6131_tex.png","name":"A6131","SubTexture":[{"frameY":-13,"y":146,"frameWidth":217,"frameHeight":156,"width":196,"height":132,"name":"PET6021_01/PET6021_01_part02/PET6021_01_part02_00015","frameX":-11,"x":1},{"frameY":-8,"y":1,"frameWidth":217,"frameHeight":156,"width":203,"height":139,"name":"PET6021_01/PET6021_01_part02/PET6021_01_part02_00014","frameX":0,"x":206},{"frameY":0,"y":142,"frameWidth":217,"frameHeight":156,"width":185,"height":145,"name":"PET6021_01/PET6021_01_part02/PET6021_01_part02_00012","frameX":-10,"x":206},{"frameY":-105,"y":419,"frameWidth":217,"frameHeight":156,"width":160,"height":36,"name":"PET6021_01/PET6021_01_part02/PET6021_01_part02_00009","frameX":-15,"x":324},{"frameY":-64,"y":547,"frameWidth":217,"frameHeight":156,"width":128,"height":78,"name":"PET6021_01/PET6021_01_part02/PET6021_01_part02_00010","frameX":-28,"x":1},{"frameY":-20,"y":419,"frameWidth":217,"frameHeight":156,"width":165,"height":126,"name":"PET6021_01/PET6021_01_part02/PET6021_01_part02_00018","frameX":-51,"x":1},{"frameY":-13,"y":419,"frameWidth":217,"frameHeight":156,"width":154,"height":130,"name":"PET6021_01/PET6021_01_part02/PET6021_01_part02_00011","frameX":-21,"x":168},{"frameY":-20,"y":289,"frameWidth":217,"frameHeight":156,"width":208,"height":128,"name":"PET6021_01/PET6021_01_part02/PET6021_01_part02_00017","frameX":-8,"x":1},{"frameY":-4,"y":1,"frameWidth":217,"frameHeight":156,"width":203,"height":143,"name":"PET6021_01/PET6021_01_part02/PET6021_01_part02_00013","frameX":-1,"x":1},{"frameY":-19,"y":289,"frameWidth":217,"frameHeight":156,"width":204,"height":128,"name":"PET6021_01/PET6021_01_part02/PET6021_01_part02_00016","frameX":-7,"x":211}],"height":1024}