{"width":1024,"imagePath":"S6006_tex.png","height":1024,"name":"S6006","SubTexture":[{"y":500,"frameX":0,"frameHeight":135,"frameY":-19,"width":90,"frameWidth":100,"height":116,"name":"6001修改01/PET6006_02_part04/PET6006_02_part04_00028","x":284},{"y":775,"frameX":-7,"frameHeight":93,"frameY":-7,"width":87,"frameWidth":99,"height":85,"name":"PET6006_02/PET6006_02_part01/PET6006_02_part01_00009","x":657},{"y":747,"frameX":0,"frameHeight":135,"frameY":-15,"width":90,"frameWidth":100,"height":120,"name":"6001修改01/PET6006_02_part04/PET6006_02_part04_00036","x":190},{"y":903,"frameX":-7,"frameHeight":93,"frameY":-1,"width":87,"frameWidth":99,"height":91,"name":"PET6006_02/PET6006_02_part01/PET6006_02_part01_00006","x":568},{"y":382,"frameX":0,"frameHeight":135,"frameY":-11,"width":90,"frameWidth":100,"height":124,"name":"6001修改01/PET6006_02_part04/PET6006_02_part04_00034","x":192},{"y":814,"frameX":-5,"frameHeight":143,"frameY":-44,"width":95,"frameWidth":100,"height":87,"name":"6001修改01/PET6006_02_part03/PET6006_02_part03_00027","x":379},{"y":1,"frameX":-2,"frameHeight":143,"frameY":-6,"width":98,"frameWidth":100,"height":125,"name":"6001修改01/PET6006_02_part03/PET6006_02_part03_00031","x":1},{"y":595,"frameX":-4,"frameHeight":143,"frameY":-41,"width":96,"frameWidth":100,"height":90,"name":"6001修改01/PET6006_02_part03/PET6006_02_part03_00039","x":382},{"y":635,"frameX":-4,"frameHeight":143,"frameY":-7,"width":96,"frameWidth":100,"height":124,"name":"6001修改01/PET6006_02_part03/PET6006_02_part03_00034","x":1},{"y":252,"frameX":-7,"frameHeight":93,"frameY":-11,"width":87,"frameWidth":99,"height":81,"name":"PET6006_02/PET6006_02_part01/PET6006_02_part01_00014","x":101},{"y":716,"frameX":0,"frameHeight":135,"frameY":-39,"width":90,"frameWidth":100,"height":96,"name":"6001修改01/PET6006_02_part04/PET6006_02_part04_00038","x":374},{"y":252,"frameX":-7,"frameHeight":93,"frameY":-13,"width":87,"frameWidth":99,"height":79,"name":"PET6006_02/PET6006_02_part01/PET6006_02_part01_00013","x":279},{"y":85,"frameX":-7,"frameHeight":93,"frameY":-10,"width":86,"frameWidth":99,"height":82,"name":"PET6006_02/PET6006_02_part01/PET6006_02_part01_00004","x":923},{"y":903,"frameX":-5,"frameHeight":143,"frameY":-47,"width":95,"frameWidth":100,"height":84,"name":"6001修改01/PET6006_02_part03/PET6006_02_part03_00026","x":471},{"y":407,"frameX":-7,"frameHeight":93,"frameY":-35,"width":87,"frameWidth":99,"height":57,"name":"PET6006_02/PET6006_02_part01/PET6006_02_part01_00001","x":457},{"y":255,"frameX":-2,"frameHeight":143,"frameY":-6,"width":98,"frameWidth":100,"height":125,"name":"6001修改01/PET6006_02_part03/PET6006_02_part03_00030","x":1},{"y":509,"frameX":-4,"frameHeight":143,"frameY":-7,"width":96,"frameWidth":100,"height":124,"name":"6001修改01/PET6006_02_part03/PET6006_02_part03_00035","x":1},{"y":618,"frameX":-4,"frameHeight":143,"frameY":-35,"width":96,"frameWidth":100,"height":96,"name":"6001修改01/PET6006_02_part03/PET6006_02_part03_00038","x":284},{"y":1,"frameX":-7,"frameHeight":93,"frameY":-6,"width":86,"frameWidth":99,"height":85,"name":"PET6006_02/PET6006_02_part01/PET6006_02_part01_00016","x":835},{"y":382,"frameX":0,"frameHeight":135,"frameY":-11,"width":90,"frameWidth":100,"height":124,"name":"6001修改01/PET6006_02_part04/PET6006_02_part04_00035","x":100},{"y":903,"frameX":0,"frameHeight":135,"frameY":-48,"width":90,"frameWidth":100,"height":87,"name":"6001修改01/PET6006_02_part04/PET6006_02_part04_00027","x":657},{"y":903,"frameX":-7,"frameHeight":93,"frameY":-5,"width":87,"frameWidth":99,"height":87,"name":"PET6006_02/PET6006_02_part01/PET6006_02_part01_00005","x":930},{"y":867,"frameX":0,"frameHeight":135,"frameY":-19,"width":90,"frameWidth":100,"height":116,"name":"6001修改01/PET6006_02_part04/PET6006_02_part04_00029","x":287},{"y":509,"frameX":-4,"frameHeight":143,"frameY":-13,"width":96,"frameWidth":100,"height":118,"name":"6001修改01/PET6006_02_part03/PET6006_02_part03_00037","x":99},{"width":99,"y":500,"height":93,"name":"PET6006_02/PET6006_02_part01/PET6006_02_part01_00017","x":376},{"y":903,"frameX":-7,"frameHeight":93,"frameY":-5,"width":87,"frameWidth":99,"height":87,"name":"PET6006_02/PET6006_02_part01/PET6006_02_part01_00007","x":841},{"y":775,"frameX":-6,"frameHeight":93,"frameY":-6,"width":87,"frameWidth":99,"height":86,"name":"PET6006_02/PET6006_02_part01/PET6006_02_part01_00008","x":568},{"y":903,"frameX":0,"frameHeight":135,"frameY":-45,"width":90,"frameWidth":100,"height":90,"name":"6001修改01/PET6006_02_part04/PET6006_02_part04_00039","x":379},{"y":382,"frameX":-4,"frameHeight":143,"frameY":-15,"width":96,"frameWidth":100,"height":116,"name":"6001修改01/PET6006_02_part03/PET6006_02_part03_00029","x":284},{"y":903,"frameX":0,"frameHeight":135,"frameY":-48,"width":90,"frameWidth":100,"height":85,"name":"6001修改01/PET6006_02_part04/PET6006_02_part04_00040","x":749},{"y":331,"frameX":-6,"frameHeight":93,"frameY":-18,"width":88,"frameWidth":99,"height":74,"name":"PET6006_02/PET6006_02_part01/PET6006_02_part01_00002","x":382},{"y":407,"frameX":-24,"frameHeight":93,"frameY":-34,"width":47,"frameWidth":99,"height":58,"name":"PET6006_02/PET6006_02_part01/PET6006_02_part01_00000","x":382},{"y":761,"frameX":0,"frameHeight":135,"frameY":-10,"width":93,"frameWidth":100,"height":125,"name":"6001修改01/PET6006_02_part04/PET6006_02_part04_00031","x":1},{"y":169,"frameX":-7,"frameHeight":93,"frameY":-11,"width":87,"frameWidth":99,"height":81,"name":"PET6006_02/PET6006_02_part01/PET6006_02_part01_00003","x":923},{"y":747,"frameX":0,"frameHeight":135,"frameY":-17,"width":90,"frameWidth":100,"height":118,"name":"6001修改01/PET6006_02_part04/PET6006_02_part04_00037","x":282},{"y":888,"frameX":-4,"frameHeight":143,"frameY":-11,"width":96,"frameWidth":100,"height":120,"name":"6001修改01/PET6006_02_part03/PET6006_02_part03_00036","x":1},{"y":1,"frameX":-7,"frameHeight":93,"frameY":-10,"width":87,"frameWidth":99,"height":82,"name":"PET6006_02/PET6006_02_part01/PET6006_02_part01_00010","x":923},{"y":382,"frameX":-3,"frameHeight":143,"frameY":-6,"width":97,"frameWidth":100,"height":125,"name":"6001修改01/PET6006_02_part03/PET6006_02_part03_00033","x":1},{"y":761,"frameX":0,"frameHeight":135,"frameY":-10,"width":92,"frameWidth":100,"height":125,"name":"6001修改01/PET6006_02_part04/PET6006_02_part04_00033","x":96},{"y":252,"frameX":-6,"frameHeight":93,"frameY":-15,"width":87,"frameWidth":99,"height":77,"name":"PET6006_02/PET6006_02_part01/PET6006_02_part01_00012","x":368},{"y":775,"frameX":-7,"frameHeight":93,"frameY":-7,"width":87,"frameWidth":99,"height":85,"name":"PET6006_02/PET6006_02_part01/PET6006_02_part01_00011","x":746},{"y":888,"frameX":0,"frameHeight":135,"frameY":-10,"width":92,"frameWidth":100,"height":125,"name":"6001修改01/PET6006_02_part04/PET6006_02_part04_00032","x":193},{"y":128,"frameX":-2,"frameHeight":143,"frameY":-6,"width":98,"frameWidth":100,"height":125,"name":"6001修改01/PET6006_02_part03/PET6006_02_part03_00032","x":1},{"y":775,"frameX":0,"frameHeight":135,"frameY":-51,"width":90,"frameWidth":100,"height":84,"name":"6001修改01/PET6006_02_part04/PET6006_02_part04_00026","x":476},{"y":629,"frameX":-4,"frameHeight":143,"frameY":-15,"width":96,"frameWidth":100,"height":116,"name":"6001修改01/PET6006_02_part03/PET6006_02_part03_00028","x":99},{"y":252,"frameX":-7,"frameHeight":93,"frameY":-10,"width":87,"frameWidth":99,"height":81,"name":"PET6006_02/PET6006_02_part01/PET6006_02_part01_00015","x":190},{"y":687,"frameX":-4,"frameHeight":143,"frameY":-44,"width":96,"frameWidth":100,"height":86,"name":"6001修改01/PET6006_02_part03/PET6006_02_part03_00040","x":466},{"y":888,"frameX":0,"frameHeight":135,"frameY":-10,"width":92,"frameWidth":100,"height":125,"name":"6001修改01/PET6006_02_part04/PET6006_02_part04_00030","x":99}]}