{"frameRate":60,"name":"S6006","version":"5.5","compatibleVersion":"5.5","armature":[{"type":"Armature","frameRate":60,"name":"Armature","aabb":{"x":-52.5,"y":-120.5,"width":99,"height":93},"bone":[{"name":"root"},{"inheritScale":false,"name":"Layer_xuli","parent":"root","transform":{"x":-3,"y":-74}},{"inheritScale":false,"name":"Layer_MINGZHONG","parent":"root","transform":{"y":-97}}],"slot":[{"name":"Layer_xuli","parent":"Layer_xuli"},{"displayIndex":-1,"name":"Layer_MINGZHONG","parent":"Layer_MINGZHONG"}],"skin":[{"slot":[{"name":"Layer_xuli","display":[{"name":"PET6006_02/PET6006_02_part01/PET6006_02_part01_00000"},{"name":"PET6006_02/PET6006_02_part01/PET6006_02_part01_00001"},{"name":"PET6006_02/PET6006_02_part01/PET6006_02_part01_00002"},{"name":"PET6006_02/PET6006_02_part01/PET6006_02_part01_00003"},{"name":"PET6006_02/PET6006_02_part01/PET6006_02_part01_00004"},{"name":"PET6006_02/PET6006_02_part01/PET6006_02_part01_00005"},{"name":"PET6006_02/PET6006_02_part01/PET6006_02_part01_00006"},{"name":"PET6006_02/PET6006_02_part01/PET6006_02_part01_00007"},{"name":"PET6006_02/PET6006_02_part01/PET6006_02_part01_00008"},{"name":"PET6006_02/PET6006_02_part01/PET6006_02_part01_00009"},{"name":"PET6006_02/PET6006_02_part01/PET6006_02_part01_00010"},{"name":"PET6006_02/PET6006_02_part01/PET6006_02_part01_00011"},{"name":"PET6006_02/PET6006_02_part01/PET6006_02_part01_00012"},{"name":"PET6006_02/PET6006_02_part01/PET6006_02_part01_00013"},{"name":"PET6006_02/PET6006_02_part01/PET6006_02_part01_00014"},{"name":"PET6006_02/PET6006_02_part01/PET6006_02_part01_00015"},{"name":"PET6006_02/PET6006_02_part01/PET6006_02_part01_00016"},{"name":"PET6006_02/PET6006_02_part01/PET6006_02_part01_00017"},{"name":"6001修改01/PET6006_02_part03/PET6006_02_part03_00026"},{"name":"6001修改01/PET6006_02_part03/PET6006_02_part03_00027"},{"name":"6001修改01/PET6006_02_part03/PET6006_02_part03_00028"},{"name":"6001修改01/PET6006_02_part03/PET6006_02_part03_00029"},{"name":"6001修改01/PET6006_02_part03/PET6006_02_part03_00030"},{"name":"6001修改01/PET6006_02_part03/PET6006_02_part03_00031"},{"name":"6001修改01/PET6006_02_part03/PET6006_02_part03_00032"},{"name":"6001修改01/PET6006_02_part03/PET6006_02_part03_00033"},{"name":"6001修改01/PET6006_02_part03/PET6006_02_part03_00034"},{"name":"6001修改01/PET6006_02_part03/PET6006_02_part03_00035"},{"name":"6001修改01/PET6006_02_part03/PET6006_02_part03_00036"},{"name":"6001修改01/PET6006_02_part03/PET6006_02_part03_00037"},{"name":"6001修改01/PET6006_02_part03/PET6006_02_part03_00038"},{"name":"6001修改01/PET6006_02_part03/PET6006_02_part03_00039"},{"name":"6001修改01/PET6006_02_part03/PET6006_02_part03_00040"},{"name":"6001修改01/PET6006_02_part04/PET6006_02_part04_00026"},{"name":"6001修改01/PET6006_02_part04/PET6006_02_part04_00027"},{"name":"6001修改01/PET6006_02_part04/PET6006_02_part04_00028"},{"name":"6001修改01/PET6006_02_part04/PET6006_02_part04_00029"},{"name":"6001修改01/PET6006_02_part04/PET6006_02_part04_00030"},{"name":"6001修改01/PET6006_02_part04/PET6006_02_part04_00031"},{"name":"6001修改01/PET6006_02_part04/PET6006_02_part04_00032"},{"name":"6001修改01/PET6006_02_part04/PET6006_02_part04_00033"},{"name":"6001修改01/PET6006_02_part04/PET6006_02_part04_00034"},{"name":"6001修改01/PET6006_02_part04/PET6006_02_part04_00035"},{"name":"6001修改01/PET6006_02_part04/PET6006_02_part04_00036"},{"name":"6001修改01/PET6006_02_part04/PET6006_02_part04_00037"},{"name":"6001修改01/PET6006_02_part04/PET6006_02_part04_00038"},{"name":"6001修改01/PET6006_02_part04/PET6006_02_part04_00039"},{"name":"6001修改01/PET6006_02_part04/PET6006_02_part04_00040"}]},{"name":"Layer_MINGZHONG","display":[{"name":"6001修改01/PET6006_02_part03/PET6006_02_part03_00026"},{"name":"6001修改01/PET6006_02_part03/PET6006_02_part03_00027"},{"name":"6001修改01/PET6006_02_part03/PET6006_02_part03_00028"},{"name":"6001修改01/PET6006_02_part03/PET6006_02_part03_00029"},{"name":"6001修改01/PET6006_02_part03/PET6006_02_part03_00030"},{"name":"6001修改01/PET6006_02_part03/PET6006_02_part03_00031"},{"name":"6001修改01/PET6006_02_part03/PET6006_02_part03_00032"},{"name":"6001修改01/PET6006_02_part03/PET6006_02_part03_00033"},{"name":"6001修改01/PET6006_02_part03/PET6006_02_part03_00034"},{"name":"6001修改01/PET6006_02_part03/PET6006_02_part03_00035"},{"name":"6001修改01/PET6006_02_part03/PET6006_02_part03_00036"},{"name":"6001修改01/PET6006_02_part03/PET6006_02_part03_00037"},{"name":"6001修改01/PET6006_02_part03/PET6006_02_part03_00038"},{"name":"6001修改01/PET6006_02_part03/PET6006_02_part03_00039"},{"name":"6001修改01/PET6006_02_part03/PET6006_02_part03_00040"}]}]}],"animation":[{"duration":68,"playTimes":0,"name":"storage","bone":[{"name":"Layer_xuli","scaleFrame":[{"duration":68,"x":2,"y":2}]}],"slot":[{"name":"Layer_xuli","displayFrame":[{"duration":4},{"duration":4,"value":1},{"duration":4,"value":2},{"duration":4,"value":3},{"duration":4,"value":4},{"duration":4,"value":5},{"duration":4,"value":6},{"duration":4,"value":7},{"duration":4,"value":8},{"duration":4,"value":9},{"duration":4,"value":10},{"duration":4,"value":11},{"duration":4,"value":12},{"duration":4,"value":13},{"duration":4,"value":14},{"duration":4,"value":15},{"duration":4,"value":16},{"duration":0,"value":17}]}]},{"duration":80,"playTimes":0,"name":"hit","frame":[{"duration":10},{"duration":10,"events":[{"name":"0"}]},{"duration":12,"events":[{"name":"1"}]},{"duration":12,"events":[{"name":"2"}]},{"duration":16,"events":[{"name":"3"}]},{"duration":0,"events":[{"name":"4"}]}],"bone":[{"name":"Layer_MINGZHONG","translateFrame":[{"duration":80,"y":17}],"scaleFrame":[{"duration":80,"x":2,"y":2}]},{"name":"Layer_xuli","translateFrame":[{"duration":80,"y":-21}],"scaleFrame":[{"duration":80,"x":2,"y":2}]}],"slot":[{"name":"Layer_MINGZHONG","displayFrame":[{"duration":4},{"duration":4,"value":1},{"duration":4,"value":2},{"duration":4,"value":3},{"duration":4,"value":4},{"duration":4,"value":5},{"duration":4,"value":6},{"duration":4,"value":7},{"duration":4,"value":8},{"duration":4,"value":9},{"duration":4,"value":10},{"duration":4,"value":11},{"duration":4,"value":12},{"duration":4,"value":13},{"duration":24,"value":14}],"colorFrame":[{"duration":56,"tweenEasing":0},{"duration":4,"tweenEasing":0},{"duration":20,"value":{"aM":0}}]},{"name":"Layer_xuli","displayFrame":[{"duration":28,"value":33},{"duration":4,"value":34},{"duration":4,"value":35},{"duration":4,"value":36},{"duration":4,"value":37},{"duration":4,"value":38},{"duration":4,"value":39},{"duration":4,"value":40},{"duration":4,"value":41},{"duration":4,"value":42},{"duration":4,"value":43},{"duration":4,"value":44},{"duration":4,"value":45},{"duration":4,"value":46},{"duration":0,"value":47}],"colorFrame":[{"duration":22,"tweenEasing":0,"value":{"aM":0}},{"duration":2,"tweenEasing":0,"value":{"aM":0}},{"duration":56}]}]}],"defaultActions":[{"gotoAndPlay":"storage"}]}]}