{"imagePath":"203_tex.png","width":256,"height":256,"name":"203","SubTexture":[{"frameY":-8,"y":1,"frameWidth":92,"frameHeight":88,"width":78,"height":80,"name":"pet6129_tx_skill_mabi/pet6129_tx_skill_mabi_00023","frameX":-6,"x":1},{"frameY":-18,"y":160,"frameWidth":92,"frameHeight":88,"width":56,"height":53,"name":"pet6129_tx_skill_mabi/pet6129_tx_skill_mabi_00022","frameX":-18,"x":147},{"frameY":-8,"y":83,"frameWidth":92,"frameHeight":88,"width":81,"height":75,"name":"pet6129_tx_skill_mabi/pet6129_tx_skill_mabi_00021","frameX":-7,"x":1},{"frameY":-18,"y":160,"frameWidth":92,"frameHeight":88,"width":71,"height":61,"name":"pet6129_tx_skill_mabi/pet6129_tx_skill_mabi_00026","frameX":-11,"x":74},{"frameY":-8,"y":160,"frameWidth":92,"frameHeight":88,"width":71,"height":68,"name":"pet6129_tx_skill_mabi/pet6129_tx_skill_mabi_00025","frameX":-11,"x":1},{"frameY":-9,"y":1,"frameWidth":92,"frameHeight":88,"width":72,"height":73,"name":"pet6129_tx_skill_mabi/pet6129_tx_skill_mabi_00024","frameX":-12,"x":81}]}