{"frameRate":60,"name":"203","version":"5.5","compatibleVersion":"5.5","armature":[{"type":"Armature","frameRate":60,"name":"Armature","aabb":{"x":-46,"y":-44,"width":92,"height":88},"bone":[{"inheritScale":false,"name":"Layer1"}],"slot":[{"name":"Layer1","parent":"Layer1"}],"skin":[{"slot":[{"name":"Layer1","display":[{"name":"pet6129_tx_skill_mabi/pet6129_tx_skill_mabi_00021"},{"name":"pet6129_tx_skill_mabi/pet6129_tx_skill_mabi_00022"},{"name":"pet6129_tx_skill_mabi/pet6129_tx_skill_mabi_00023"},{"name":"pet6129_tx_skill_mabi/pet6129_tx_skill_mabi_00024"},{"name":"pet6129_tx_skill_mabi/pet6129_tx_skill_mabi_00025"},{"name":"pet6129_tx_skill_mabi/pet6129_tx_skill_mabi_00026"}]}]}],"animation":[{"duration":20,"playTimes":0,"name":"buff","bone":[{"name":"Layer1","scaleFrame":[{"duration":20,"x":2,"y":2}]}],"slot":[{"name":"Layer1","displayFrame":[{"duration":4},{"duration":4,"value":1},{"duration":4,"value":2},{"duration":4,"value":3},{"duration":4,"value":4},{"duration":0,"value":5}]}]}],"defaultActions":[{"gotoAndPlay":"buff"}]}]}