{"frameRate":60,"name":"103","version":"5.5","compatibleVersion":"5.5","armature":[{"type":"Armature","frameRate":60,"name":"Armature","aabb":{"x":-52,"y":-26.5,"width":104,"height":53},"bone":[{"inheritScale":false,"name":"Layer1"}],"slot":[{"name":"Layer1","parent":"Layer1"}],"skin":[{"slot":[{"name":"Layer1","display":[{"name":"xuli_tx/xuli_tx_dm/xuli_tx_dm_00000"},{"name":"xuli_tx/xuli_tx_dm/xuli_tx_dm_00001"},{"name":"xuli_tx/xuli_tx_dm/xuli_tx_dm_00002"},{"name":"xuli_tx/xuli_tx_dm/xuli_tx_dm_00003"},{"name":"xuli_tx/xuli_tx_dm/xuli_tx_dm_00004"},{"name":"xuli_tx/xuli_tx_gx/xuli_tx_gx_00002"},{"name":"xuli_tx/xuli_tx_gx/xuli_tx_gx_00003"},{"name":"xuli_tx/xuli_tx_gx/xuli_tx_gx_00004"},{"name":"xuli_tx/xuli_tx_gx/xuli_tx_gx_00005"},{"name":"xuli_tx/xuli_tx_gx/xuli_tx_gx_00006"},{"name":"xuli_tx/xuli_tx_gx/xuli_tx_gx_00007"}]}]}],"animation":[{"duration":22,"name":"clear","bone":[{"name":"Layer1","translateFrame":[{"duration":22,"y":-128}],"scaleFrame":[{"duration":22,"x":2,"y":2}]}],"slot":[{"name":"Layer1","displayFrame":[{"duration":4,"value":5},{"duration":4,"value":6},{"duration":4,"value":7},{"duration":4,"value":8},{"duration":4,"value":9},{"duration":2,"value":10}],"colorFrame":[{"duration":20,"tweenEasing":0},{"duration":2,"tweenEasing":0},{"duration":0,"value":{"aM":0}}]}]},{"duration":56,"playTimes":0,"name":"buff","bone":[{"name":"Layer1","scaleFrame":[{"duration":56,"x":2,"y":2}]}],"slot":[{"name":"Layer1","displayFrame":[{"duration":4},{"duration":4,"value":1},{"duration":4,"value":2},{"duration":4,"value":3},{"duration":4,"value":4},{"duration":4},{"duration":4,"value":1},{"duration":4,"value":2},{"duration":4,"value":3},{"duration":4,"value":4},{"duration":4},{"duration":4,"value":1},{"duration":4,"value":2},{"duration":4,"value":3},{"duration":0,"value":4}]}]}],"defaultActions":[{"gotoAndPlay":"clear"}]}]}