{"imagePath":"103_tex.png","width":512,"height":256,"name":"103","SubTexture":[{"frameY":-7,"y":218,"frameWidth":104,"frameHeight":53,"width":71,"height":36,"name":"xuli_tx/xuli_tx_dm/xuli_tx_dm_00003","frameX":-16,"x":272},{"frameY":-13,"y":125,"frameWidth":66,"frameHeight":143,"width":43,"height":126,"name":"xuli_tx/xuli_tx_gx/xuli_tx_gx_00007","frameX":-12,"x":47},{"frameY":-3,"y":176,"frameWidth":104,"frameHeight":53,"width":89,"height":45,"name":"xuli_tx/xuli_tx_dm/xuli_tx_dm_00001","frameX":-7,"x":181},{"frameY":-1,"y":125,"frameWidth":104,"frameHeight":53,"width":99,"height":49,"name":"xuli_tx/xuli_tx_dm/xuli_tx_dm_00000","frameX":-2,"x":181},{"frameY":-18,"y":1,"frameWidth":66,"frameHeight":143,"width":45,"height":122,"name":"xuli_tx/xuli_tx_gx/xuli_tx_gx_00004","frameX":-11,"x":47},{"frameY":-15,"y":125,"frameWidth":66,"frameHeight":143,"width":41,"height":125,"name":"xuli_tx/xuli_tx_gx/xuli_tx_gx_00006","frameX":-12,"x":138},{"frameY":-5,"y":1,"frameWidth":66,"frameHeight":143,"width":44,"height":136,"name":"xuli_tx/xuli_tx_gx/xuli_tx_gx_00003","frameX":-11,"x":1},{"frameY":-17,"y":125,"frameWidth":66,"frameHeight":143,"width":44,"height":123,"name":"xuli_tx/xuli_tx_gx/xuli_tx_gx_00005","frameX":-12,"x":92},{"frameY":-66,"y":139,"frameWidth":66,"frameHeight":143,"width":42,"height":76,"name":"xuli_tx/xuli_tx_gx/xuli_tx_gx_00002","frameX":-12,"x":1},{"frameY":-9,"y":223,"frameWidth":104,"frameHeight":53,"width":57,"height":30,"name":"xuli_tx/xuli_tx_dm/xuli_tx_dm_00004","frameX":-23,"x":181},{"frameY":-5,"y":176,"frameWidth":104,"frameHeight":53,"width":81,"height":40,"name":"xuli_tx/xuli_tx_dm/xuli_tx_dm_00002","frameX":-11,"x":272}]}