{"frameRate":60,"name":"Appear","version":"5.5","compatibleVersion":"5.5","armature":[{"type":"Armature","frameRate":60,"name":"Armature","aabb":{"x":-60,"y":-141,"width":120,"height":182.5},"bone":[{"name":"root"},{"inheritScale":false,"name":"Layer1","parent":"root"},{"inheritScale":false,"name":"Layer2","parent":"root","transform":{"y":-72}}],"slot":[{"name":"Layer1","parent":"Layer1"},{"name":"Layer2","parent":"Layer2"}],"skin":[{"slot":[{"name":"Layer2","display":[{"name":"cCWQ_part02/cCWQ_part02_00007"},{"name":"cCWQ_part02/cCWQ_part02_00008"},{"name":"cCWQ_part02/cCWQ_part02_00009"},{"name":"cCWQ_part02/cCWQ_part02_00010"},{"name":"cCWQ_part02/cCWQ_part02_00011"},{"name":"cCWQ_part02/cCWQ_part02_00012"},{"name":"cCWQ_part02/cCWQ_part02_00013"},{"name":"cCWQ_part02/cCWQ_part02_00014"},{"name":"cCWQ_part02/cCWQ_part02_00015"},{"name":"cCWQ_part02/cCWQ_part02_00016"},{"name":"cCWQ_part02/cCWQ_part02_00017"}]},{"name":"Layer1","display":[{"name":"cCWQ_part01/cCWQ_part01_00006"}]}]}],"animation":[{"duration":44,"playTimes":0,"name":"run","bone":[{"name":"Layer2","scaleFrame":[{"duration":44,"x":2,"y":2}]}],"slot":[{"name":"Layer2","displayFrame":[{"duration":4,"value":4},{"duration":4},{"duration":4,"value":1},{"duration":4,"value":2},{"duration":4,"value":3},{"duration":4,"value":4},{"duration":4,"value":5},{"duration":4,"value":6},{"duration":4,"value":7},{"duration":4,"value":8},{"duration":4,"value":9},{"duration":0,"value":10}],"colorFrame":[{"duration":2,"tweenEasing":0,"value":{"aM":0}},{"duration":2,"tweenEasing":0,"value":{"aM":0}},{"duration":40}]},{"name":"Layer1","colorFrame":[{"duration":2,"tweenEasing":0},{"duration":2,"tweenEasing":0},{"duration":40,"value":{"aM":0}}]}]}],"defaultActions":[{"gotoAndPlay":"run"}]}]}