{"width":512,"imagePath":"Appear_tex.png","name":"Appear","SubTexture":[{"frameY":-12,"y":68,"frameWidth":79,"frameHeight":83,"width":60,"height":61,"name":"cCWQ_part01/cCWQ_part01_00006","frameX":-9,"x":385},{"frameY":-30,"y":1,"frameWidth":120,"frameHeight":138,"width":96,"height":65,"name":"cCWQ_part02/cCWQ_part02_00014","frameX":-12,"x":304},{"frameY":-27,"y":103,"frameWidth":120,"frameHeight":138,"width":99,"height":84,"name":"cCWQ_part02/cCWQ_part02_00011","frameX":-10,"x":186},{"frameY":-7,"y":123,"frameWidth":120,"frameHeight":138,"width":94,"height":118,"name":"cCWQ_part02/cCWQ_part02_00008","frameX":-13,"x":1},{"frameY":-31,"y":189,"frameWidth":120,"frameHeight":138,"width":93,"height":54,"name":"cCWQ_part02/cCWQ_part02_00016","frameX":-13,"x":282},{"frameY":-28,"y":77,"frameWidth":120,"frameHeight":138,"width":96,"height":69,"name":"cCWQ_part02/cCWQ_part02_00013","frameX":-12,"x":287},{"frameY":-26,"y":1,"frameWidth":120,"frameHeight":138,"width":99,"height":100,"name":"cCWQ_part02/cCWQ_part02_00010","frameX":-10,"x":104},{"frameY":-17,"y":123,"frameWidth":120,"frameHeight":138,"width":87,"height":118,"name":"cCWQ_part02/cCWQ_part02_00007","frameX":-17,"x":97},{"frameY":-30,"y":189,"frameWidth":120,"frameHeight":138,"width":94,"height":65,"name":"cCWQ_part02/cCWQ_part02_00015","frameX":-13,"x":186},{"frameY":-27,"y":1,"frameWidth":120,"frameHeight":138,"width":97,"height":74,"name":"cCWQ_part02/cCWQ_part02_00012","frameX":-11,"x":205},{"frameY":-6,"y":1,"frameWidth":120,"frameHeight":138,"width":101,"height":120,"name":"cCWQ_part02/cCWQ_part02_00009","frameX":-9,"x":1},{"frameY":-32,"y":189,"frameWidth":120,"frameHeight":138,"width":92,"height":50,"name":"cCWQ_part02/cCWQ_part02_00017","frameX":-14,"x":377}],"height":256}