{"width":512,"imagePath":"204_tex.png","name":"204","SubTexture":[{"frameY":-3,"y":127,"frameWidth":100,"frameHeight":125,"width":73,"height":122,"name":"pet6054_skill_duyan/pet6054_skill_duyan_00013","frameX":-20,"x":242},{"frameY":-1,"y":1,"frameWidth":100,"frameHeight":125,"width":82,"height":124,"name":"pet6054_skill_duyan/pet6054_skill_duyan_00016","frameX":-18,"x":1},{"frameY":-13,"y":1,"frameWidth":100,"frameHeight":125,"width":61,"height":112,"name":"pet6054_skill_duyan/pet6054_skill_duyan_00019","frameX":-21,"x":85},{"frameY":-3,"y":127,"frameWidth":100,"frameHeight":125,"width":75,"height":122,"name":"pet6054_skill_duyan/pet6054_skill_duyan_00012","frameX":-19,"x":165},{"frameY":-1,"y":127,"frameWidth":100,"frameHeight":125,"width":80,"height":124,"name":"pet6054_skill_duyan/pet6054_skill_duyan_00015","frameX":-20,"x":83},{"frameY":-2,"y":1,"frameWidth":100,"frameHeight":125,"width":71,"height":123,"name":"pet6054_skill_duyan/pet6054_skill_duyan_00011","frameX":-20,"x":317},{"frameY":-5,"y":126,"frameWidth":100,"frameHeight":125,"width":65,"height":120,"name":"pet6054_skill_duyan/pet6054_skill_duyan_00018","frameX":-22,"x":385},{"frameY":0,"y":127,"frameWidth":100,"frameHeight":125,"width":80,"height":125,"name":"pet6054_skill_duyan/pet6054_skill_duyan_00014","frameX":-20,"x":1},{"frameY":-4,"y":126,"frameWidth":100,"frameHeight":125,"width":66,"height":121,"name":"pet6054_skill_duyan/pet6054_skill_duyan_00017","frameX":-21,"x":317},{"frameY":-6,"y":1,"frameWidth":100,"frameHeight":125,"width":63,"height":118,"name":"pet6054_skill_duyan/pet6054_skill_duyan_00010","frameX":-21,"x":390}],"height":256}