{"frameRate":60,"name":"204","version":"5.5","compatibleVersion":"5.5","armature":[{"type":"Armature","frameRate":60,"name":"Armature","aabb":{"x":-50,"y":-116.5,"width":100,"height":125},"bone":[{"inheritScale":false,"name":"Layer6","transform":{"y":-54}}],"slot":[{"name":"Layer6","parent":"Layer6"}],"skin":[{"slot":[{"name":"Layer6","display":[{"name":"pet6054_skill_duyan/pet6054_skill_duyan_00010"},{"name":"pet6054_skill_duyan/pet6054_skill_duyan_00011"},{"name":"pet6054_skill_duyan/pet6054_skill_duyan_00012"},{"name":"pet6054_skill_duyan/pet6054_skill_duyan_00013"},{"name":"pet6054_skill_duyan/pet6054_skill_duyan_00014"},{"name":"pet6054_skill_duyan/pet6054_skill_duyan_00015"},{"name":"pet6054_skill_duyan/pet6054_skill_duyan_00016"},{"name":"pet6054_skill_duyan/pet6054_skill_duyan_00017"},{"name":"pet6054_skill_duyan/pet6054_skill_duyan_00018"},{"name":"pet6054_skill_duyan/pet6054_skill_duyan_00019"}]}]}],"animation":[{"duration":36,"playTimes":0,"name":"buff","bone":[{"name":"Layer6","scaleFrame":[{"duration":36,"x":2,"y":2}]}],"slot":[{"name":"Layer6","displayFrame":[{"duration":4},{"duration":4,"value":1},{"duration":4,"value":2},{"duration":4,"value":3},{"duration":4,"value":4},{"duration":4,"value":5},{"duration":4,"value":6},{"duration":4,"value":7},{"duration":4,"value":8},{"duration":0,"value":9}]}]}],"defaultActions":[{"gotoAndPlay":"buff"}]}]}