{
  "title": "PetBattle",
  "packageName": "",
  "startScene": "62fb82c7-dc21-4b3c-a933-ee166c02a986",
  "excludeScenes": [],
  "includeSDKBox": false,
  "orientation": {
    "landscapeLeft": true,
    "landscapeRight": true,
    "portrait": false,
    "upsideDown": false
  },
  "webOrientation": "landscape",
  "inlineSpriteFrames": true,
  "inlineSpriteFrames_native": true,
  "mergeStartScene": false,
  "optimizeHotUpdate": false,
  "md5Cache": false,
  "encryptJs": true,
  "xxteaKey": "ad47bd03-6f4b-45",
  "zipCompressJs": true,
  "fb-instant-games": {},
  "android": {
    "packageName": ""
  },
  "ios": {
    "packageName": ""
  },
  "mac": {
    "packageName": ""
  },
  "win32": {},
  "android-instant": {
    "REMOTE_SERVER_ROOT": "",
    "host": "",
    "packageName": "",
    "pathPattern": "",
    "recordPath": "",
    "scheme": "https",
    "skipRecord": false
  },
  "appBundle": false
}
