{"width":1024,"SubTexture":[{"frameWidth":102,"y":193,"frameHeight":103,"width":22,"frameX":-41,"height":23,"name":"pet6004_tx_gai/pet6004_tx_xuli_g/pet6004_tx_xuli_g_00006","frameY":-41,"x":893},{"frameWidth":102,"y":1,"frameHeight":103,"width":94,"frameX":-3,"height":97,"name":"pet6004_tx_gai/pet6004_tx_xuli_g/pet6004_tx_xuli_g_00001","frameY":-4,"x":798},{"frameWidth":102,"y":1,"frameHeight":103,"width":38,"frameX":-33,"height":39,"name":"pet6004_tx_gai/pet6004_tx_xuli_g/pet6004_tx_xuli_g_00005","frameY":-34,"x":966},{"frameWidth":102,"y":100,"frameHeight":103,"width":93,"frameX":-4,"height":97,"name":"pet6004_tx_gai/pet6004_tx_xuli_g/pet6004_tx_xuli_g_00002","frameY":-4,"x":798},{"frameWidth":102,"y":100,"frameHeight":103,"width":87,"frameX":-7,"height":91,"name":"pet6004_tx_gai/pet6004_tx_xuli_g/pet6004_tx_xuli_g_00000","frameY":-6,"x":893},{"frameWidth":102,"y":193,"frameHeight":103,"width":58,"frameX":-22,"height":60,"name":"pet6004_tx_gai/pet6004_tx_xuli_g/pet6004_tx_xuli_g_00004","frameY":-23,"x":958},{"frameWidth":182,"y":219,"frameHeight":76,"width":165,"frameX":-14,"height":60,"name":"pet6004_tx_gai/pet6004_attack_hq","frameY":-13,"x":791},{"frameWidth":102,"y":1,"frameHeight":103,"width":70,"frameX":-16,"height":77,"name":"pet6004_tx_gai/pet6004_tx_xuli_g/pet6004_tx_xuli_g_00003","frameY":-14,"x":894},{"frameWidth":290,"y":219,"frameHeight":263,"width":256,"frameX":-13,"height":216,"name":"pet6004_tx_sj_g/pet6004_tx_sj_g_00013","frameY":-25,"x":533},{"frameWidth":290,"y":1,"frameHeight":263,"width":277,"frameX":-1,"height":221,"name":"pet6004_tx_sj_g/pet6004_tx_sj_g_00015","frameY":-25,"x":1},{"frameWidth":290,"y":443,"frameHeight":263,"width":215,"frameX":-63,"height":237,"name":"pet6004_tx_sj_g/pet6004_tx_sj_g_00009","frameY":-15,"x":1},{"frameWidth":290,"y":224,"frameHeight":263,"width":268,"frameX":-4,"height":217,"name":"pet6004_tx_sj_g/pet6004_tx_sj_g_00014","frameY":-27,"x":1},{"frameWidth":290,"y":1,"frameHeight":263,"width":263,"frameX":-10,"height":216,"name":"pet6004_tx_sj_g/pet6004_tx_sj_g_00012","frameY":-28,"x":533},{"frameWidth":290,"y":1,"frameHeight":263,"width":251,"frameX":-28,"height":233,"name":"pet6004_tx_sj_g/pet6004_tx_sj_g_00010","frameY":-13,"x":280},{"frameWidth":290,"y":236,"frameHeight":263,"width":245,"frameX":-20,"height":220,"name":"pet6004_tx_sj_g/pet6004_tx_sj_g_00011","frameY":-27,"x":271}],"height":1024,"name":"A6004","imagePath":"A6004_tex.png"}