{"frameRate":60,"name":"A6004","version":"5.5","compatibleVersion":"5.5","armature":[{"type":"Armature","frameRate":60,"name":"Armature","bone":[{"name":"root"},{"inheritScale":false,"name":"Layer2","parent":"root"},{"inheritScale":false,"name":"Layer3","parent":"root"}],"slot":[{"displayIndex":-1,"name":"Layer2","parent":"Layer2"},{"displayIndex":-1,"name":"Layer3","parent":"Layer3"}],"skin":[{"slot":[{"name":"Layer3","display":[{"name":"pet6004_tx_sj_g/pet6004_tx_sj_g_00009"},{"name":"pet6004_tx_sj_g/pet6004_tx_sj_g_00010"},{"name":"pet6004_tx_sj_g/pet6004_tx_sj_g_00011"},{"name":"pet6004_tx_sj_g/pet6004_tx_sj_g_00012"},{"name":"pet6004_tx_sj_g/pet6004_tx_sj_g_00013"},{"name":"pet6004_tx_sj_g/pet6004_tx_sj_g_00014"},{"name":"pet6004_tx_sj_g/pet6004_tx_sj_g_00015"}]},{"name":"Layer2","display":[{"name":"pet6004_tx_gai/pet6004_attack_hq"},{"name":"pet6004_tx_gai/pet6004_tx_xuli_g/pet6004_tx_xuli_g_00000"},{"name":"pet6004_tx_gai/pet6004_tx_xuli_g/pet6004_tx_xuli_g_00001"},{"name":"pet6004_tx_gai/pet6004_tx_xuli_g/pet6004_tx_xuli_g_00002"},{"name":"pet6004_tx_gai/pet6004_tx_xuli_g/pet6004_tx_xuli_g_00003"},{"name":"pet6004_tx_gai/pet6004_tx_xuli_g/pet6004_tx_xuli_g_00004"},{"name":"pet6004_tx_gai/pet6004_tx_xuli_g/pet6004_tx_xuli_g_00005"},{"name":"pet6004_tx_gai/pet6004_tx_xuli_g/pet6004_tx_xuli_g_00006"}]}]}],"animation":[{"duration":24,"playTimes":0,"name":"explode","frame":[{"duration":4},{"duration":0,"events":[{"name":"0"}]}],"bone":[{"name":"Layer3","scaleFrame":[{"duration":24,"x":1.5,"y":1.5}]}],"slot":[{"name":"Layer3","displayFrame":[{"duration":4},{"duration":4,"value":1},{"duration":4,"value":2},{"duration":4,"value":3},{"duration":4,"value":4},{"duration":4,"value":5},{"duration":0,"value":6}]}]},{"duration":0,"playTimes":0,"name":"track","slot":[{"name":"Layer2","displayFrame":[{"duration":0}]}]},{"duration":24,"playTimes":0,"name":"storage","bone":[{"name":"Layer2","scaleFrame":[{"duration":24,"x":2,"y":2}]}],"slot":[{"name":"Layer2","displayFrame":[{"duration":4,"value":1},{"duration":4,"value":2},{"duration":4,"value":3},{"duration":4,"value":4},{"duration":4,"value":5},{"duration":4,"value":6},{"duration":0,"value":7}]}]}],"defaultActions":[{"gotoAndPlay":"explode"}]}]}