{"width":512,"imagePath":"P6131_tex.png","name":"P6131","SubTexture":[{"width":120,"y":477,"height":24,"name":"pet_yinying","x":207},{"width":51,"y":422,"height":35,"name":"PET6131_weiqil","x":428},{"width":30,"y":135,"height":21,"name":"PET6131_beiqil","x":127},{"width":61,"y":369,"height":38,"name":"PET6131_chibanl","x":231},{"frameY":-4,"y":477,"frameWidth":59,"frameHeight":28,"width":59,"height":24,"name":"PET6131_zuiba","frameX":0,"x":329},{"width":126,"y":409,"height":66,"name":"PET6131_shenti","x":207},{"width":4,"y":117,"height":3,"name":"PET6131_shiwan","x":326},{"width":5,"y":111,"height":4,"name":"PET6131_gonji","x":320},{"width":4,"y":117,"height":3,"name":"PET6131_puton","x":320},{"width":81,"y":336,"height":31,"name":"PET6131_weiqir","x":231},{"width":31,"y":489,"height":21,"name":"PET6131_beiqir","x":452},{"width":96,"y":456,"height":47,"name":"PET6131_chibanr","x":1},{"frameY":-51,"y":466,"frameWidth":181,"frameHeight":132,"width":25,"height":29,"name":"pet6131_01_part01_00001","frameX":-95,"x":390},{"frameY":-9,"y":122,"frameWidth":181,"frameHeight":132,"width":125,"height":111,"name":"pet6131_01_part01_00011","frameX":-33,"x":320},{"frameY":-5,"y":215,"frameWidth":181,"frameHeight":132,"width":62,"height":119,"name":"pet6131_01_part01_00012","frameX":-74,"x":256},{"frameY":-51,"y":459,"frameWidth":181,"frameHeight":132,"width":27,"height":30,"name":"pet6131_01_part01_00002","frameX":-94,"x":423},{"frameY":-50,"y":456,"frameWidth":181,"frameHeight":132,"width":27,"height":31,"name":"pet6131_01_part01_00003","frameX":-94,"x":481},{"frameY":-50,"y":422,"frameWidth":181,"frameHeight":132,"width":29,"height":32,"name":"pet6131_01_part01_00004","frameX":-93,"x":481},{"frameY":-49,"y":430,"frameWidth":181,"frameHeight":132,"width":30,"height":32,"name":"pet6131_01_part01_00005","frameX":-92,"x":335},{"frameY":-48,"y":430,"frameWidth":181,"frameHeight":132,"width":31,"height":34,"name":"pet6131_01_part01_00006","frameX":-92,"x":390},{"frameY":-47,"y":369,"frameWidth":181,"frameHeight":132,"width":33,"height":37,"name":"pet6131_01_part01_00007","frameX":-91,"x":294},{"frameY":0,"y":1,"frameWidth":181,"frameHeight":132,"width":172,"height":132,"name":"pet6131_01_part01_00008","frameX":0,"x":1},{"frameY":-12,"y":1,"frameWidth":181,"frameHeight":132,"width":158,"height":108,"name":"pet6131_01_part01_00009","frameX":-10,"x":175},{"frameY":-53,"y":459,"frameWidth":181,"frameHeight":132,"width":23,"height":25,"name":"pet6131_01_part01_00000","frameX":-96,"x":452},{"frameY":-13,"y":111,"frameWidth":181,"frameHeight":132,"width":143,"height":102,"name":"pet6131_01_part01_00010","frameX":-21,"x":175},{"frameY":-4,"y":135,"frameWidth":145,"frameHeight":132,"width":124,"height":116,"name":"pet6131_02_part02_00008","frameX":-7,"x":1},{"frameY":-25,"y":355,"frameWidth":145,"frameHeight":132,"width":96,"height":99,"name":"pet6131_02_part02_00003","frameX":-23,"x":1},{"frameY":-6,"y":1,"frameWidth":145,"frameHeight":132,"width":137,"height":119,"name":"pet6131_02_part02_00009","frameX":-2,"x":335},{"frameY":-34,"y":346,"frameWidth":145,"frameHeight":132,"width":91,"height":82,"name":"pet6131_02_part02_00004","frameX":-27,"x":335},{"frameY":-23,"y":215,"frameWidth":145,"frameHeight":132,"width":127,"height":101,"name":"pet6131_02_part02_00005","frameX":0,"x":127},{"frameY":-38,"y":346,"frameWidth":145,"frameHeight":132,"width":79,"height":74,"name":"pet6131_02_part02_00000","frameX":-30,"x":428},{"frameY":-18,"y":235,"frameWidth":145,"frameHeight":132,"width":125,"height":109,"name":"pet6131_02_part02_00006","frameX":-14,"x":320},{"frameY":-39,"y":409,"frameWidth":145,"frameHeight":132,"width":106,"height":82,"name":"pet6131_02_part02_00001","frameX":-9,"x":99},{"frameY":-30,"y":253,"frameWidth":145,"frameHeight":132,"width":108,"height":100,"name":"pet6131_02_part02_00007","frameX":-13,"x":1},{"frameY":-33,"y":318,"frameWidth":145,"frameHeight":132,"width":118,"height":89,"name":"pet6131_02_part02_00002","frameX":-7,"x":111}],"height":512}