{"frameRate":30,"name":"P6131","version":"5.5","compatibleVersion":"5.5","armature":[{"type":"Armature","frameRate":30,"name":"Armature","aabb":{"x":-127.05,"y":-118.18,"width":234.19,"height":130.59},"bone":[{"name":"root"},{"name":"bf","parent":"root","transform":{"x":3.3,"y":-142.86}},{"name":"bone","parent":"root","transform":{"x":-2.39,"y":-65.47,"scX":1.2,"scY":1.2}},{"name":"fs","parent":"root","transform":{"x":76.16,"y":-40.03}},{"name":"mz","parent":"root","transform":{"x":-3.45,"y":-69.37}},{"length":33,"name":"yz","parent":"root","transform":{"x":-0.38,"y":-0.29,"skX":90,"skY":90}},{"length":36,"name":"PET6131_shenti2","parent":"bone","transform":{"x":-6.9,"y":-0.8,"skX":14.14,"skY":14.14}},{"length":23,"name":"PET6131_chibanl","parent":"PET6131_shenti2","transform":{"x":47.09,"y":-13.97,"skX":-51.23,"skY":-51.23}},{"length":22,"name":"PET6131_beiqir","parent":"PET6131_shenti2","transform":{"x":0.43,"y":-1.99,"skX":-143.56,"skY":-143.56}},{"length":20,"name":"PET6131_beiqil","parent":"PET6131_shenti2","transform":{"x":12.3,"y":-16.33,"skX":-121.88,"skY":-121.88}},{"length":38,"name":"PET6131_chibanr2","parent":"PET6131_shenti2","transform":{"x":25.08,"y":10,"skX":153.07,"skY":153.07}},{"length":43,"name":"bone1","parent":"PET6131_shenti2","transform":{"x":36.42,"y":0.24,"skX":7.68,"skY":7.68}},{"length":28,"name":"bone2","parent":"PET6131_shenti2","transform":{"x":-1.15,"y":1.09,"skX":-165.85,"skY":-165.85}},{"length":25,"name":"bone8","parent":"PET6131_chibanl","transform":{"x":23.61,"y":0.03,"skX":0.9,"skY":0.9}},{"length":9,"name":"PET6131_puton","parent":"bone1","transform":{"x":26.34,"y":3.1,"skX":78.34,"skY":78.34}},{"length":19,"name":"PET6131_weiqil","parent":"bone2","transform":{"x":13.12,"y":10.68,"skX":27.1,"skY":27.1}},{"length":48,"name":"PET6131_zuiba","parent":"bone1","transform":{"x":2.01,"y":13.71,"skX":-21.48,"skY":-21.48}},{"length":21,"name":"bone3","parent":"bone2","transform":{"x":28.93,"y":0.12,"skX":11.56,"skY":11.56}},{"length":34,"name":"bone7","parent":"PET6131_chibanr2","transform":{"x":38.69}},{"length":22,"name":"PET6131_chibanr","parent":"bone2","transform":{"x":26.67,"y":-4.6,"skX":-36.21,"skY":-36.21}},{"length":27,"name":"pet6131_01_part01_00000","parent":"bone1","transform":{"x":56.2,"y":-5.91,"skX":-95.58,"skY":-95.58,"scX":2,"scY":2}},{"length":30,"name":"pet6131_02_part02_00000","parent":"bone1","transform":{"x":75.39,"y":-3.8,"skX":-73.33,"skY":-73.33,"scX":2,"scY":2}},{"length":19,"name":"bone4","parent":"PET6131_chibanr","transform":{"x":22.92,"skX":33.16,"skY":33.16}},{"length":18,"name":"bone6","parent":"PET6131_weiqil","transform":{"x":19.23,"y":0.01,"skX":-36.5,"skY":-36.5}},{"length":22,"name":"bone5","parent":"bone4","transform":{"x":19.68,"y":0.06,"skX":-11.13,"skY":-11.13}}],"slot":[{"name":"pet_yinying","parent":"yz"},{"name":"PET6131_weiqil","parent":"PET6131_weiqil"},{"name":"PET6131_beiqil","parent":"PET6131_beiqil"},{"name":"PET6131_chibanl","parent":"PET6131_chibanl"},{"name":"PET6131_zuiba","parent":"PET6131_zuiba"},{"name":"PET6131_shenti","parent":"PET6131_shenti2"},{"displayIndex":1,"name":"PET6131_puton","parent":"PET6131_puton"},{"name":"PET6131_weiqir","parent":"PET6131_chibanr"},{"name":"PET6131_beiqir","parent":"PET6131_beiqir"},{"name":"PET6131_chibanr","parent":"PET6131_chibanr2"},{"displayIndex":-1,"name":"pet6131_01_part01_00000","parent":"pet6131_01_part01_00000"},{"displayIndex":-1,"name":"pet6131_02_part02_00000","parent":"pet6131_02_part02_00000"}],"skin":[{"slot":[{"name":"PET6131_zuiba","display":[{"name":"PET6131_zuiba","transform":{"x":18.48,"y":0.29,"skX":-0.33,"skY":-0.33}}]},{"name":"PET6131_puton","display":[{"name":"PET6131_gonji","transform":{"x":-0.01,"y":-0.44,"skX":-100.16,"skY":-100.16}},{"name":"PET6131_puton","transform":{"x":-0.01,"y":-0.44,"skX":-100.16,"skY":-100.16}},{"name":"PET6131_shiwan","transform":{"x":-0.01,"y":-0.44,"skX":-100.16,"skY":-100.16}}]},{"name":"PET6131_weiqil","display":[{"type":"mesh","name":"PET6131_weiqil","width":51,"height":35,"vertices":[-67.52,-100.96,-52.54,-98.84,-41.94,-93.1,-32.22,-82.98,-28.67,-75.62,-24.14,-76.22,-11.57,-87.1,-7.07,-92.97,-7.06,-98.3,-16.01,-106.78,-28.06,-113.89,-36.32,-117.59,-40.5,-117.58,-40.02,-115.45,-46.99,-116.2,-56.02,-112.65,-67.85,-105.33,-33.04,-103.35,-14.1,-86.27],"uvs":[0.01205,0.3961,0.25681,0.44659,0.43005,0.58339,0.58875,0.82442,0.64687,1,0.72063,0.98564,0.92641,0.7267,1,0.58665,1,0.45962,0.85376,0.25768,0.65707,0.08827,0.52184,0,0.45366,0,0.46148,0.05081,0.34748,0.0329,0.19996,0.11758,0.0066,0.29184,0.57553,0.33911,0.885,0.74642],"triangles":[18,5,6,18,6,7,18,7,8,9,18,8,9,17,18,3,5,18,17,3,18,10,17,9,17,2,3,3,4,5,11,13,17,11,17,10,1,2,17,12,13,11,15,16,1,16,0,1,1,15,17,13,14,17,14,15,17],"weights":[1,23,1,2,15,0.00761,23,0.99238,2,15,0.44494,23,0.55505,2,15,0.99644,23,0.00355,1,15,1,1,15,1,1,15,1,1,15,0.99999,2,15,0.99996,23,0.00003,2,15,0.96966,23,0.03033,2,15,0.39733,23,0.60266,2,15,0.03416,23,0.96583,2,15,0.00341,23,0.99658,2,15,0.00474,23,0.99524,1,23,1,1,23,1,1,23,1,2,15,0.5,23,0.5,1,15,1],"slotPose":[1,0,0,1,0,0],"bonePose":[23,-1.13537,-0.388503,0.388503,-1.13537,-33.214316,-103.24486,15,-0.681585,-0.987645,0.987645,-0.681585,-20.117315,-84.245636],"edges":[16,0,0,1,1,2,2,3,3,4,4,5,5,6,6,7,7,8,8,9,9,10,10,11,11,12,12,13,13,14,14,15,15,16],"userEdges":[15,17,17,18]}]},{"name":"PET6131_shenti","display":[{"type":"mesh","name":"PET6131_shenti","width":126,"height":66,"vertices":[-50.5,-71.89,-40.89,-63.77,-31.77,-57.3,-23.74,-51.4,-13.45,-44.96,-0.4,-38.34,13.88,-31.1,31.02,-27.09,36.9,-21.61,47.01,-21.62,73.79,-26.63,86.52,-34.48,86.52,-45.15,75.08,-65.74,55.23,-77.9,43.69,-81.9,32.03,-85.94,20.9,-87.8,6.2,-90.25,-4.45,-90.42,-17.19,-90.61,-32.11,-91.03,-43.77,-91.35,-62.68,-100.75,-64.65,-98.09,-63.81,-94.92,-61.54,-86.29,-11.02,-66.67,32.21,-55.8,-43.2,-81.28],"uvs":[0.0936,0.3648,0.15712,0.46742,0.21741,0.54917,0.2706,0.62371,0.33874,0.70516,0.4251,0.78873,0.5195,0.88007,0.63284,0.9308,0.67179,1,0.73864,1,0.91569,0.9368,1,0.83753,1,0.7028,0.92436,0.4428,0.79312,0.28917,0.71672,0.23859,0.63959,0.18753,0.56598,0.16411,0.46874,0.13317,0.39826,0.13101,0.31398,0.12844,0.21532,0.12313,0.13817,0.11898,0.01312,0,0,0.03389,0.00552,0.07391,0.02055,0.1828,0.35483,0.43088,0.64083,0.56818,0.1419,0.24635],"triangles":[28,9,10,14,28,13,28,7,9,15,28,14,16,28,15,7,8,9,16,17,28,6,7,28,17,27,28,27,5,28,5,6,28,18,27,17,27,4,5,19,27,18,20,27,19,3,4,27,1,2,27,2,3,27,20,21,27,22,29,21,29,0,1,26,0,29,10,28,11,13,28,12,12,28,11,21,27,29,29,1,27,22,24,29,23,24,22,24,25,29,25,26,29],"weights":[2,12,0.5202,17,0.47979,2,12,0.93769,17,0.0623,2,6,0.0456,12,0.95439,2,6,0.28651,12,0.71348,3,6,0.71642,11,0.00028,12,0.28329,3,6,0.9314,11,0.03828,12,0.0303,2,6,0.75059,11,0.2494,3,6,0.24957,11,0.75041,12,0.00001,3,6,0.11083,11,0.88914,12,0.00001,3,6,0.03317,11,0.96681,12,0.00001,1,11,0.99999,1,11,1,1,11,1,1,11,1,2,6,0.14067,11,0.85932,2,6,0.41762,11,0.58237,3,6,0.74584,11,0.25347,12,0.00067,3,6,0.90851,11,0.06727,12,0.02421,3,6,0.80682,11,0.00083,12,0.19234,2,6,0.53703,12,0.46296,2,6,0.15042,12,0.84956,3,6,0.00291,12,0.84228,17,0.1548,2,12,0.22626,17,0.77373,1,17,1,1,17,1,1,17,1,1,17,1,2,6,0.5,12,0.5,2,6,0.5,11,0.5,2,12,0.5,17,0.5],"slotPose":[1,0,0,1,0,0],"bonePose":[12,-1.056672,-0.568721,0.568721,-1.056672,-12.327722,-65.498753,17,-0.92127,-0.768936,0.768936,-0.92127,-42.829,-82.078665,6,1.163642,0.29315,-0.29315,1.163642,-10.67,-66.43,11,1.114027,0.44603,-0.44603,1.114027,31.639487,-55.474186],"edges":[24,25,25,26,26,0,0,1,1,2,2,3,3,4,4,5,5,6,6,7,7,8,8,9,9,10,10,11,11,12,12,13,13,14,14,15,15,16,16,17,17,18,18,19,19,20,20,21,21,22,22,23,23,24],"userEdges":[27,28,28,11,27,29,29,24]}]},{"name":"PET6131_beiqir","display":[{"name":"PET6131_beiqir","transform":{"x":9.23,"y":1.88,"skX":129.42,"skY":129.42}}]},{"name":"pet6131_01_part01_00000","display":[{"name":"pet6131_01_part01_00000","transform":{"x":-6.13,"y":-16.35,"skX":73.75,"skY":73.75}},{"name":"pet6131_01_part01_00001","transform":{"x":-6.13,"y":-16.35,"skX":73.75,"skY":73.75}},{"name":"pet6131_01_part01_00002","transform":{"x":-6.13,"y":-16.35,"skX":73.75,"skY":73.75}},{"name":"pet6131_01_part01_00003","transform":{"x":-6.13,"y":-16.35,"skX":73.75,"skY":73.75}},{"name":"pet6131_01_part01_00004","transform":{"x":-6.13,"y":-16.35,"skX":73.75,"skY":73.75}},{"name":"pet6131_01_part01_00005","transform":{"x":-6.13,"y":-16.35,"skX":73.75,"skY":73.75}},{"name":"pet6131_01_part01_00006","transform":{"x":-6.13,"y":-16.35,"skX":73.75,"skY":73.75}},{"name":"pet6131_01_part01_00007","transform":{"x":-6.13,"y":-16.35,"skX":73.75,"skY":73.75}},{"name":"pet6131_01_part01_00008","transform":{"x":-6.13,"y":-16.35,"skX":73.75,"skY":73.75}},{"name":"pet6131_01_part01_00009","transform":{"x":-6.13,"y":-16.35,"skX":73.75,"skY":73.75}},{"name":"pet6131_01_part01_00010","transform":{"x":-6.13,"y":-16.35,"skX":73.75,"skY":73.75}},{"name":"pet6131_01_part01_00011","transform":{"x":-6.13,"y":-16.35,"skX":73.75,"skY":73.75}},{"name":"pet6131_01_part01_00012","transform":{"x":-6.13,"y":-16.35,"skX":73.75,"skY":73.75}}]},{"name":"pet_yinying","display":[{"name":"pet_yinying","transform":{"x":0.7,"y":4.82,"skX":-90,"skY":-90,"scX":1.5,"scY":1.3}}]},{"name":"PET6131_beiqil","display":[{"name":"PET6131_beiqil","transform":{"x":8.53,"y":3.86,"skX":107.74,"skY":107.74}}]},{"name":"pet6131_02_part02_00000","display":[{"name":"pet6131_02_part02_00000","transform":{"x":12.76,"y":-7.08,"skX":51.5,"skY":51.5}},{"name":"pet6131_02_part02_00001","transform":{"x":12.76,"y":-7.08,"skX":51.5,"skY":51.5}},{"name":"pet6131_02_part02_00002","transform":{"x":12.76,"y":-7.08,"skX":51.5,"skY":51.5}},{"name":"pet6131_02_part02_00003","transform":{"x":13.29,"y":-7.5,"skX":51.5,"skY":51.5}},{"name":"pet6131_02_part02_00004","transform":{"x":12.76,"y":-7.08,"skX":51.5,"skY":51.5}},{"name":"pet6131_02_part02_00005","transform":{"x":12.76,"y":-7.08,"skX":51.5,"skY":51.5}},{"name":"pet6131_02_part02_00006","transform":{"x":12.76,"y":-7.08,"skX":51.5,"skY":51.5}},{"name":"pet6131_02_part02_00007","transform":{"x":12.76,"y":-7.08,"skX":51.5,"skY":51.5}},{"name":"pet6131_02_part02_00008","transform":{"x":12.76,"y":-7.08,"skX":51.5,"skY":51.5}},{"name":"pet6131_02_part02_00009","transform":{"x":12.76,"y":-7.08,"skX":51.5,"skY":51.5}}]},{"name":"PET6131_chibanr","display":[{"type":"mesh","name":"PET6131_chibanr","width":96,"height":47,"vertices":[-35.36,-4.46,-24.54,-6.57,-8.7,-14.76,7.54,-25.97,14.26,-36.14,21.71,-40.65,21.71,-49.49,14.91,-54.02,2.25,-52.51,-8.18,-51.72,-24.94,-54.02,-50.67,-54.02,-72.05,-50.52,-86.84,-51.31,-91.73,-41.42,-83.28,-37.59,-93.47,-34.28,-92.51,-24.91,-85.52,-18.46,-79.58,-20.04,-83.66,-15.15,-77.99,-7.24,-67.43,-3.28,-58.19,-10.14,-63.86,-2.62,-49.04,2.37,15.91,-47.21,-29.8,-36.57,-70.73,-28.01],"uvs":[0.50442,0.87898,0.59838,0.84153,0.73588,0.69643,0.87681,0.49749,0.93525,0.31728,1,0.23736,1,0.08055,0.94101,0,0.83101,0.02672,0.74049,0.04076,0.59497,0,0.37153,0,0.18591,0.06183,0.05758,0.04778,0.01518,0.22332,0.08851,0.29119,0,0.3497,0.00831,0.51587,0.06903,0.63055,0.1206,0.60246,0.08508,0.68906,0.13435,0.82948,0.22601,0.8997,0.30622,0.778,0.25695,0.9114,0.38565,1,0.94965,0.12114,0.55268,0.30964,0.1974,0.46114],"triangles":[7,26,6,6,26,5,26,4,5,7,8,26,10,27,9,27,1,2,23,0,27,27,0,1,11,27,10,11,28,27,28,23,27,23,25,0,12,28,11,23,24,25,19,21,22,19,22,23,28,19,23,12,15,28,19,20,21,15,19,28,13,15,12,15,17,19,17,18,19,16,17,15,13,14,15,8,9,26,9,27,26,27,4,26,27,3,4,27,2,3],"weights":[2,10,0.18258,18,0.81741,2,10,0.43611,18,0.56388,2,10,0.86375,18,0.13624,2,10,0.99965,18,0.00034,1,10,1,1,10,1,1,10,1,1,10,1,1,10,1,1,10,1,2,10,0.76259,18,0.2374,2,10,0.01926,18,0.98073,1,18,1,1,18,1,1,18,1,1,18,1,1,18,1,1,18,1,1,18,1,1,18,1,1,18,1,1,18,1,1,18,1,2,10,0.00297,18,0.99702,1,18,1,2,10,0.0268,18,0.97319,1,10,1,2,10,0.5,18,0.5,1,18,1],"slotPose":[1,0,0,1,0,0],"bonePose":[10,-1.170226,0.265654,-0.265654,-1.170226,15.582638,-47.441366,18,-1.170226,0.265654,-0.265654,-1.170226,-29.693391,-37.163214],"edges":[16,17,17,18,18,19,19,20,20,21,21,22,22,23,23,24,24,25,25,0,0,1,1,2,2,3,3,4,4,5,5,6,6,7,7,8,8,9,9,10,10,11,11,12,12,13,13,14,14,15,15,16],"userEdges":[26,27,27,28]}]},{"name":"PET6131_chibanl","display":[{"type":"mesh","name":"PET6131_chibanl","width":61,"height":38,"vertices":[56.99,-63.67,68.38,-68,80.02,-69.09,92.25,-71.25,104.84,-79.66,114.09,-88.79,114.09,-92.87,109.51,-97.31,101.23,-95.98,104.11,-100.54,101.58,-104.5,96.93,-105.5,92.72,-106.4,86.01,-101,86.83,-108.45,74.11,-109.19,68,-103.03,67.28,-109.18,55.65,-107.94,53.13,-102.43,46.65,-94.38,40.91,-84.78,40.93,-70.98,42.67,-66.67,43.91,-63.59,49.68,-63.59,70.67,-85.87],"uvs":[0.2195,0.99816,0.37523,0.90342,0.53425,0.87973,0.70146,0.83237,0.87359,0.64816,1,0.44816,1,0.35868,0.93753,0.26131,0.82441,0.29026,0.86376,0.19026,0.82933,0.10342,0.76559,0.0813,0.70802,0.06131,0.61622,0.17974,0.62769,0.01658,0.45392,0,0.37031,0.135,0.36048,0,0.20146,0.0271,0.16704,0.14816,0.07851,0.32447,0,0.535,0,0.83763,0.02377,0.93221,0.04081,1,0.1195,1,0.40651,0.51141],"triangles":[6,7,5,7,8,5,8,4,5,8,3,4,10,8,9,11,8,10,26,2,3,12,13,11,14,15,13,15,16,13,16,26,13,26,1,2,0,1,26,20,21,26,16,19,26,19,20,26,18,19,16,18,16,17,23,24,25,23,25,0,23,0,26,22,23,26,21,22,26,11,26,8,26,3,8,13,26,11],"weights":[1,7,1,2,7,0.91122,13,0.08877,2,7,0.44816,13,0.55183,2,7,0.11555,13,0.88444,2,7,0.00492,13,0.99506,1,13,1,1,13,1,1,13,1,1,13,1,1,13,1,1,13,1,1,13,1,1,13,1,1,13,1,1,13,1,2,7,0.02936,13,0.97063,2,7,0.28218,13,0.71781,2,7,0.39643,13,0.60355,2,7,0.5521,13,0.44789,2,7,0.65937,13,0.34062,2,7,0.90456,13,0.09543,2,7,0.99553,13,0.00446,1,7,1,1,7,1,1,7,1,1,7,1,2,7,0.5,13,0.5],"slotPose":[1,0,0,1,0,0],"bonePose":[7,0.957227,-0.723683,0.723683,0.957227,48.221216,-68.881624,13,0.968476,-0.708558,0.708558,0.968476,70.843057,-85.939052],"edges":[21,22,22,23,23,24,24,25,25,0,0,1,1,2,2,3,3,4,4,5,5,6,6,7,7,8,8,9,9,10,10,11,11,12,12,13,13,14,14,15,15,16,16,17,17,18,18,19,19,20,20,21],"userEdges":[23,26,26,11]}]},{"name":"PET6131_weiqir","display":[{"type":"mesh","name":"PET6131_weiqir","width":81,"height":31,"vertices":[-134.24,-76.45,-121.17,-75.69,-104.89,-70.26,-89.07,-62.31,-78.77,-60.03,-63.05,-60.02,-48.54,-67.54,-37.05,-70.53,-37.05,-74.55,-37.05,-75.96,-43.96,-81.47,-52.2,-77.63,-61.56,-81.76,-76.44,-90.37,-93.28,-97.21,-100.58,-97.21,-99.45,-94.31,-104.32,-93.84,-110.69,-90.66,-117.37,-90.45,-122.68,-90.29,-123.04,-85.06,-134.24,-81.7,-91.88,-81.96,-70.73,-72.21],"uvs":[0,0.55881,0.13438,0.57894,0.30193,0.72487,0.46467,0.93874,0.5706,1,0.73238,1,0.88164,0.79784,1,0.71732,1,0.60913,1,0.57139,0.92882,0.42294,0.84408,0.5261,0.74778,0.41539,0.59467,0.18391,0.42134,0,0.34623,0,0.35779,0.07823,0.30771,0.09081,0.24223,0.17636,0.1736,0.18196,0.11897,0.18642,0.11512,0.32732,0,0.41791,0.43579,0.41036,0.65341,0.67203],"triangles":[6,7,8,10,8,9,12,24,11,13,24,12,24,4,5,3,4,24,23,3,24,13,23,24,14,23,13,14,16,23,23,2,3,17,18,23,16,17,23,15,16,14,21,1,19,20,21,19,21,22,1,22,0,1,19,2,23,19,1,2,18,19,23,24,6,8,24,5,6,11,24,8,10,11,8],"weights":[1,24,1,1,24,1,2,22,0.18,24,0.81999,3,22,0.90346,19,0.00215,24,0.09437,3,22,0.8472,19,0.15083,24,0.00196,2,22,0.10446,19,0.89553,1,19,1,1,19,1,1,19,1,1,19,1,1,19,1,1,19,1,2,22,0.1309,19,0.86909,3,22,0.9115,19,0.04031,24,0.04818,2,22,0.1749,24,0.82509,2,22,0.04915,24,0.95084,2,22,0.04256,24,0.95743,2,22,0.00036,24,0.99963,1,24,1,1,24,1,1,24,1,1,24,1,1,24,1,2,22,0.5,24,0.5,2,22,0.5,19,0.5],"slotPose":[1,0,0,1,0,0],"bonePose":[24,-1.163795,-0.292541,0.292541,-1.163795,-91.697606,-82.151323,22,-1.085435,-0.511693,0.511693,-1.085435,-70.366937,-72.016078,19,-1.188554,0.165348,-0.165348,-1.188554,-43.125286,-75.805862],"edges":[0,1,1,2,2,3,3,4,4,5,5,6,6,7,7,8,8,9,9,10,10,11,11,12,12,13,13,14,14,15,15,16,16,17,17,18,18,19,19,20,20,21,21,22,22,0],"userEdges":[19,23,23,24,24,8]}]}]}],"animation":[{"duration":52,"name":"attack","frame":[{"duration":35},{"duration":0,"events":[{"name":"0"}]}],"bone":[{"name":"PET6131_beiqir","rotateFrame":[{"duration":6,"tweenEasing":0},{"duration":6,"tweenEasing":0,"rotate":-6.39},{"duration":9,"tweenEasing":0,"rotate":-18.05},{"duration":7,"tweenEasing":0,"rotate":13.46},{"tweenEasing":0,"rotate":-18.05},{"duration":16,"tweenEasing":0,"rotate":13.46},{"duration":7,"tweenEasing":0,"rotate":14.76},{"duration":0}]},{"name":"bone1","rotateFrame":[{"duration":6,"tweenEasing":0},{"duration":7,"tweenEasing":0,"rotate":-2.26},{"duration":8,"tweenEasing":0,"rotate":9.83},{"duration":7,"tweenEasing":0,"rotate":-20.96},{"tweenEasing":0,"rotate":9.83},{"duration":9,"tweenEasing":0,"rotate":-20.96},{"duration":7,"tweenEasing":0,"rotate":-9.13},{"duration":7,"tweenEasing":0,"rotate":-16.22},{"duration":0}]},{"name":"bone","translateFrame":[{"duration":6,"tweenEasing":0},{"duration":7,"tweenEasing":0,"y":6},{"duration":8,"tweenEasing":0,"x":-10,"y":-10},{"duration":7,"tweenEasing":0,"y":6},{"tweenEasing":0,"x":-10,"y":-10},{"duration":16,"tweenEasing":0,"x":10,"y":6},{"duration":7,"tweenEasing":0,"x":13,"y":6},{"duration":0}]},{"name":"yz","translateFrame":[{"duration":6,"tweenEasing":0},{"duration":7,"tweenEasing":0},{"duration":9,"tweenEasing":0,"x":-6.08},{"duration":6,"tweenEasing":0},{"tweenEasing":0,"x":-6.08},{"duration":16,"tweenEasing":0,"x":13.9},{"duration":7,"tweenEasing":0,"x":13.9},{"duration":0}],"scaleFrame":[{"duration":6,"tweenEasing":0},{"duration":7,"tweenEasing":0,"y":1.1},{"duration":9,"tweenEasing":0},{"duration":6,"tweenEasing":0,"y":1.1},{"tweenEasing":0},{"duration":16,"tweenEasing":0},{"duration":7,"tweenEasing":0,"y":1.1},{"duration":0}]},{"name":"PET6131_chibanl","rotateFrame":[{"duration":6,"tweenEasing":0},{"duration":6,"tweenEasing":0,"rotate":-7.57},{"duration":9,"tweenEasing":0,"rotate":34.25},{"duration":7,"tweenEasing":0,"rotate":-43.9},{"tweenEasing":0,"rotate":40.34},{"duration":8,"tweenEasing":0,"rotate":-43.9},{"duration":8,"tweenEasing":0,"rotate":-28.02},{"duration":7,"tweenEasing":0,"rotate":-47.41},{"duration":0}]},{"name":"bone3","rotateFrame":[{"duration":6,"tweenEasing":0},{"duration":7,"tweenEasing":0,"rotate":-17.54},{"duration":8,"tweenEasing":0,"rotate":6.13},{"duration":7,"tweenEasing":0,"rotate":3.43},{"tweenEasing":0,"rotate":-1.2},{"duration":9,"tweenEasing":0,"rotate":-0.57},{"duration":7,"tweenEasing":0,"rotate":-30.3},{"duration":7,"tweenEasing":0,"rotate":-9.64},{"duration":0}]},{"name":"PET6131_chibanr2","rotateFrame":[{"duration":6,"tweenEasing":0},{"duration":5,"tweenEasing":0,"rotate":9.87},{"duration":10,"tweenEasing":0,"rotate":-11.4},{"duration":7,"tweenEasing":0,"rotate":17.89},{"tweenEasing":0,"rotate":-14.8},{"duration":9,"tweenEasing":0,"rotate":17.89},{"duration":7,"tweenEasing":0,"rotate":8.72},{"duration":7,"tweenEasing":0,"rotate":17.37},{"duration":0}]},{"name":"bone4","rotateFrame":[{"duration":6,"tweenEasing":0},{"duration":6,"tweenEasing":0,"rotate":24.05},{"duration":9,"tweenEasing":0,"rotate":-9.8},{"duration":7,"tweenEasing":0,"rotate":20.67},{"tweenEasing":0,"rotate":16.22},{"duration":9,"tweenEasing":0,"rotate":18.33},{"duration":7,"tweenEasing":0,"rotate":-9},{"duration":7,"tweenEasing":0,"rotate":8.41},{"duration":0}]},{"name":"PET6131_weiqil","rotateFrame":[{"duration":6,"tweenEasing":0},{"duration":6,"tweenEasing":0,"rotate":35.53},{"duration":9,"tweenEasing":0,"rotate":-36.9},{"duration":7,"tweenEasing":0,"rotate":15.67},{"tweenEasing":0,"rotate":-22.57},{"duration":9,"tweenEasing":0,"rotate":13.32},{"duration":7,"tweenEasing":0,"rotate":-38.91},{"duration":7,"tweenEasing":0,"rotate":5.03},{"duration":0}]},{"name":"PET6131_shenti2","rotateFrame":[{"duration":6,"tweenEasing":0},{"duration":7,"tweenEasing":0,"rotate":5.91},{"duration":8,"tweenEasing":0,"rotate":-37.64},{"duration":7,"tweenEasing":0,"rotate":28.29},{"tweenEasing":0,"rotate":-37.64},{"duration":9,"tweenEasing":0,"rotate":5.59},{"duration":7,"tweenEasing":0,"rotate":11.36},{"duration":7,"tweenEasing":0,"rotate":-1.1},{"duration":0}]},{"name":"PET6131_zuiba","rotateFrame":[{"duration":28},{"tweenEasing":0},{"duration":16,"tweenEasing":0,"rotate":13.77},{"duration":7,"tweenEasing":0,"rotate":15.67},{"duration":0}]},{"name":"bone2","rotateFrame":[{"duration":6,"tweenEasing":0},{"duration":7,"tweenEasing":0,"rotate":-13.75},{"duration":8,"tweenEasing":0,"rotate":-27.02},{"duration":7,"tweenEasing":0,"rotate":21.9},{"tweenEasing":0,"rotate":-32.72},{"duration":9,"tweenEasing":0,"rotate":17.89},{"duration":7,"tweenEasing":0,"rotate":-11.83},{"duration":7,"tweenEasing":0,"rotate":8.83},{"duration":0}]},{"name":"bone7","rotateFrame":[{"duration":6,"tweenEasing":0},{"duration":5,"tweenEasing":0,"rotate":9.87},{"duration":10,"tweenEasing":0,"rotate":-9.54},{"duration":7,"tweenEasing":0,"rotate":22.08},{"tweenEasing":0,"rotate":-12.94},{"duration":9,"tweenEasing":0,"rotate":22.08},{"duration":7,"tweenEasing":0,"rotate":12.9},{"duration":7,"tweenEasing":0,"rotate":21.56},{"duration":0}]},{"name":"bone6","rotateFrame":[{"duration":6,"tweenEasing":0},{"duration":6,"tweenEasing":0,"rotate":-0.81},{"duration":9,"tweenEasing":0,"rotate":-4.8},{"duration":7,"tweenEasing":0,"rotate":15.67},{"tweenEasing":0,"rotate":9.52},{"duration":9,"tweenEasing":0,"rotate":13.32},{"duration":7,"tweenEasing":0,"rotate":1.41},{"duration":7,"tweenEasing":0,"rotate":5.03},{"duration":0}]},{"name":"PET6131_chibanr","rotateFrame":[{"duration":6,"tweenEasing":0},{"duration":6,"tweenEasing":0,"rotate":24.46},{"duration":9,"tweenEasing":0,"rotate":-25.81},{"duration":7,"tweenEasing":0,"rotate":-4.39},{"tweenEasing":0,"rotate":-27.7},{"duration":9,"tweenEasing":0,"rotate":-6.73},{"duration":7,"tweenEasing":0,"rotate":-35.13},{"duration":7,"tweenEasing":0,"rotate":-16.65},{"duration":0}]},{"name":"bone8","rotateFrame":[{"duration":6,"tweenEasing":0},{"duration":6,"tweenEasing":0,"rotate":-28.01},{"duration":9,"tweenEasing":0,"rotate":13.81},{"duration":7,"tweenEasing":0,"rotate":-29.77},{"tweenEasing":0,"rotate":19.9},{"duration":8,"tweenEasing":0,"rotate":-29.77},{"duration":8,"tweenEasing":0,"rotate":-10.85},{"duration":7,"tweenEasing":0,"rotate":-26.81},{"duration":0}]},{"name":"bone5","rotateFrame":[{"duration":6,"tweenEasing":0},{"duration":6,"tweenEasing":0,"rotate":24.05},{"duration":9,"tweenEasing":0,"rotate":-16.41},{"duration":7,"tweenEasing":0,"rotate":20.67},{"tweenEasing":0,"rotate":-1.31},{"duration":9,"tweenEasing":0,"rotate":18.33},{"duration":7,"tweenEasing":0,"rotate":-9},{"duration":7,"tweenEasing":0,"rotate":8.41},{"duration":0}]},{"name":"PET6131_beiqil","rotateFrame":[{"duration":6,"tweenEasing":0},{"duration":15,"tweenEasing":0,"rotate":-5.2},{"duration":8,"rotate":4.06},{"duration":16,"tweenEasing":0,"rotate":4.06},{"duration":7,"tweenEasing":0,"rotate":9.3},{"duration":0}]},{"name":"pet6131_01_part01_00000","translateFrame":[{"duration":28},{"tweenEasing":0},{"duration":10,"tweenEasing":0,"x":-0.12,"y":10.99},{"duration":13,"tweenEasing":0,"x":-3.81,"y":-7.18},{"duration":0,"x":-0.12,"y":10.99}],"rotateFrame":[{"duration":28},{"tweenEasing":0},{"duration":10,"tweenEasing":0,"rotate":14.39},{"duration":13,"tweenEasing":0,"rotate":-5.8},{"duration":0,"rotate":14.39}]}],"slot":[{"name":"PET6131_puton","displayFrame":[{"duration":29,"value":1},{"duration":23},{"duration":0,"value":1}]},{"name":"pet6131_01_part01_00000","displayFrame":[{"duration":13,"value":-1},{"duration":2},{"duration":2,"value":1},{"duration":2,"value":2},{"duration":2,"value":3},{"duration":2,"value":4},{"duration":2,"value":5},{"duration":2,"value":6},{"duration":2,"value":7},{"duration":2,"value":8},{"duration":2,"value":9},{"duration":2,"value":10},{"duration":2,"value":11},{"duration":2,"value":12},{"duration":13,"value":-1}]}]},{"duration":40,"name":"dead","bone":[{"name":"bone","translateFrame":[{"duration":8,"tweenEasing":0},{"duration":10,"tweenEasing":0,"y":6},{"duration":2,"tweenEasing":0,"y":-5},{"duration":3,"tweenEasing":0,"y":9.79},{"duration":4,"tweenEasing":0,"y":48.86},{"duration":6,"tweenEasing":0,"y":46.32},{"duration":7,"tweenEasing":0,"y":50.15},{"duration":0,"y":48.23}],"rotateFrame":[{"duration":8,"tweenEasing":0},{"duration":10,"tweenEasing":0},{"duration":2,"tweenEasing":0,"rotate":-10.39},{"duration":3,"tweenEasing":0,"rotate":-10.39},{"duration":17,"rotate":5.87}]},{"name":"yz","scaleFrame":[{"duration":8,"tweenEasing":0},{"duration":9,"tweenEasing":0,"y":1.1},{"duration":6,"tweenEasing":0},{"duration":5,"tweenEasing":0,"y":1.3},{"duration":6,"tweenEasing":0,"y":1.2},{"duration":6,"tweenEasing":0,"y":1.3},{"duration":0,"y":1.2}]},{"name":"PET6131_shenti2","rotateFrame":[{"duration":8,"tweenEasing":0},{"duration":10,"tweenEasing":0,"rotate":4.1},{"duration":2,"tweenEasing":0,"rotate":-9.01},{"duration":2,"tweenEasing":0,"rotate":-20.43},{"tweenEasing":0,"rotate":-23.33},{"duration":5,"tweenEasing":0,"rotate":-20.69},{"duration":6,"tweenEasing":0,"rotate":-20.24},{"duration":6,"tweenEasing":0,"rotate":-20.96},{"duration":0,"rotate":-20.69}]},{"name":"PET6131_beiqil","rotateFrame":[{"duration":8,"tweenEasing":0},{"duration":12,"tweenEasing":0,"rotate":3.55},{"duration":20,"rotate":8.54}]},{"name":"PET6131_beiqir","rotateFrame":[{"duration":8,"tweenEasing":0},{"duration":12,"tweenEasing":0,"rotate":-6.58},{"duration":20,"rotate":11.43}]},{"name":"PET6131_chibanl","rotateFrame":[{"duration":8,"tweenEasing":0},{"duration":10,"tweenEasing":0,"rotate":0.46},{"duration":2,"tweenEasing":0,"rotate":24.66},{"duration":2,"tweenEasing":0,"rotate":28.81},{"tweenEasing":0,"rotate":44.84},{"duration":5,"tweenEasing":0,"rotate":64.95},{"duration":6,"tweenEasing":0,"rotate":67.12},{"duration":6,"tweenEasing":0,"rotate":64.01},{"duration":0,"rotate":64.95}]},{"name":"PET6131_chibanr2","rotateFrame":[{"duration":8,"tweenEasing":0},{"duration":10,"tweenEasing":0,"rotate":5.34},{"duration":2,"tweenEasing":0,"rotate":-7.68},{"duration":2,"tweenEasing":0,"rotate":19.53},{"tweenEasing":0,"rotate":33.19},{"duration":5,"tweenEasing":0,"rotate":41.55},{"duration":6,"tweenEasing":0,"rotate":38.57},{"duration":6,"tweenEasing":0,"rotate":40.91},{"duration":0,"rotate":41.54}]},{"name":"bone1","rotateFrame":[{"duration":8,"tweenEasing":0},{"duration":10,"tweenEasing":0,"rotate":-12.76},{"duration":2,"tweenEasing":0,"rotate":1.85},{"duration":2,"tweenEasing":0,"rotate":-14.42},{"tweenEasing":0,"rotate":-9.98},{"duration":5,"tweenEasing":0,"rotate":1.02},{"duration":6,"tweenEasing":0,"rotate":1.46},{"duration":6,"tweenEasing":0,"rotate":-0.14},{"duration":0,"rotate":1.02}]},{"name":"bone2","rotateFrame":[{"duration":8,"tweenEasing":0},{"duration":10,"tweenEasing":0,"rotate":-11.18},{"duration":2,"tweenEasing":0,"rotate":-20.61},{"duration":3,"tweenEasing":0,"rotate":5.65},{"duration":5,"tweenEasing":0,"rotate":-6.26},{"duration":6,"tweenEasing":0,"rotate":-8.43},{"duration":6,"tweenEasing":0,"rotate":-6.01},{"duration":0,"rotate":-6.26}]},{"name":"PET6131_chibanr","rotateFrame":[{"duration":8,"tweenEasing":0},{"duration":10,"tweenEasing":0,"rotate":-6.73},{"duration":2,"tweenEasing":0,"rotate":-5.22},{"duration":3,"tweenEasing":0,"rotate":15.56},{"duration":17,"rotate":-12.5}]},{"name":"PET6131_weiqil","rotateFrame":[{"duration":8,"tweenEasing":0},{"duration":10,"tweenEasing":0,"rotate":13.32},{"duration":2,"tweenEasing":0,"rotate":-5.32},{"duration":3,"tweenEasing":0,"rotate":6.61},{"duration":6,"tweenEasing":0,"rotate":-14.77},{"duration":6,"tweenEasing":0,"rotate":-16.57},{"duration":5,"tweenEasing":0,"rotate":-13.36},{"duration":0,"rotate":-14.77}]},{"name":"bone3","rotateFrame":[{"duration":8,"tweenEasing":0},{"duration":10,"tweenEasing":0,"rotate":-0.45},{"duration":2,"tweenEasing":0,"rotate":-9.86},{"duration":3,"tweenEasing":0,"rotate":11.93},{"duration":5,"tweenEasing":0,"rotate":-6.67},{"duration":6,"tweenEasing":0,"rotate":-8.85},{"duration":6,"tweenEasing":0,"rotate":-6.43},{"duration":0,"rotate":-6.67}]},{"name":"bone7","rotateFrame":[{"duration":8,"tweenEasing":0},{"duration":10,"tweenEasing":0,"rotate":5.34},{"duration":2,"tweenEasing":0,"rotate":15.67},{"duration":2,"tweenEasing":0,"rotate":14.05},{"tweenEasing":0,"rotate":-1.15},{"duration":5,"tweenEasing":0,"rotate":-16.65},{"duration":6,"tweenEasing":0,"rotate":-19.63},{"duration":6,"tweenEasing":0,"rotate":-17.29},{"duration":0,"rotate":-16.65}]},{"name":"bone8","rotateFrame":[{"duration":8,"tweenEasing":0},{"duration":10,"tweenEasing":0,"rotate":-19.97},{"duration":2,"tweenEasing":0,"rotate":8.23},{"duration":2,"tweenEasing":0,"rotate":-8.55},{"tweenEasing":0,"rotate":-13.45},{"duration":5,"tweenEasing":0,"rotate":-3.82},{"duration":6,"tweenEasing":0,"rotate":-1.65},{"duration":6,"tweenEasing":0,"rotate":-4.75},{"duration":0,"rotate":-3.82}]},{"name":"bone4","rotateFrame":[{"duration":8,"tweenEasing":0},{"duration":10,"tweenEasing":0,"rotate":18.33},{"duration":2,"tweenEasing":0,"rotate":27.07},{"duration":3,"tweenEasing":0,"rotate":23.9},{"duration":5,"tweenEasing":0,"rotate":31.26},{"duration":6,"tweenEasing":0,"rotate":32.59},{"duration":6,"tweenEasing":0,"rotate":30.47},{"duration":0,"rotate":31.26}]},{"name":"bone6","rotateFrame":[{"duration":8,"tweenEasing":0},{"duration":10,"tweenEasing":0,"rotate":13.32},{"duration":2,"tweenEasing":0,"rotate":32.35},{"duration":3,"tweenEasing":0,"rotate":0.12},{"duration":6,"tweenEasing":0,"rotate":5.06},{"duration":6,"tweenEasing":0,"rotate":3.27},{"duration":5,"tweenEasing":0,"rotate":6.48},{"duration":0,"rotate":5.06}]},{"name":"bone5","rotateFrame":[{"duration":8,"tweenEasing":0},{"duration":10,"tweenEasing":0,"rotate":18.33},{"duration":2,"tweenEasing":0,"rotate":27.07},{"duration":3,"tweenEasing":0,"rotate":-0.36},{"duration":5,"tweenEasing":0,"rotate":-6.73},{"duration":6,"tweenEasing":0,"rotate":-5.4},{"duration":6,"tweenEasing":0,"rotate":-7.52},{"duration":0,"rotate":-6.73}]},{"name":"PET6131_zuiba","rotateFrame":[{"duration":7},{"duration":8,"tweenEasing":0},{"duration":6,"tweenEasing":0,"rotate":13.52},{"duration":19,"rotate":5.91}]}],"slot":[{"name":"PET6131_puton","displayFrame":[{"duration":23,"value":1},{"duration":17,"value":2}]}]},{"duration":23,"name":"hurt","bone":[{"name":"bone8","rotateFrame":[{"duration":3,"tweenEasing":0},{"duration":2,"tweenEasing":0,"rotate":-19.97},{"duration":12,"tweenEasing":0,"rotate":-12.79},{"duration":6,"tweenEasing":0,"rotate":11.58},{"duration":0}]},{"name":"PET6131_chibanr2","rotateFrame":[{"duration":3,"tweenEasing":0},{"duration":2,"tweenEasing":0,"rotate":5.34},{"duration":12,"tweenEasing":0,"rotate":-4.25},{"duration":6,"tweenEasing":0,"rotate":10.62},{"duration":0}]},{"name":"yz","translateFrame":[{"duration":3,"tweenEasing":0},{"duration":2,"tweenEasing":0},{"duration":11,"tweenEasing":0,"x":-7.36},{"duration":7,"tweenEasing":0,"x":-19.98},{"duration":0}],"scaleFrame":[{"duration":3,"tweenEasing":0},{"duration":2,"tweenEasing":0,"y":1.1},{"duration":18}]},{"name":"PET6131_chibanr","rotateFrame":[{"duration":3,"tweenEasing":0},{"duration":20,"tweenEasing":0,"rotate":-6.73},{"duration":0}]},{"name":"bone6","rotateFrame":[{"duration":3,"tweenEasing":0},{"duration":3,"tweenEasing":0,"rotate":13.32},{"duration":11,"tweenEasing":0,"rotate":8.47},{"duration":6,"tweenEasing":0,"rotate":18.72},{"duration":0}]},{"name":"bone1","rotateFrame":[{"duration":3,"tweenEasing":0},{"duration":2,"tweenEasing":0,"rotate":8.94},{"duration":4,"tweenEasing":0,"rotate":6.61},{"duration":8,"tweenEasing":0,"rotate":3.03},{"duration":6,"tweenEasing":0,"rotate":0.6},{"duration":0}]},{"name":"PET6131_shenti2","rotateFrame":[{"duration":3,"tweenEasing":0},{"duration":2,"tweenEasing":0,"rotate":-6.05},{"duration":12,"tweenEasing":0,"rotate":-30.47},{"duration":6,"tweenEasing":0,"rotate":-37.46},{"duration":0}]},{"name":"bone3","rotateFrame":[{"duration":3,"tweenEasing":0},{"duration":2,"tweenEasing":0,"rotate":-0.45},{"duration":12,"tweenEasing":0,"rotate":-19.01},{"duration":6,"tweenEasing":0,"rotate":4.55},{"duration":0}]},{"name":"bone4","rotateFrame":[{"duration":3,"tweenEasing":0},{"duration":3,"tweenEasing":0,"rotate":18.33},{"duration":11,"tweenEasing":0,"rotate":-8.45},{"duration":6,"tweenEasing":0,"rotate":31.4},{"duration":0}]},{"name":"bone5","rotateFrame":[{"duration":3,"tweenEasing":0},{"duration":3,"tweenEasing":0,"rotate":18.33},{"duration":11,"tweenEasing":0,"rotate":-8.45},{"duration":6,"tweenEasing":0,"rotate":31.4},{"duration":0}]},{"name":"PET6131_beiqil","rotateFrame":[{"duration":3,"tweenEasing":0},{"duration":20,"tweenEasing":0,"rotate":3.55},{"duration":0}]},{"name":"bone7","rotateFrame":[{"duration":3,"tweenEasing":0},{"duration":2,"tweenEasing":0,"rotate":5.34},{"duration":12,"tweenEasing":0,"rotate":-4.25},{"duration":6,"tweenEasing":0,"rotate":10.62},{"duration":0}]},{"name":"bone","translateFrame":[{"duration":3,"tweenEasing":0},{"duration":2,"tweenEasing":0,"y":6},{"duration":12,"tweenEasing":0,"x":-10,"y":6},{"duration":6,"tweenEasing":0,"x":-20,"y":6},{"duration":0}]},{"name":"bone2","rotateFrame":[{"duration":3,"tweenEasing":0},{"duration":2,"tweenEasing":0,"rotate":-11.18},{"duration":12,"tweenEasing":0,"rotate":-17.78},{"duration":6,"tweenEasing":0,"rotate":5.79},{"duration":0}]},{"name":"PET6131_weiqil","rotateFrame":[{"duration":3,"tweenEasing":0},{"duration":3,"tweenEasing":0,"rotate":13.32},{"duration":11,"tweenEasing":0,"rotate":8.47},{"duration":6,"tweenEasing":0,"rotate":18.71},{"duration":0}]},{"name":"PET6131_beiqir","rotateFrame":[{"duration":3,"tweenEasing":0},{"duration":20,"tweenEasing":0,"rotate":-6.58},{"duration":0}]},{"name":"PET6131_chibanl","rotateFrame":[{"duration":3,"tweenEasing":0},{"duration":2,"tweenEasing":0,"rotate":0.46},{"duration":12,"tweenEasing":0,"rotate":7.64},{"duration":6,"tweenEasing":0,"rotate":32.02},{"duration":0}]},{"name":"PET6131_zuiba","rotateFrame":[{"duration":5,"tweenEasing":0},{"duration":9,"tweenEasing":0,"rotate":-0.84},{"duration":9,"tweenEasing":0,"rotate":10.94},{"duration":0}]}]},{"duration":68,"name":"skill","frame":[{"duration":45},{"duration":0,"events":[{"name":"0"}]}],"bone":[{"name":"PET6131_beiqir","rotateFrame":[{"duration":8,"tweenEasing":0},{"duration":9,"tweenEasing":0,"rotate":15.97},{"duration":9,"tweenEasing":0,"rotate":-12.83},{"duration":8,"tweenEasing":0,"rotate":13.59},{"duration":6,"tweenEasing":0,"rotate":-12.83},{"duration":5,"tweenEasing":0,"rotate":13.59},{"duration":13,"tweenEasing":0,"rotate":13.46},{"duration":10,"tweenEasing":0,"rotate":14.76},{"duration":0}]},{"name":"PET6131_chibanr2","rotateFrame":[{"duration":8,"tweenEasing":0},{"duration":9,"tweenEasing":0,"rotate":14.76},{"duration":9,"tweenEasing":0,"rotate":-35.99},{"duration":8,"tweenEasing":0,"rotate":0.21},{"duration":6,"tweenEasing":0,"rotate":-35.99},{"duration":5,"tweenEasing":0,"rotate":0.21},{"duration":13,"tweenEasing":0,"rotate":17.89},{"duration":10,"tweenEasing":0,"rotate":9.1},{"duration":0}]},{"name":"bone5","rotateFrame":[{"duration":8,"tweenEasing":0},{"duration":9,"tweenEasing":0,"rotate":24.05},{"duration":9,"tweenEasing":0,"rotate":2.85},{"duration":8,"tweenEasing":0,"rotate":9.96},{"duration":6,"tweenEasing":0,"rotate":2.85},{"duration":5,"tweenEasing":0,"rotate":9.96},{"duration":5,"tweenEasing":0,"rotate":18.33},{"duration":8,"tweenEasing":0,"rotate":-9},{"duration":10,"tweenEasing":0,"rotate":8.41},{"duration":0}]},{"name":"yz","translateFrame":[{"duration":40,"tweenEasing":0},{"duration":5,"tweenEasing":0},{"duration":11,"tweenEasing":0,"x":10.38},{"duration":12,"tweenEasing":0,"x":14.03},{"duration":0}],"scaleFrame":[{"duration":8,"tweenEasing":0},{"duration":9,"tweenEasing":0,"y":1.1},{"duration":8,"tweenEasing":0},{"duration":8,"tweenEasing":0,"y":1.1},{"duration":7,"tweenEasing":0},{"duration":5,"tweenEasing":0,"y":1.1},{"duration":11,"tweenEasing":0},{"duration":12,"tweenEasing":0,"y":1.1},{"duration":0}]},{"name":"PET6131_beiqil","rotateFrame":[{"duration":8,"tweenEasing":0},{"duration":37,"tweenEasing":0,"rotate":-5.2},{"duration":13,"tweenEasing":0,"rotate":4.06},{"duration":10,"tweenEasing":0,"rotate":9.3},{"duration":0}]},{"name":"bone4","rotateFrame":[{"duration":8,"tweenEasing":0},{"duration":9,"tweenEasing":0,"rotate":24.05},{"duration":9,"tweenEasing":0,"rotate":-14},{"duration":8,"tweenEasing":0,"rotate":40.39},{"duration":6,"tweenEasing":0,"rotate":-14},{"duration":5,"tweenEasing":0,"rotate":53.42},{"duration":5,"tweenEasing":0,"rotate":18.33},{"duration":8,"tweenEasing":0,"rotate":-9},{"duration":10,"tweenEasing":0,"rotate":8.41},{"duration":0}]},{"name":"bone3","rotateFrame":[{"duration":8,"tweenEasing":0},{"duration":9,"tweenEasing":0,"rotate":9.24},{"duration":9,"tweenEasing":0,"rotate":-24.18},{"duration":8,"tweenEasing":0,"rotate":10.97},{"duration":6,"tweenEasing":0,"rotate":-24.18},{"duration":5,"tweenEasing":0,"rotate":7.2},{"duration":5,"tweenEasing":0,"rotate":-0.57},{"duration":8,"tweenEasing":0,"rotate":-30.3},{"duration":10,"tweenEasing":0,"rotate":-9.64},{"duration":0}]},{"name":"bone1","rotateFrame":[{"duration":8,"tweenEasing":0},{"duration":9,"tweenEasing":0,"rotate":-7.28},{"duration":9,"tweenEasing":0,"rotate":18.99},{"duration":8,"tweenEasing":0,"rotate":-6.18},{"duration":6,"tweenEasing":0,"rotate":18.99},{"duration":5,"tweenEasing":0,"rotate":-18.28},{"duration":13,"tweenEasing":0,"rotate":-27.06},{"duration":10,"tweenEasing":0,"rotate":-31.12},{"duration":0}]},{"name":"PET6131_weiqil","rotateFrame":[{"duration":8,"tweenEasing":0},{"duration":9,"tweenEasing":0,"rotate":35.53},{"duration":9,"tweenEasing":0,"rotate":-48.22},{"duration":8,"tweenEasing":0,"rotate":9.54},{"duration":6,"tweenEasing":0,"rotate":-48.22},{"duration":5,"tweenEasing":0,"rotate":14.04},{"duration":5,"tweenEasing":0,"rotate":13.32},{"duration":8,"tweenEasing":0,"rotate":-38.91},{"duration":10,"tweenEasing":0,"rotate":5.03},{"duration":0}]},{"name":"bone","translateFrame":[{"duration":8,"tweenEasing":0},{"duration":9,"tweenEasing":0,"y":6},{"duration":9,"tweenEasing":0,"x":-10,"y":-5},{"duration":8,"tweenEasing":0,"y":5},{"duration":6,"tweenEasing":0,"x":-10,"y":-5},{"duration":5,"tweenEasing":0,"y":5},{"duration":13,"tweenEasing":0,"x":10,"y":6},{"duration":10,"tweenEasing":0,"x":13,"y":6},{"duration":0}],"rotateFrame":[{"duration":8,"tweenEasing":0},{"duration":9,"tweenEasing":0},{"duration":9,"tweenEasing":0,"rotate":-75.7},{"duration":8,"tweenEasing":0,"rotate":-55.89},{"duration":6,"tweenEasing":0,"rotate":-75.7},{"duration":5,"tweenEasing":0,"rotate":-55.89},{"duration":23}]},{"name":"PET6131_zuiba","rotateFrame":[{"duration":8,"tweenEasing":0},{"duration":9,"tweenEasing":0,"rotate":4.2},{"duration":9,"tweenEasing":0,"rotate":0.77},{"duration":8,"tweenEasing":0,"rotate":8.73},{"duration":6,"tweenEasing":0,"rotate":0.77},{"duration":5,"tweenEasing":0,"rotate":0.46},{"duration":13,"tweenEasing":0,"rotate":31.41},{"duration":10,"tweenEasing":0,"rotate":27.36},{"duration":0}]},{"name":"bone2","rotateFrame":[{"duration":8,"tweenEasing":0},{"duration":9,"tweenEasing":0,"rotate":13.03},{"duration":9,"tweenEasing":0,"rotate":-23.56},{"duration":8,"tweenEasing":0,"rotate":20},{"duration":6,"tweenEasing":0,"rotate":-23.56},{"duration":5,"tweenEasing":0,"rotate":5.39},{"duration":5,"tweenEasing":0,"rotate":4.07},{"duration":8,"tweenEasing":0,"rotate":-11.83},{"duration":10,"tweenEasing":0,"rotate":8.83},{"duration":0}]},{"name":"bone7","rotateFrame":[{"duration":8,"tweenEasing":0},{"duration":9,"tweenEasing":0,"rotate":14.76},{"duration":9,"tweenEasing":0,"rotate":-33.88},{"duration":8,"tweenEasing":0,"rotate":21.58},{"duration":6,"tweenEasing":0,"rotate":-33.88},{"duration":5,"tweenEasing":0,"rotate":21.58},{"duration":13,"tweenEasing":0,"rotate":22.08},{"duration":10,"tweenEasing":0,"rotate":13.28},{"duration":0}]},{"name":"bone6","rotateFrame":[{"duration":8,"tweenEasing":0},{"duration":9,"tweenEasing":0,"rotate":-0.81},{"duration":9,"tweenEasing":0,"rotate":10.08},{"duration":8,"tweenEasing":0,"rotate":9.88},{"duration":6,"tweenEasing":0,"rotate":10.08},{"duration":5,"tweenEasing":0,"rotate":19.04},{"duration":5,"tweenEasing":0,"rotate":13.32},{"duration":8,"tweenEasing":0,"rotate":1.41},{"duration":10,"tweenEasing":0,"rotate":5.03},{"duration":0}]},{"name":"PET6131_chibanr","rotateFrame":[{"duration":8,"tweenEasing":0},{"duration":9,"tweenEasing":0,"rotate":24.46},{"duration":9,"tweenEasing":0,"rotate":-28.38},{"duration":8,"tweenEasing":0,"rotate":-15.37},{"duration":6,"tweenEasing":0,"rotate":-28.38},{"duration":5,"tweenEasing":0,"rotate":-15.37},{"duration":5,"tweenEasing":0,"rotate":-6.73},{"duration":8,"tweenEasing":0,"rotate":-35.13},{"duration":10,"tweenEasing":0,"rotate":-16.65},{"duration":0}]},{"name":"PET6131_shenti2","rotateFrame":[{"duration":8,"tweenEasing":0},{"duration":9,"tweenEasing":0,"rotate":9.94},{"duration":9,"tweenEasing":0,"rotate":-5.69},{"duration":8,"tweenEasing":0,"rotate":-43.97},{"duration":6,"tweenEasing":0,"rotate":-5.69},{"duration":5,"tweenEasing":0,"rotate":-72.17},{"duration":13,"tweenEasing":0,"rotate":-8.22},{"duration":10,"tweenEasing":0,"rotate":-1.1},{"duration":0}]},{"name":"bone8","rotateFrame":[{"duration":8,"tweenEasing":0},{"duration":9,"tweenEasing":0,"rotate":-27.13},{"duration":9,"tweenEasing":0,"rotate":14.75},{"duration":8,"tweenEasing":0,"rotate":-19.03},{"duration":6,"tweenEasing":0,"rotate":14.75},{"duration":5,"tweenEasing":0,"rotate":-19.03},{"duration":13,"tweenEasing":0,"rotate":-29.77},{"duration":10,"tweenEasing":0,"rotate":-12.84},{"duration":0}]},{"name":"PET6131_chibanl","rotateFrame":[{"duration":8,"tweenEasing":0},{"duration":9,"tweenEasing":0,"rotate":-32.76},{"duration":9,"tweenEasing":0,"rotate":22.13},{"duration":8,"tweenEasing":0,"rotate":-22.53},{"duration":6,"tweenEasing":0,"rotate":22.13},{"duration":5,"tweenEasing":0,"rotate":-22.53},{"duration":13,"tweenEasing":0,"rotate":-43.9},{"duration":10,"tweenEasing":0,"rotate":-33.44},{"duration":0}]},{"name":"pet6131_02_part02_00000","scaleFrame":[{"duration":18,"x":0.5,"y":0.5},{"duration":20,"tweenEasing":0,"x":0.5,"y":0.5},{"duration":30}]}],"slot":[{"name":"PET6131_puton","displayFrame":[{"duration":45,"value":1},{"duration":23},{"duration":0,"value":1}]},{"name":"pet6131_02_part02_00000","displayFrame":[{"duration":18,"value":-1},{"duration":2},{"duration":2,"value":1},{"duration":2,"value":2},{"duration":2,"value":3},{"duration":2,"value":4},{"duration":2,"value":5},{"duration":2,"value":6},{"duration":2,"value":7},{"duration":2,"value":8},{"duration":2,"value":9},{"duration":30,"value":-1}]}]},{"duration":30,"name":"stand","bone":[{"name":"bone","translateFrame":[{"duration":15,"tweenEasing":0},{"duration":15,"tweenEasing":0,"y":7.97},{"duration":0}]},{"name":"yz","scaleFrame":[{"duration":15,"tweenEasing":0},{"duration":15,"tweenEasing":0,"y":1.1},{"duration":0}]},{"name":"PET6131_shenti2","rotateFrame":[{"duration":15,"tweenEasing":0},{"duration":15,"tweenEasing":0,"rotate":4.1},{"duration":0}]},{"name":"PET6131_beiqil","rotateFrame":[{"duration":7,"tweenEasing":0},{"duration":13,"tweenEasing":0,"rotate":7.33},{"duration":10,"tweenEasing":0,"rotate":-5.87},{"duration":0}]},{"name":"PET6131_beiqir","rotateFrame":[{"duration":15,"tweenEasing":0},{"duration":15,"tweenEasing":0,"rotate":6.89},{"duration":0}]},{"name":"PET6131_chibanl","rotateFrame":[{"duration":6,"tweenEasing":0},{"duration":8,"tweenEasing":0,"rotate":-7.29},{"duration":6,"tweenEasing":0,"rotate":19.48},{"duration":10,"tweenEasing":0,"rotate":29.2},{"duration":0}]},{"name":"PET6131_chibanr2","rotateFrame":[{"duration":7,"tweenEasing":0},{"duration":9,"tweenEasing":0,"rotate":5.34},{"duration":6,"tweenEasing":0,"rotate":-6.98},{"duration":8,"tweenEasing":0,"rotate":-11.74},{"duration":0}]},{"name":"bone1","rotateFrame":[{"duration":15,"tweenEasing":0},{"duration":15,"tweenEasing":0,"rotate":-12.76},{"duration":0}]},{"name":"bone2","rotateFrame":[{"duration":15,"tweenEasing":0},{"duration":15,"tweenEasing":0,"rotate":-22.39},{"duration":0}]},{"name":"PET6131_chibanr","rotateFrame":[{"duration":16,"tweenEasing":0},{"duration":14,"tweenEasing":0,"rotate":-5.23},{"duration":0}]},{"name":"PET6131_weiqil","rotateFrame":[{"duration":8,"tweenEasing":0},{"duration":11,"tweenEasing":0,"rotate":3.89},{"duration":11,"tweenEasing":0,"rotate":-4.68},{"duration":0}]},{"name":"bone3","rotateFrame":[{"duration":15,"tweenEasing":0},{"duration":7,"tweenEasing":0,"rotate":-11.64},{"duration":8,"tweenEasing":0,"rotate":-14.4},{"duration":0}]},{"name":"bone7","rotateFrame":[{"duration":7,"tweenEasing":0},{"duration":9,"tweenEasing":0,"rotate":5.34},{"duration":6,"tweenEasing":0,"rotate":-6.98},{"duration":8,"tweenEasing":0,"rotate":-11.74},{"duration":0}]},{"name":"bone8","rotateFrame":[{"duration":6,"tweenEasing":0},{"duration":8,"tweenEasing":0,"rotate":-7.29},{"duration":6,"tweenEasing":0,"rotate":-8.73},{"duration":10,"tweenEasing":0,"rotate":0.98},{"duration":0}]},{"name":"bone4","rotateFrame":[{"duration":8,"tweenEasing":0},{"duration":11,"tweenEasing":0,"rotate":8.88},{"duration":11,"tweenEasing":0,"rotate":-11.19},{"duration":0}]},{"name":"bone6","rotateFrame":[{"duration":8,"tweenEasing":0},{"duration":11,"tweenEasing":0,"rotate":3.89},{"duration":11,"tweenEasing":0,"rotate":-4.68},{"duration":0}]},{"name":"bone5","rotateFrame":[{"duration":8,"tweenEasing":0},{"duration":11,"tweenEasing":0,"rotate":8.88},{"duration":11,"tweenEasing":0,"rotate":-11.19},{"duration":0}]},{"name":"PET6131_zuiba","rotateFrame":[{"duration":15,"tweenEasing":0},{"duration":15,"tweenEasing":0,"rotate":7.91},{"duration":0}]}]},{"duration":24,"name":"walk","bone":[{"name":"bone","translateFrame":[{"duration":7,"tweenEasing":0},{"duration":9,"tweenEasing":0,"y":-4.52},{"duration":8,"tweenEasing":0,"y":8.89},{"duration":0}],"rotateFrame":[{"duration":7,"tweenEasing":0,"rotate":-2.66},{"duration":9,"tweenEasing":0,"rotate":-2.66},{"duration":8,"tweenEasing":0,"rotate":3.53},{"duration":0,"rotate":-2.66}]},{"name":"yz","scaleFrame":[{"duration":6,"tweenEasing":0},{"duration":6,"tweenEasing":0,"y":1.1},{"duration":12}]},{"name":"PET6131_shenti2","rotateFrame":[{"duration":7,"tweenEasing":0},{"duration":8,"tweenEasing":0,"rotate":-15.08},{"duration":9,"tweenEasing":0,"rotate":-0.34},{"duration":0}]},{"name":"PET6131_beiqil","rotateFrame":[{"duration":6,"tweenEasing":0},{"duration":10,"tweenEasing":0,"rotate":7.33},{"duration":8,"tweenEasing":0,"rotate":-5.87},{"duration":0}]},{"name":"PET6131_beiqir","rotateFrame":[{"duration":12,"tweenEasing":0},{"duration":12,"tweenEasing":0,"rotate":6.89},{"duration":0}]},{"name":"PET6131_chibanl","rotateFrame":[{"duration":5,"tweenEasing":0},{"duration":7,"tweenEasing":0,"rotate":-7.29},{"duration":5,"tweenEasing":0,"rotate":23.13},{"duration":7,"tweenEasing":0,"rotate":19.11},{"duration":0}]},{"name":"PET6131_chibanr2","rotateFrame":[{"duration":6,"tweenEasing":0},{"duration":7,"tweenEasing":0,"rotate":5.34},{"duration":4,"tweenEasing":0,"rotate":-6.98},{"duration":7,"tweenEasing":0,"rotate":-11.74},{"duration":0}]},{"name":"bone1","rotateFrame":[{"duration":7,"tweenEasing":0},{"duration":8,"tweenEasing":0,"rotate":3.93},{"duration":9,"tweenEasing":0,"rotate":-14.73},{"duration":0}]},{"name":"bone2","rotateFrame":[{"duration":5,"tweenEasing":0},{"duration":6,"tweenEasing":0,"rotate":-17.9},{"duration":7,"tweenEasing":0,"rotate":1.85},{"duration":6,"tweenEasing":0,"rotate":-20.43},{"duration":0}]},{"name":"PET6131_chibanr","rotateFrame":[{"duration":5,"tweenEasing":0,"rotate":26.99},{"duration":6,"tweenEasing":0,"rotate":-17.41},{"duration":6,"tweenEasing":0,"rotate":26.99},{"duration":7,"tweenEasing":0,"rotate":-27.88},{"duration":0,"rotate":26.99}]},{"name":"PET6131_weiqil","rotateFrame":[{"duration":5,"tweenEasing":0,"rotate":40.64},{"duration":6,"tweenEasing":0,"rotate":-20.34},{"duration":6,"tweenEasing":0,"rotate":40.64},{"duration":7,"tweenEasing":0,"rotate":-28.85},{"duration":0,"rotate":40.64}]},{"name":"bone3","rotateFrame":[{"duration":5,"tweenEasing":0},{"duration":6,"tweenEasing":0,"rotate":-17.89},{"duration":7,"tweenEasing":0,"rotate":1.85},{"duration":6,"tweenEasing":0,"rotate":-20.42},{"duration":0}]},{"name":"bone7","rotateFrame":[{"duration":6,"tweenEasing":0},{"duration":7,"tweenEasing":0,"rotate":5.34},{"duration":4,"tweenEasing":0,"rotate":-6.98},{"duration":7,"tweenEasing":0,"rotate":-11.74},{"duration":0}]},{"name":"bone8","rotateFrame":[{"duration":5,"tweenEasing":0},{"duration":7,"tweenEasing":0,"rotate":-7.29},{"duration":5,"tweenEasing":0,"rotate":-5.09},{"duration":7,"tweenEasing":0,"rotate":11.93},{"duration":0}]},{"name":"bone4","rotateFrame":[{"duration":5,"tweenEasing":0,"rotate":-6.96},{"duration":6,"tweenEasing":0,"rotate":6.19},{"duration":6,"tweenEasing":0,"rotate":-6.96},{"duration":7,"tweenEasing":0,"rotate":6.19},{"duration":0,"rotate":-6.96}]},{"name":"bone6","rotateFrame":[{"duration":5,"tweenEasing":0,"rotate":-7.02},{"duration":6,"tweenEasing":0,"rotate":23.98},{"duration":6,"tweenEasing":0,"rotate":-7.02},{"duration":7,"tweenEasing":0,"rotate":34.44},{"duration":0,"rotate":-7.02}]},{"name":"bone5","rotateFrame":[{"duration":5,"tweenEasing":0,"rotate":-10.46},{"duration":6,"tweenEasing":0,"rotate":33.99},{"duration":6,"tweenEasing":0,"rotate":-10.46},{"duration":7,"tweenEasing":0,"rotate":33.99},{"duration":0,"rotate":-10.46}]},{"name":"PET6131_zuiba","rotateFrame":[{"duration":10,"tweenEasing":0},{"duration":14,"tweenEasing":0,"rotate":9.27},{"duration":0}]}]},{"duration":40,"name":"win","bone":[{"name":"bone8","rotateFrame":[{"duration":8,"tweenEasing":0},{"duration":8,"tweenEasing":0,"rotate":-19.97},{"duration":8,"tweenEasing":0,"rotate":1.25},{"duration":9,"tweenEasing":0,"rotate":-30.23},{"duration":7,"tweenEasing":0,"rotate":1.25},{"duration":0}]},{"name":"PET6131_chibanr2","rotateFrame":[{"duration":8,"tweenEasing":0},{"duration":8,"tweenEasing":0,"rotate":5.34},{"duration":8,"tweenEasing":0,"rotate":-3},{"duration":9,"tweenEasing":0,"rotate":10.84},{"duration":7,"tweenEasing":0,"rotate":-3},{"duration":0}]},{"name":"yz","translateFrame":[{"duration":8,"tweenEasing":0},{"duration":8,"tweenEasing":0},{"duration":17,"tweenEasing":0,"x":10.34},{"duration":7,"tweenEasing":0,"x":10.34},{"duration":0}],"scaleFrame":[{"duration":8,"tweenEasing":0},{"duration":8,"tweenEasing":0,"y":1.1},{"duration":8,"tweenEasing":0},{"duration":9,"tweenEasing":0,"y":1.1},{"duration":7}]},{"name":"PET6131_chibanr","rotateFrame":[{"duration":8,"tweenEasing":0},{"duration":32,"tweenEasing":0,"rotate":-6.73},{"duration":0}]},{"name":"bone6","rotateFrame":[{"duration":8,"tweenEasing":0},{"duration":8,"tweenEasing":0,"rotate":13.32},{"duration":8,"tweenEasing":0,"rotate":-4.99},{"duration":9,"tweenEasing":0,"rotate":3.53},{"duration":7,"tweenEasing":0,"rotate":-4.99},{"duration":0}]},{"name":"bone1","rotateFrame":[{"duration":8,"tweenEasing":0},{"duration":8,"tweenEasing":0,"rotate":-16.17},{"duration":8,"tweenEasing":0,"rotate":-15.22},{"duration":9,"tweenEasing":0,"rotate":5.41},{"duration":7,"tweenEasing":0,"rotate":-15.22},{"duration":0}]},{"name":"PET6131_shenti2","rotateFrame":[{"duration":8,"tweenEasing":0},{"duration":8,"tweenEasing":0,"rotate":0.69},{"duration":8,"tweenEasing":0,"rotate":-18.59},{"duration":9,"tweenEasing":0,"rotate":2.03},{"duration":7,"tweenEasing":0,"rotate":-18.59},{"duration":0}]},{"name":"bone3","rotateFrame":[{"duration":8,"tweenEasing":0},{"duration":8,"tweenEasing":0,"rotate":-0.45},{"duration":8,"tweenEasing":0,"rotate":-16.25},{"duration":9,"tweenEasing":0,"rotate":-23.17},{"duration":7,"tweenEasing":0,"rotate":-16.25},{"duration":0}]},{"name":"bone4","rotateFrame":[{"duration":8,"tweenEasing":0},{"duration":8,"tweenEasing":0,"rotate":18.33},{"duration":8,"tweenEasing":0,"rotate":-10.49},{"duration":9,"tweenEasing":0,"rotate":1.68},{"duration":7,"tweenEasing":0,"rotate":-10.49},{"duration":0}]},{"name":"bone5","rotateFrame":[{"duration":8,"tweenEasing":0},{"duration":8,"tweenEasing":0,"rotate":18.33},{"duration":8,"tweenEasing":0,"rotate":-10.49},{"duration":9,"tweenEasing":0,"rotate":1.68},{"duration":7,"tweenEasing":0,"rotate":-10.49},{"duration":0}]},{"name":"PET6131_beiqil","rotateFrame":[{"duration":8,"tweenEasing":0},{"duration":32,"tweenEasing":0,"rotate":3.55},{"duration":0}]},{"name":"bone7","rotateFrame":[{"duration":8,"tweenEasing":0},{"duration":8,"tweenEasing":0,"rotate":5.34},{"duration":8,"tweenEasing":0,"rotate":-3},{"duration":9,"tweenEasing":0,"rotate":10.84},{"duration":7,"tweenEasing":0,"rotate":-3},{"duration":0}]},{"name":"bone","translateFrame":[{"duration":8,"tweenEasing":0},{"duration":8,"tweenEasing":0,"x":-5,"y":8.64},{"duration":8,"tweenEasing":0,"x":10,"y":-5},{"duration":9,"tweenEasing":0,"x":10,"y":5},{"duration":7,"tweenEasing":0,"x":10,"y":-5},{"duration":0}],"rotateFrame":[{"duration":8,"tweenEasing":0},{"duration":8,"tweenEasing":0,"rotate":0.88},{"duration":8,"tweenEasing":0,"rotate":0.88},{"duration":9,"tweenEasing":0,"rotate":7.73},{"duration":7,"tweenEasing":0,"rotate":0.88},{"duration":0}]},{"name":"bone2","rotateFrame":[{"duration":8,"tweenEasing":0},{"duration":8,"tweenEasing":0,"rotate":-11.18},{"duration":8,"tweenEasing":0,"rotate":-27},{"duration":9,"tweenEasing":0,"rotate":-33.92},{"duration":7,"tweenEasing":0,"rotate":-27},{"duration":0}]},{"name":"PET6131_weiqil","rotateFrame":[{"duration":8,"tweenEasing":0},{"duration":8,"tweenEasing":0,"rotate":13.32},{"duration":8,"tweenEasing":0,"rotate":-4.99},{"duration":9,"tweenEasing":0,"rotate":3.53},{"duration":7,"tweenEasing":0,"rotate":-4.99},{"duration":0}]},{"name":"PET6131_beiqir","rotateFrame":[{"duration":8,"tweenEasing":0},{"duration":7,"tweenEasing":0,"rotate":-6.58},{"duration":9,"tweenEasing":0,"rotate":-14.37},{"duration":8,"tweenEasing":0,"rotate":-22.47},{"duration":8,"tweenEasing":0,"rotate":-15.29},{"duration":0}]},{"name":"PET6131_chibanl","rotateFrame":[{"duration":8,"tweenEasing":0},{"duration":8,"tweenEasing":0,"rotate":0.46},{"duration":8,"tweenEasing":0,"rotate":21.69},{"duration":9,"tweenEasing":0,"rotate":-9.79},{"duration":7,"tweenEasing":0,"rotate":21.69},{"duration":0}]}]}],"defaultActions":[{"gotoAndPlay":"attack"}]}]}