{"imagePath":"S6095_tex.png","width":1024,"height":1024,"name":"S6095","SubTexture":[{"frameY":-2,"y":1,"frameWidth":320,"frameHeight":316,"width":320,"height":314,"name":"pet6095_tx_skill_sj/pet6095_tx_skill_sj_00026","frameX":0,"x":1},{"frameY":-20,"y":306,"frameWidth":320,"frameHeight":316,"width":290,"height":279,"name":"pet6095_tx_skill_sj/pet6095_tx_skill_sj_00022","frameX":-11,"x":624},{"frameY":-8,"y":1,"frameWidth":320,"frameHeight":316,"width":302,"height":303,"name":"pet6095_tx_skill_sj/pet6095_tx_skill_sj_00025","frameX":-7,"x":645},{"frameY":-14,"y":317,"frameWidth":320,"frameHeight":316,"width":280,"height":289,"name":"pet6095_tx_skill_sj/pet6095_tx_skill_sj_00024","frameX":-15,"x":1},{"frameY":-6,"y":299,"frameWidth":320,"frameHeight":316,"width":299,"height":300,"name":"pet6095_tx_skill_sj/pet6095_tx_skill_sj_00028","frameX":-14,"x":323},{"frameY":-122,"y":587,"frameWidth":320,"frameHeight":316,"width":90,"height":82,"name":"pet6095_tx_skill_sj/pet6095_tx_skill_sj_00021","frameX":-112,"x":903},{"frameY":-11,"y":1,"frameWidth":320,"frameHeight":316,"width":320,"height":296,"name":"pet6095_tx_skill_sj/pet6095_tx_skill_sj_00027","frameX":0,"x":323},{"frameY":-16,"y":587,"frameWidth":320,"frameHeight":316,"width":277,"height":286,"name":"pet6095_tx_skill_sj/pet6095_tx_skill_sj_00023","frameX":-21,"x":624}]}