{"frameRate":60,"name":"S6095","version":"5.5","compatibleVersion":"5.5","armature":[{"type":"Armature","frameRate":60,"name":"Armature","bone":[{"inheritScale":false,"name":"tiankong"}],"slot":[{"displayIndex":-1,"name":"tiankong","parent":"tiankong"}],"skin":[{"slot":[{"name":"tiankong","display":[{"name":"pet6095_tx_skill_sj/pet6095_tx_skill_sj_00021"},{"name":"pet6095_tx_skill_sj/pet6095_tx_skill_sj_00022"},{"name":"pet6095_tx_skill_sj/pet6095_tx_skill_sj_00023"},{"name":"pet6095_tx_skill_sj/pet6095_tx_skill_sj_00024"},{"name":"pet6095_tx_skill_sj/pet6095_tx_skill_sj_00025"},{"name":"pet6095_tx_skill_sj/pet6095_tx_skill_sj_00026"},{"name":"pet6095_tx_skill_sj/pet6095_tx_skill_sj_00027"},{"name":"pet6095_tx_skill_sj/pet6095_tx_skill_sj_00028"}]}]}],"animation":[{"duration":32,"playTimes":0,"name":"hit","frame":[{"duration":16},{"duration":0,"events":[{"name":"0"}]}],"bone":[{"name":"tiankong","translateFrame":[{"duration":8,"tweenEasing":0,"x":-200,"y":-200},{"duration":24}],"scaleFrame":[{"duration":32,"x":2,"y":2}]}],"slot":[{"name":"tiankong","displayFrame":[{"duration":8},{"duration":4,"value":1},{"duration":4,"value":2},{"duration":4,"value":3},{"duration":4,"value":4},{"duration":4,"value":5},{"duration":4,"value":6},{"duration":0,"value":7}]}]}],"defaultActions":[{"gotoAndPlay":"hit"}]}]}