{"frameRate":30,"name":"P6115","version":"5.5","compatibleVersion":"5.5","armature":[{"type":"Armature","frameRate":30,"name":"Armature","aabb":{"x":-61.04,"y":-108.09,"width":120,"height":119.39},"bone":[{"name":"root"},{"name":"bf","parent":"root","transform":{"x":1.09,"y":-112.56,"skX":89.55,"skY":89.55}},{"name":"bone","parent":"root","transform":{"y":-34.6}},{"name":"fs","parent":"root","transform":{"x":1.48,"y":-61.58,"skX":89.54,"skY":89.54}},{"name":"mz","parent":"root","transform":{"x":-7.19,"y":-37.2,"skX":89.54,"skY":89.54}},{"length":63,"name":"pet6115_01_part01_00000","parent":"root","transform":{"x":45.89,"y":-55.23,"skX":-89.09,"skY":-89.09}},{"length":63,"name":"pet6115_02_part01_00001","parent":"root","transform":{"x":-3.15,"y":-64.85,"skX":-87.27,"skY":-87.27,"scX":3,"scY":3}},{"length":22,"name":"yz","parent":"root","transform":{"x":-0.2,"y":-1.24,"skX":89.54,"skY":89.54}},{"length":41,"name":"PET6115_dazhao1","parent":"bone","transform":{"x":0.63,"y":-8.84,"skX":-85.49,"skY":-85.49}},{"length":11,"name":"PET6115_duzi","parent":"bone","transform":{"x":-10.86,"y":10.89,"skX":-41.4,"skY":-41.4}},{"length":11,"name":"PET6115_youjiao1","parent":"PET6115_duzi","transform":{"x":4.81,"y":-2.88,"skX":-157.34,"skY":-157.34}},{"length":5,"name":"PET6115_zuojiao4","parent":"PET6115_duzi","transform":{"x":3.31,"y":1.13,"skX":-156.03,"skY":-156.03}},{"length":11,"name":"bone2","parent":"PET6115_duzi","transform":{"x":11.66,"y":-0.12,"skX":-19.1,"skY":-19.1}},{"length":14,"name":"PET6115_chibang2","parent":"bone2","transform":{"x":9.64,"y":0.27,"skX":85.79,"skY":85.79}},{"length":32,"name":"PET6115_chibang3","parent":"bone2","transform":{"x":5.98,"y":-3.92,"skX":-120.4,"skY":-120.4}},{"length":32,"name":"PET6115_chibang4","parent":"bone2","transform":{"x":5.98,"y":-3.92,"skX":-90.9,"skY":-90.9}},{"length":14,"name":"PET6115_chibang5","parent":"bone2","transform":{"x":9.64,"y":0.27,"skX":55.58,"skY":55.58}},{"length":36,"name":"PET6115_chuxuyou","parent":"bone2","transform":{"x":11.22,"y":-0.63,"skX":-28.7,"skY":-28.7}},{"length":13,"name":"PET6115_youjiao2","parent":"PET6115_youjiao1","transform":{"x":11.4,"y":-0.02,"skX":-22.26,"skY":-22.26}},{"length":18,"name":"PET6115_youshou2","parent":"bone2","transform":{"x":10.32,"y":-3.98,"skX":-129.84,"skY":-129.84}},{"length":11,"name":"PET6115_zuojiao2","parent":"PET6115_zuojiao4","transform":{"x":5.32,"y":0.08,"skX":-37.25,"skY":-37.25}},{"length":15,"name":"PET6115_zuoshou2","parent":"bone2","transform":{"x":10.69,"y":-1.69,"skX":95.84,"skY":95.84}},{"length":19,"name":"PET6115_chuxuyou2","parent":"PET6115_chuxuyou","transform":{"x":31.08,"y":4.72,"skX":-37.65,"skY":-37.65}},{"length":20,"name":"PET6115_chuxuzuo","parent":"PET6115_chuxuyou","transform":{"x":32.2,"y":17.8,"skX":-13.29,"skY":-13.29}},{"length":8,"name":"PET6115_yanjingputong2","parent":"PET6115_chuxuyou","transform":{"x":17.73,"y":13.96,"skX":176.36,"skY":176.36}},{"length":21,"name":"PET6115_youshou1","parent":"PET6115_youshou2","transform":{"x":17.89,"y":-0.43,"skX":12.86,"skY":12.86}},{"length":10,"name":"PET6115_zuigaoxing","parent":"PET6115_chuxuyou","transform":{"x":4.67,"y":12.69,"skX":-1.35,"skY":-1.35}},{"length":16,"name":"PET6115_zuoshou1","parent":"PET6115_zuoshou2","transform":{"x":15.29,"y":0.13,"skX":-11.65,"skY":-11.65}},{"length":26,"name":"bone5","parent":"PET6115_chuxuyou2","transform":{"x":19.36,"y":-0.08,"skX":-52.62,"skY":-52.62}},{"length":19,"name":"bone6","parent":"PET6115_chuxuzuo","transform":{"x":20.95,"y":-0.14,"skX":-65.82,"skY":-65.82}}],"slot":[{"name":"pet_yinying","parent":"yz"},{"name":"PET6115_chibang5","parent":"PET6115_chibang5"},{"name":"PET6115_chibang4","parent":"PET6115_chibang2","color":{"aM":47}},{"name":"PET6115_zuoshou2","parent":"PET6115_zuoshou2"},{"name":"PET6115_zuoshou1","parent":"PET6115_zuoshou1"},{"name":"PET6115_chibang1","parent":"PET6115_chibang3","color":{"aM":47}},{"name":"PET6115_chibang2","parent":"PET6115_chibang4"},{"displayIndex":1,"name":"PET6115_zuojiao2","parent":"PET6115_zuojiao2"},{"name":"PET6115_youjiao1","parent":"PET6115_youjiao1"},{"name":"PET6115_zuojiao4","parent":"PET6115_zuojiao4"},{"name":"PET6115_duzi","parent":"PET6115_duzi"},{"name":"PET6115_youshou2","parent":"PET6115_youshou2"},{"name":"PET6115_youshou1","parent":"PET6115_youshou1"},{"displayIndex":1,"name":"PET6115_youjiao2","parent":"PET6115_youjiao2"},{"name":"PET6115_tou","parent":"PET6115_chuxuyou"},{"displayIndex":2,"name":"PET6115_yanjingputong2","parent":"PET6115_yanjingputong2"},{"displayIndex":2,"name":"PET6115_zuigaoxing","parent":"PET6115_zuigaoxing"},{"name":"PET6115_chuxuzuo","parent":"PET6115_chuxuzuo"},{"name":"PET6115_chuxuyou","parent":"PET6115_chuxuyou2"},{"displayIndex":-1,"name":"PET6115_dazhao1","parent":"PET6115_dazhao1"},{"displayIndex":-1,"name":"pet6115_01_part01_00000","parent":"pet6115_01_part01_00000"},{"displayIndex":-1,"name":"pet6115_02_part01_00001","parent":"pet6115_02_part01_00001"}],"skin":[{"slot":[{"name":"PET6115_youshou1","display":[{"name":"PET6115_youshou1","transform":{"x":10.34,"y":-0.87,"skX":177.5,"skY":177.5}}]},{"name":"PET6115_zuigaoxing","display":[{"name":"PET6115_zuibiqi","transform":{"x":-2,"y":-0.3,"skX":90.57,"skY":90.57}},{"name":"PET6115_zuifazhao","transform":{"x":-2,"y":-0.3,"skX":90.57,"skY":90.57}},{"name":"PET6115_zuigaoxing","transform":{"x":-2,"y":-0.3,"skX":90.57,"skY":90.57}},{"name":"PET6115_zuishengqi","transform":{"x":-2,"y":-0.3,"skX":90.57,"skY":90.57}}]},{"name":"PET6115_zuoshou1","display":[{"name":"PET6115_zuoshou1","transform":{"x":6.95,"y":0.04,"skX":-23.66,"skY":-23.66}}]},{"name":"PET6115_duzi","display":[{"type":"mesh","name":"PET6115_duzi","width":26,"height":29,"vertices":[-12.93,-24.2,-11.57,-23.15,-9.06,-21.22,-2.44,-21.15,2.39,-23.37,3.92,-24.64,5.21,-26.29,7.91,-31.88,8.48,-39.64,8.2,-43.32,5.93,-45.31,5.12,-46.03,-0.09,-45.79,-4.89,-43.5,-8.73,-39.89,-10.02,-38.41,-11.36,-36.66,-14.45,-30.77,-13.77,-25.74,-2.22,-31.47],"uvs":[0.10884,0.77049,0.16133,0.80685,0.25776,0.87366,0.51284,0.87599,0.69865,0.79944,0.7573,0.75545,0.8071,0.69861,0.91068,0.50552,0.93299,0.23794,0.92206,0.11103,0.8347,0.04203,0.80314,0.01711,0.60299,0.02553,0.41853,0.10442,0.27093,0.22916,0.2213,0.28029,0.16968,0.34071,0.05068,0.54387,0.07669,0.71738,0.52131,0.51999],"triangles":[10,8,9,8,19,7,19,6,7,13,19,12,11,12,10,19,5,6,19,4,5,13,14,19,19,3,4,19,2,3,18,1,19,17,18,19,16,17,19,15,16,19,1,2,19,14,15,19,18,0,1,8,19,10,12,19,10],"weights":[1,9,1,1,9,1,1,9,1,2,9,0.96347,12,0.03652,2,9,0.73311,12,0.26688,2,9,0.60779,12,0.3922,2,9,0.45596,12,0.54403,2,9,0.07342,12,0.92657,1,12,1,1,12,1,1,12,1,1,12,1,1,12,1,2,9,0.05322,12,0.94677,2,9,0.31891,12,0.68108,2,9,0.47129,12,0.5287,2,9,0.64187,12,0.35811,2,9,0.9615,12,0.03849,1,9,1,2,9,0.5,12,0.5],"slotPose":[1,0,0,1,0,0],"bonePose":[9,0.750111,-0.661312,0.661312,0.750111,-10.86,-23.71,12,0.492424,-0.870356,0.870356,0.492424,-2.193062,-31.51091],"edges":[17,18,18,0,0,1,1,2,2,3,3,4,4,5,5,6,6,7,7,8,8,9,9,10,10,11,11,12,12,13,13,14,14,15,15,16,16,17],"userEdges":[1,19,19,10]}]},{"name":"PET6115_chibang4","display":[{"name":"PET6115_chibang2","transform":{"x":5.76,"y":1.19,"skX":4.93,"skY":4.93}}]},{"name":"pet6115_01_part01_00000","display":[{"name":"pet6115_01_part01_00000","transform":{"x":5.35,"y":-14.22,"skX":89.09,"skY":89.09}},{"name":"pet6115_01_part01_00002","transform":{"x":5.35,"y":-14.22,"skX":89.09,"skY":89.09}},{"name":"pet6115_01_part01_00004","transform":{"x":5.35,"y":-14.22,"skX":89.09,"skY":89.09}},{"name":"pet6115_01_part01_00005","transform":{"x":5.35,"y":-14.22,"skX":89.09,"skY":89.09}},{"name":"pet6115_01_part01_00006","transform":{"x":5.35,"y":-14.22,"skX":89.09,"skY":89.09}},{"name":"pet6115_01_part01_00008","transform":{"x":5.35,"y":-14.22,"skX":89.09,"skY":89.09}},{"name":"pet6115_01_part01_00009","transform":{"x":5.35,"y":-14.22,"skX":89.09,"skY":89.09}}]},{"name":"PET6115_youshou2","display":[{"name":"PET6115_youshou2","transform":{"x":11.2,"y":-0.48,"skX":-169.63,"skY":-169.63}}]},{"name":"PET6115_zuojiao2","display":[{"name":"PET6115_zuojiao0","transform":{"x":-0.12,"y":-0.11,"skX":-82.4,"skY":-82.4}},{"name":"PET6115_zuojiao2","transform":{"x":3.83,"y":0.29,"skX":-125.3,"skY":-125.3}}]},{"name":"PET6115_youjiao2","display":[{"name":"PET6115_youjiao0","transform":{"x":8.1,"y":3.9,"skX":-129.76,"skY":-129.76}},{"name":"PET6115_youjiao2","transform":{"x":7.49,"y":0.39,"skX":-138.97,"skY":-138.97}}]},{"name":"PET6115_chuxuzuo","display":[{"type":"mesh","name":"PET6115_chuxuzuo","width":36,"height":34,"vertices":[10.55,-95.87,14.37,-92.72,17.38,-88.99,19.53,-83.09,18.18,-71.32,21.84,-71.31,24.41,-75.71,24.88,-86.71,21.45,-93.8,18.49,-97.11,15.23,-99.56,6.41,-102.23,0.79,-100.82,-4.2,-97.78,-3.18,-95.45,2.67,-97.55,7.11,-96.91],"uvs":[0.45277,0.27739,0.55884,0.37023,0.64265,0.47974,0.70267,0.65327,0.66501,1,0.76684,1,0.83834,0.87034,0.85134,0.54688,0.75599,0.33812,0.67382,0.24082,0.58267,0.16836,0.33784,0.09035,0.18184,0.13165,0.04318,0.22111,0.07135,0.28994,0.23384,0.228,0.35734,0.24635],"triangles":[8,2,7,2,3,7,4,5,6,3,4,6,7,3,6,9,1,8,1,2,8,10,1,9,10,0,1,11,0,10,11,16,0,11,15,16,12,15,11,12,14,15,13,14,12],"weights":[1,29,1,2,23,0.02391,29,0.97608,1,23,1,1,23,1,1,23,1,1,23,1,1,23,1,1,23,1,2,23,0.96761,29,0.03238,2,23,0.40098,29,0.59901,2,23,0.01916,29,0.98082,1,29,1,1,29,1,1,29,1,1,29,1,1,29,1,1,29,1],"slotPose":[1,0,0,1,0,0],"bonePose":[29,-0.979258,-0.202616,0.202616,-0.979258,16.363926,-93.958777,23,-0.216269,-0.976334,0.976334,-0.216269,21.031453,-73.534862],"edges":[13,14,14,15,15,16,16,0,0,1,1,2,2,3,3,4,4,5,5,6,6,7,7,8,8,9,9,10,10,11,11,12,12,13],"userEdges":[]}]},{"name":"PET6115_chibang1","display":[{"name":"PET6115_chibang1","transform":{"x":17.24,"skX":151.41,"skY":151.41}}]},{"name":"PET6115_zuojiao4","display":[{"name":"PET6115_zuojiao1","transform":{"x":-7.12,"y":-6.19,"skX":-142.49,"skY":-142.49}}]},{"name":"PET6115_youjiao1","display":[{"name":"PET6115_youjiao1","transform":{"x":6.24,"y":-2.99,"skX":-161.24,"skY":-161.24}}]},{"name":"PET6115_yanjingputong2","display":[{"name":"PET6115_yanjingbiyan","transform":{"x":3,"y":5.62,"skX":-87.14,"skY":-87.14}},{"name":"PET6115_yanjinggongji","transform":{"x":3,"y":5.62,"skX":-87.14,"skY":-87.14}},{"name":"PET6115_yanjingputong","transform":{"x":3,"y":5.62,"skX":-87.14,"skY":-87.14}},{"name":"PET6115_yanjingshengli","transform":{"x":3,"y":5.62,"skX":-87.14,"skY":-87.14}},{"name":"PET6115_yanjingshouji","transform":{"x":3,"y":5.62,"skX":-87.14,"skY":-87.14}}]},{"name":"PET6115_zuoshou2","display":[{"name":"PET6115_zuoshou2","transform":{"x":9.34,"y":0.99,"skX":-35.32,"skY":-35.32}}]},{"name":"pet6115_02_part01_00001","display":[{"name":"pet6115_02_part01_00001","transform":{"x":15.14,"y":3.67,"skX":87.27,"skY":87.27}},{"name":"pet6115_02_part01_00002","transform":{"x":15.14,"y":3.67,"skX":87.27,"skY":87.27}},{"name":"pet6115_02_part01_00003","transform":{"x":15.14,"y":3.67,"skX":87.27,"skY":87.27}},{"name":"pet6115_02_part01_00004","transform":{"x":15.14,"y":3.67,"skX":87.27,"skY":87.27}},{"name":"pet6115_02_part01_00005","transform":{"x":15.14,"y":3.67,"skX":87.27,"skY":87.27}},{"name":"pet6115_02_part01_00006","transform":{"x":15.14,"y":3.67,"skX":87.27,"skY":87.27}},{"name":"pet6115_02_part01_00007","transform":{"x":15.14,"y":3.67,"skX":87.27,"skY":87.27}},{"name":"pet6115_02_part01_00008","transform":{"x":15.14,"y":3.67,"skX":87.27,"skY":87.27}},{"name":"pet6115_02_part01_00009","transform":{"x":15.14,"y":3.67,"skX":87.27,"skY":87.27}},{"name":"pet6115_02_part01_00010","transform":{"x":15.14,"y":3.67,"skX":87.27,"skY":87.27}},{"name":"pet6115_02_part01_00011","transform":{"x":15.14,"y":3.67,"skX":87.27,"skY":87.27}},{"name":"pet6115_02_part01_00012","transform":{"x":15.14,"y":3.67,"skX":87.27,"skY":87.27}},{"name":"pet6115_02_part01_00013","transform":{"x":15.14,"y":3.67,"skX":87.27,"skY":87.27}},{"name":"pet6115_02_part01_00014","transform":{"x":15.14,"y":3.67,"skX":87.27,"skY":87.27}},{"name":"pet6115_02_part01_00015","transform":{"x":15.14,"y":3.67,"skX":87.27,"skY":87.27}},{"name":"pet6115_02_part01_00016","transform":{"x":15.14,"y":3.67,"skX":87.27,"skY":87.27}}]},{"name":"PET6115_chibang5","display":[{"name":"PET6115_chibang2","transform":{"x":5.76,"y":1.19,"skX":4.93,"skY":4.93}}]},{"name":"PET6115_dazhao1","display":[{"name":"PET6115_dazhao1","transform":{"x":19.09,"y":-2.48,"skX":85.49,"skY":85.49}},{"name":"PET6115_dazhao2","transform":{"x":19.09,"y":-2.48,"skX":85.49,"skY":85.49}},{"name":"PET6115_dazhao3","transform":{"x":19.09,"y":-2.48,"skX":85.49,"skY":85.49}},{"name":"PET6115_dazhao4","transform":{"x":19.09,"y":-2.48,"skX":85.49,"skY":85.49}}]},{"name":"pet_yinying","display":[{"name":"pet_yinying","transform":{"x":0.54,"y":0.84,"skX":-89.54,"skY":-89.54,"scX":0.5}}]},{"name":"PET6115_tou","display":[{"name":"PET6115_tou","transform":{"x":30.97,"y":-2.26,"skX":89.22,"skY":89.22}}]},{"name":"PET6115_chuxuyou","display":[{"type":"mesh","name":"PET6115_chuxuyou","width":46,"height":33,"vertices":[-9.83,-87.55,-5.56,-85.1,-2.49,-83.34,3.19,-77.41,6.3,-70.51,9.12,-69.54,9.6,-74.2,5.92,-82.28,1.91,-87.2,-2.08,-90.07,-5.94,-92.84,-11.47,-94.68,-19.42,-95.25,-25.9,-93.01,-32.19,-87.98,-31.27,-86.26,-29.11,-87.06,-20.3,-89.8],"uvs":[0.52873,0.35578,0.62175,0.42978,0.68873,0.48305,0.81221,0.66245,0.88003,0.87214,0.94114,0.90151,0.95157,0.75969,0.87157,0.51484,0.78462,0.36575,0.69761,0.27894,0.61331,0.19484,0.49332,0.13914,0.32028,0.12217,0.17941,0.19005,0.04289,0.34277,0.06289,0.39489,0.10984,0.37065,0.30115,0.28701],"triangles":[3,4,6,7,3,6,6,4,5,2,3,7,8,2,7,9,2,8,10,1,9,9,1,2,10,0,1,11,0,10,11,17,0,12,17,11,13,17,12,13,16,17,14,16,13,14,15,16],"weights":[1,28,1,2,22,0.43297,28,0.56702,2,22,0.99574,28,0.00425,1,22,1,1,22,1,1,22,1,1,22,1,2,22,0.99582,28,0.00417,1,22,1,2,22,0.62689,28,0.3731,2,22,0.00396,28,0.99603,1,28,1,1,28,1,1,28,1,1,28,1,1,28,1,1,28,1,1,28,1],"slotPose":[1,0,0,1,0,0],"bonePose":[28,-0.999957,-0.00925,0.00925,-0.999957,-3.737547,-88.041652,22,-0.599722,-0.800208,0.800208,-0.599722,7.93709,-72.597596],"edges":[14,15,15,16,16,17,17,0,0,1,1,2,2,3,3,4,4,5,5,6,6,7,7,8,8,9,9,10,10,11,11,12,12,13,13,14],"userEdges":[]}]},{"name":"PET6115_chibang2","display":[{"name":"PET6115_chibang1","transform":{"x":17.24,"skX":151.41,"skY":151.41}}]}]}],"animation":[{"duration":44,"name":"attack","frame":[{"duration":20},{"duration":0,"events":[{"name":"0"}]}],"bone":[{"name":"bone","translateFrame":[{"duration":8,"tweenEasing":0},{"duration":7,"tweenEasing":0,"x":5.86,"y":6.03},{"duration":8,"tweenEasing":0,"x":-3.88,"y":-10.47},{"tweenEasing":0,"x":-5.83,"y":-13.77},{"tweenEasing":0,"x":10.86,"y":2.29},{"tweenEasing":0,"y":2.29},{"tweenEasing":0,"x":13,"y":2.29},{"duration":10,"tweenEasing":0,"x":10.86,"y":2.29},{"duration":7,"tweenEasing":0,"x":14.07,"y":3.5},{"duration":0}],"rotateFrame":[{"duration":8,"tweenEasing":0},{"duration":7,"tweenEasing":0},{"duration":8,"tweenEasing":0,"rotate":-34.3},{"tweenEasing":0,"rotate":-41.16},{"duration":20}]},{"name":"PET6115_duzi","rotateFrame":[{"duration":8},{"duration":7,"tweenEasing":0},{"duration":8,"tweenEasing":0,"rotate":-15.26},{"tweenEasing":0,"rotate":-18.32},{"duration":13,"tweenEasing":0,"rotate":1.79},{"duration":7,"tweenEasing":0,"rotate":8.1},{"duration":0}]},{"name":"PET6115_youjiao1","translateFrame":[{"duration":8,"tweenEasing":0},{"duration":15,"tweenEasing":0},{"tweenEasing":0,"x":4.79,"y":1.4},{"duration":20}],"rotateFrame":[{"duration":8,"tweenEasing":0},{"duration":15,"tweenEasing":0,"rotate":14.86},{"tweenEasing":0,"rotate":-12.62},{"duration":13,"tweenEasing":0,"rotate":9.16},{"duration":7,"tweenEasing":0,"rotate":32.41},{"duration":0}]},{"name":"PET6115_zuojiao2","rotateFrame":[{"duration":8,"tweenEasing":0},{"duration":15,"tweenEasing":0,"rotate":-27.85},{"tweenEasing":0,"rotate":-39.97},{"duration":13,"tweenEasing":0,"rotate":9.16},{"duration":7,"tweenEasing":0,"rotate":8.45},{"duration":0}]},{"name":"PET6115_zuojiao4","translateFrame":[{"duration":8,"tweenEasing":0},{"duration":7,"tweenEasing":0},{"duration":8,"tweenEasing":0,"x":0.29,"y":2.26},{"tweenEasing":0,"x":0.35,"y":2.72},{"duration":20}],"rotateFrame":[{"duration":8,"tweenEasing":0},{"duration":7,"tweenEasing":0,"rotate":-27.86},{"duration":8,"tweenEasing":0,"rotate":-80.04},{"tweenEasing":0,"rotate":-90.48},{"duration":13,"tweenEasing":0,"rotate":9.16},{"duration":7,"tweenEasing":0,"rotate":-23.27},{"duration":0}]},{"name":"bone2","rotateFrame":[{"duration":8},{"duration":7,"tweenEasing":0},{"duration":8,"tweenEasing":0,"rotate":-3.17},{"tweenEasing":0,"rotate":7.62},{"duration":13,"tweenEasing":0,"rotate":1.79},{"duration":7,"tweenEasing":0,"rotate":0.2},{"duration":0}]},{"name":"PET6115_chibang2","rotateFrame":[{"duration":2,"rotate":-6.9},{"duration":2,"rotate":-13.42},{"duration":2,"rotate":-6.9},{"duration":2,"rotate":-13.42},{"duration":2,"rotate":-6.9},{"duration":2,"rotate":-13.42},{"duration":2,"rotate":-6.9},{"duration":2,"rotate":-13.42},{"duration":2,"rotate":-6.9},{"duration":2,"rotate":-13.42},{"duration":2,"rotate":-6.9},{"duration":2,"rotate":-13.42},{"duration":2,"rotate":-6.9},{"duration":2,"rotate":-13.42},{"duration":2,"rotate":-6.9},{"duration":2,"rotate":-13.42},{"duration":2,"rotate":-6.9},{"duration":2,"rotate":-13.42},{"duration":2,"rotate":-6.9},{"duration":2,"rotate":-13.42},{"duration":2,"rotate":-6.9},{"duration":2,"rotate":-13.42},{"duration":0,"rotate":-6.9}],"scaleFrame":[{"duration":2},{"duration":2,"x":0.9},{"duration":2},{"duration":2,"x":0.9},{"duration":2},{"duration":2,"x":0.9},{"duration":2},{"duration":2,"x":0.9},{"duration":2},{"duration":2,"x":0.9},{"duration":2},{"duration":2,"x":0.9},{"duration":2},{"duration":2,"x":0.9},{"duration":2},{"duration":2,"x":0.9},{"duration":2},{"duration":2,"x":0.9},{"duration":2},{"duration":2,"x":0.9},{"duration":2},{"duration":2,"x":0.9},{"duration":0}]},{"name":"PET6115_chuxuyou","rotateFrame":[{"duration":8,"tweenEasing":0},{"duration":7,"tweenEasing":0,"rotate":-11.93},{"duration":8,"tweenEasing":0,"rotate":0.59},{"tweenEasing":0,"rotate":3.1},{"duration":13,"tweenEasing":0,"rotate":10.09},{"duration":7,"tweenEasing":0,"rotate":1.39},{"duration":0}]},{"name":"PET6115_youjiao2","translateFrame":[{"duration":8,"tweenEasing":0},{"duration":15,"tweenEasing":0},{"tweenEasing":0,"x":-5.08,"y":2.67},{"duration":20}],"rotateFrame":[{"duration":8,"tweenEasing":0},{"duration":15,"tweenEasing":0,"rotate":14.86},{"tweenEasing":0,"rotate":-7.26},{"duration":13,"tweenEasing":0,"rotate":9.16},{"duration":7,"tweenEasing":0,"rotate":-28.7},{"duration":0}]},{"name":"PET6115_chuxuyou2","rotateFrame":[{"duration":8,"tweenEasing":0},{"duration":15,"tweenEasing":0,"rotate":13.44},{"tweenEasing":0,"rotate":-15.54},{"duration":13,"tweenEasing":0,"rotate":-4.69},{"duration":7,"tweenEasing":0,"rotate":-15.54},{"duration":0}]},{"name":"PET6115_chuxuzuo","rotateFrame":[{"duration":8,"tweenEasing":0},{"duration":15,"tweenEasing":0,"rotate":1.72},{"tweenEasing":0,"rotate":-21.06},{"duration":13,"tweenEasing":0,"rotate":-10.22},{"duration":7,"tweenEasing":0,"rotate":-21.07},{"duration":0}]},{"name":"bone5","rotateFrame":[{"duration":8,"tweenEasing":0},{"duration":15,"tweenEasing":0,"rotate":14.67},{"tweenEasing":0,"rotate":4.62},{"duration":13,"tweenEasing":0,"rotate":15.46},{"duration":7,"tweenEasing":0,"rotate":4.61},{"duration":0}]},{"name":"bone6","rotateFrame":[{"duration":8,"tweenEasing":0},{"duration":15,"tweenEasing":0,"rotate":26.99},{"tweenEasing":0,"rotate":18.34},{"duration":13,"tweenEasing":0,"rotate":29.19},{"duration":7,"tweenEasing":0,"rotate":18.34},{"duration":0}]},{"name":"PET6115_chibang3","rotateFrame":[{"duration":2,"rotate":6.42},{"duration":2,"rotate":13.37},{"duration":2,"rotate":6.42},{"duration":2,"rotate":13.37},{"duration":2,"rotate":6.42},{"duration":2,"rotate":13.37},{"duration":2,"rotate":6.42},{"duration":2,"rotate":13.37},{"duration":2,"rotate":6.42},{"duration":2,"rotate":13.37},{"duration":2,"rotate":6.42},{"duration":2,"rotate":13.37},{"duration":2,"rotate":6.42},{"duration":2,"rotate":13.37},{"duration":2,"rotate":6.42},{"duration":2,"rotate":13.37},{"duration":2,"rotate":6.42},{"duration":2,"rotate":13.37},{"duration":2,"rotate":6.42},{"duration":2,"rotate":13.37},{"duration":2,"rotate":6.42},{"duration":2,"rotate":13.37},{"duration":0,"rotate":6.42}],"scaleFrame":[{"duration":2},{"duration":2,"x":0.9},{"duration":2},{"duration":2,"x":0.9},{"duration":2},{"duration":2,"x":0.9},{"duration":2},{"duration":2,"x":0.9},{"duration":2},{"duration":2,"x":0.9},{"duration":2},{"duration":2,"x":0.9},{"duration":2},{"duration":2,"x":0.9},{"duration":2},{"duration":2,"x":0.9},{"duration":2},{"duration":2,"x":0.9},{"duration":2},{"duration":2,"x":0.9},{"duration":2},{"duration":2,"x":0.9},{"duration":0}]},{"name":"PET6115_chibang4","rotateFrame":[{"duration":2,"rotate":16.41},{"duration":2},{"duration":2,"rotate":16.41},{"duration":2},{"duration":2,"rotate":16.41},{"duration":2},{"duration":2,"rotate":16.41},{"duration":2},{"duration":2,"rotate":16.41},{"duration":2},{"duration":2,"rotate":16.41},{"duration":2},{"duration":2,"rotate":16.41},{"duration":2},{"duration":2,"rotate":16.41},{"duration":2},{"duration":2,"rotate":16.41},{"duration":2},{"duration":2,"rotate":16.41},{"duration":2},{"duration":2,"rotate":16.41},{"duration":2},{"duration":0,"rotate":16.41}],"scaleFrame":[{"duration":2,"x":0.8},{"duration":2},{"duration":2,"x":0.8},{"duration":2},{"duration":2,"x":0.8},{"duration":2},{"duration":2,"x":0.8},{"duration":2},{"duration":2,"x":0.8},{"duration":2},{"duration":2,"x":0.8},{"duration":2},{"duration":2,"x":0.8},{"duration":2},{"duration":2,"x":0.8},{"duration":2},{"duration":2,"x":0.8},{"duration":2},{"duration":2,"x":0.8},{"duration":2},{"duration":2,"x":0.8},{"duration":2},{"duration":0,"x":0.8}]},{"name":"PET6115_chibang5","rotateFrame":[{"duration":2,"rotate":-11.66},{"duration":2},{"duration":2,"rotate":-11.66},{"duration":2},{"duration":2,"rotate":-11.66},{"duration":2},{"duration":2,"rotate":-11.66},{"duration":2},{"duration":2,"rotate":-11.66},{"duration":2},{"duration":2,"rotate":-11.66},{"duration":2},{"duration":2,"rotate":-11.66},{"duration":2},{"duration":2,"rotate":-11.66},{"duration":2},{"duration":2,"rotate":-11.66},{"duration":2},{"duration":2,"rotate":-11.66},{"duration":2},{"duration":2,"rotate":-11.66},{"duration":2},{"duration":0,"rotate":-11.66}],"scaleFrame":[{"duration":2,"x":0.8},{"duration":2},{"duration":2,"x":0.8},{"duration":2},{"duration":2,"x":0.8},{"duration":2},{"duration":2,"x":0.8},{"duration":2},{"duration":2,"x":0.8},{"duration":2},{"duration":2,"x":0.8},{"duration":2},{"duration":2,"x":0.8},{"duration":2},{"duration":2,"x":0.8},{"duration":2},{"duration":2,"x":0.8},{"duration":2},{"duration":2,"x":0.8},{"duration":2},{"duration":2,"x":0.8},{"duration":2},{"duration":0,"x":0.8}]},{"name":"PET6115_zuoshou2","rotateFrame":[{"duration":8,"tweenEasing":0},{"duration":7,"tweenEasing":0,"rotate":-24.68},{"duration":8,"tweenEasing":0,"rotate":-86.11},{"tweenEasing":0,"rotate":-87.96},{"duration":13,"tweenEasing":0,"rotate":-27.51},{"duration":7,"tweenEasing":0,"rotate":-39.43},{"duration":0}]},{"name":"yz","translateFrame":[{"duration":8,"tweenEasing":0},{"duration":8,"tweenEasing":0},{"duration":5,"tweenEasing":0,"x":-8.83},{"duration":2,"tweenEasing":0,"x":-9.8,"y":-0.88},{"tweenEasing":0,"x":-10.18},{"duration":13,"tweenEasing":0,"x":9.12},{"duration":7,"tweenEasing":0,"x":9.12},{"duration":0}],"scaleFrame":[{"duration":8,"tweenEasing":0},{"duration":8,"tweenEasing":0,"y":1.1},{"duration":5,"tweenEasing":0,"y":0.93},{"duration":2,"tweenEasing":0,"y":0.93},{"tweenEasing":0,"y":0.9},{"duration":13,"tweenEasing":0},{"duration":7,"tweenEasing":0,"y":1.1},{"duration":0}]},{"name":"PET6115_zuoshou1","rotateFrame":[{"duration":8,"tweenEasing":0},{"duration":7,"tweenEasing":0,"rotate":-14.37},{"duration":8,"tweenEasing":0,"rotate":-2.15},{"tweenEasing":0,"rotate":0.28},{"duration":13,"rotate":10.63},{"duration":7,"tweenEasing":0,"rotate":10.63},{"duration":0}]},{"name":"PET6115_youshou2","translateFrame":[{"duration":23,"tweenEasing":0},{"tweenEasing":0},{"duration":13,"tweenEasing":0,"x":-3.88,"y":-2.76},{"duration":7,"tweenEasing":0,"x":-3.88,"y":-2.76},{"duration":0}],"rotateFrame":[{"duration":8,"tweenEasing":0},{"duration":7,"tweenEasing":0,"rotate":5.27},{"duration":8,"tweenEasing":0,"rotate":26},{"tweenEasing":0,"rotate":35.31},{"duration":13,"tweenEasing":0,"rotate":-161.73},{"duration":7,"tweenEasing":0,"rotate":-172.73},{"duration":0}]},{"name":"PET6115_youshou1","rotateFrame":[{"duration":8,"tweenEasing":0},{"duration":7,"tweenEasing":0,"rotate":8.02},{"duration":8,"tweenEasing":0,"rotate":-9.3},{"duration":21,"tweenEasing":0,"rotate":-12.76},{"duration":0}]},{"name":"pet6115_02_part01_00001","translateFrame":[{"duration":44,"tweenEasing":0,"x":-0.74,"y":-2.49},{"duration":0,"y":-1}]}],"slot":[{"name":"PET6115_yanjingputong2","displayFrame":[{"duration":8,"value":2},{"duration":16,"value":4},{"duration":20,"value":1},{"duration":0,"value":2}]},{"name":"PET6115_youjiao2","displayFrame":[{"duration":23,"value":1},{},{"duration":20,"value":1}]},{"name":"pet6115_01_part01_00000","displayFrame":[{"duration":7,"value":-1},{"duration":2},{"duration":2,"value":1},{"duration":2,"value":2},{"duration":2,"value":3},{"duration":2,"value":4},{"duration":2,"value":5},{"duration":2,"value":6},{"duration":23,"value":-1}]}]},{"duration":39,"name":"dead","bone":[{"name":"root","translateFrame":[{"duration":39,"tweenEasing":0},{"duration":0,"y":-0.28}]},{"name":"bone","translateFrame":[{"duration":8,"tweenEasing":0},{"duration":9,"tweenEasing":0,"y":5},{"duration":2,"tweenEasing":0,"y":-15},{"duration":2,"tweenEasing":0,"x":-0.25,"y":-13.47},{"tweenEasing":0,"x":-6.22,"y":4.75},{"duration":5,"tweenEasing":0,"x":3.69,"y":22.76},{"duration":5,"tweenEasing":0,"x":3.69,"y":19.8},{"duration":7,"tweenEasing":0,"x":3.69,"y":22.84},{"duration":0,"x":3.69,"y":21.89}],"rotateFrame":[{"duration":17,"tweenEasing":0},{"duration":2,"tweenEasing":0},{"duration":2,"tweenEasing":0,"rotate":-59.69},{"tweenEasing":0,"rotate":-59.69},{"duration":17,"rotate":-127.96}]},{"name":"PET6115_duzi","rotateFrame":[{"duration":17},{"duration":2,"tweenEasing":0},{"duration":3,"tweenEasing":0,"rotate":-9.88},{"duration":17,"rotate":-16.15}]},{"name":"PET6115_youjiao1","rotateFrame":[{"duration":8,"tweenEasing":0},{"duration":9,"tweenEasing":0,"rotate":14.86},{"duration":4,"tweenEasing":0,"rotate":-12.62},{"tweenEasing":0,"rotate":2.89},{"duration":5,"tweenEasing":0,"rotate":-9.89},{"duration":5,"tweenEasing":0,"rotate":-4.04},{"duration":7,"tweenEasing":0,"rotate":-9.87},{"duration":0,"rotate":-9.89}]},{"name":"PET6115_zuojiao2","rotateFrame":[{"duration":8,"tweenEasing":0},{"duration":9,"tweenEasing":0,"rotate":-27.85},{"duration":4,"tweenEasing":0,"rotate":-6.96},{"tweenEasing":0,"rotate":-21.77},{"duration":5,"tweenEasing":0,"rotate":14.89},{"duration":5,"tweenEasing":0,"rotate":20.74},{"duration":7,"tweenEasing":0,"rotate":14.91},{"duration":0,"rotate":14.89}]},{"name":"PET6115_zuojiao4","rotateFrame":[{"duration":8,"tweenEasing":0},{"duration":9,"tweenEasing":0,"rotate":-27.86},{"duration":2,"tweenEasing":0,"rotate":-16.05},{"duration":2,"tweenEasing":0,"rotate":-63.81},{"tweenEasing":0,"rotate":-56.61},{"duration":5,"tweenEasing":0,"rotate":5.8},{"duration":5,"tweenEasing":0,"rotate":11.65},{"duration":7,"tweenEasing":0,"rotate":5.81},{"duration":0,"rotate":5.8}]},{"name":"bone2","rotateFrame":[{"duration":17},{"duration":2,"tweenEasing":0},{"duration":2,"tweenEasing":0,"rotate":-4.65},{"tweenEasing":0,"rotate":27.29},{"duration":17,"rotate":19.02}]},{"name":"PET6115_chibang2","rotateFrame":[{"duration":2,"rotate":-6.9},{"duration":2,"rotate":-13.42},{"duration":2,"rotate":-6.9},{"duration":2,"rotate":-13.42},{"duration":2,"rotate":-6.9},{"duration":2,"rotate":-13.42},{"duration":2,"rotate":-6.9},{"duration":2,"rotate":-13.42},{"duration":2,"rotate":-6.9},{"duration":2,"rotate":-13.42},{"duration":2,"rotate":-6.9},{"duration":17,"rotate":-13.42},{"duration":0,"rotate":-6.9}],"scaleFrame":[{"duration":2},{"duration":2,"x":0.9},{"duration":2},{"duration":2,"x":0.9},{"duration":2},{"duration":2,"x":0.9},{"duration":2},{"duration":2,"x":0.9},{"duration":2},{"duration":2,"x":0.9},{"duration":2},{"duration":17,"x":0.9},{"duration":0}]},{"name":"PET6115_chuxuyou","rotateFrame":[{"duration":8,"tweenEasing":0},{"duration":9,"tweenEasing":0,"rotate":-6.35},{"duration":4,"tweenEasing":0,"rotate":5.54},{"tweenEasing":0,"rotate":35.45},{"duration":17,"rotate":51.27}]},{"name":"PET6115_youjiao2","rotateFrame":[{"duration":8,"tweenEasing":0},{"duration":9,"tweenEasing":0,"rotate":14.86},{"duration":5,"tweenEasing":0,"rotate":3.15},{"duration":5,"tweenEasing":0,"rotate":14.62},{"duration":5,"tweenEasing":0,"rotate":20.47},{"duration":7,"tweenEasing":0,"rotate":14.64},{"duration":0,"rotate":14.62}]},{"name":"PET6115_chuxuyou2","rotateFrame":[{"duration":8,"tweenEasing":0},{"duration":9,"tweenEasing":0,"rotate":13.44},{"duration":5,"tweenEasing":0,"rotate":-15.54},{"duration":5,"tweenEasing":0,"rotate":-7.46},{"duration":4,"tweenEasing":0,"rotate":-21.41},{"duration":8,"tweenEasing":0,"rotate":-14.04},{"duration":0,"rotate":-15.54}]},{"name":"PET6115_chuxuzuo","rotateFrame":[{"duration":8,"tweenEasing":0},{"duration":9,"tweenEasing":0,"rotate":1.72},{"duration":5,"tweenEasing":0,"rotate":-21.06},{"duration":5,"tweenEasing":0,"rotate":-12.99},{"duration":4,"tweenEasing":0,"rotate":-26.93},{"duration":8,"tweenEasing":0,"rotate":-19.57},{"duration":0,"rotate":-21.06}]},{"name":"bone5","rotateFrame":[{"duration":8,"tweenEasing":0},{"duration":9,"tweenEasing":0,"rotate":14.67},{"duration":5,"tweenEasing":0,"rotate":4.62},{"duration":5,"tweenEasing":0,"rotate":12.7},{"duration":4,"tweenEasing":0,"rotate":-1.24},{"duration":8,"tweenEasing":0,"rotate":6.11},{"duration":0,"rotate":4.62}]},{"name":"bone6","rotateFrame":[{"duration":8,"tweenEasing":0},{"duration":9,"tweenEasing":0,"rotate":26.99},{"duration":5,"tweenEasing":0,"rotate":18.34},{"duration":5,"tweenEasing":0,"rotate":26.42},{"duration":4,"tweenEasing":0,"rotate":12.47},{"duration":8,"tweenEasing":0,"rotate":19.84},{"duration":0,"rotate":18.34}]},{"name":"PET6115_chibang3","rotateFrame":[{"duration":2,"rotate":6.42},{"duration":2,"rotate":13.37},{"duration":2,"rotate":6.42},{"duration":2,"rotate":13.37},{"duration":2,"rotate":6.42},{"duration":2,"rotate":13.37},{"duration":2,"rotate":6.42},{"duration":2,"rotate":13.37},{"duration":2,"rotate":6.42},{"duration":2,"rotate":13.37},{"duration":19,"rotate":94.43}],"scaleFrame":[{"duration":2},{"duration":2,"x":0.9},{"duration":2},{"duration":2,"x":0.9},{"duration":2},{"duration":2,"x":0.9},{"duration":2},{"duration":2,"x":0.9},{"duration":2},{"duration":2,"x":0.9},{"duration":19,"x":0.9},{"duration":0}]},{"name":"PET6115_chibang4","rotateFrame":[{"duration":2,"rotate":16.41},{"duration":2},{"duration":2,"rotate":16.41},{"duration":2},{"duration":2,"rotate":16.41},{"duration":2},{"duration":2,"rotate":16.41},{"duration":2},{"duration":2,"rotate":16.41},{"duration":2},{"duration":19,"rotate":91.25}],"scaleFrame":[{"duration":2,"x":0.8},{"duration":2},{"duration":2,"x":0.8},{"duration":2},{"duration":2,"x":0.8},{"duration":2},{"duration":2,"x":0.8},{"duration":2},{"duration":2,"x":0.8},{"duration":2},{"duration":19},{"duration":0,"x":0.8}]},{"name":"PET6115_chibang5","rotateFrame":[{"duration":2,"rotate":-11.66},{"duration":2},{"duration":2,"rotate":-11.66},{"duration":2},{"duration":2,"rotate":-11.66},{"duration":2},{"duration":2,"rotate":-11.66},{"duration":2},{"duration":2,"rotate":-11.66},{"duration":2},{"duration":2,"rotate":-11.66},{"duration":17},{"duration":0,"rotate":-11.66}],"scaleFrame":[{"duration":2,"x":0.8},{"duration":2},{"duration":2,"x":0.8},{"duration":2},{"duration":2,"x":0.8},{"duration":2},{"duration":2,"x":0.8},{"duration":2},{"duration":2,"x":0.8},{"duration":2},{"duration":2,"x":0.8},{"duration":17},{"duration":0,"x":0.8}]},{"name":"PET6115_zuoshou1","rotateFrame":[{"duration":8,"tweenEasing":0},{"duration":9,"tweenEasing":0,"rotate":-14.37},{"duration":4,"tweenEasing":0,"rotate":9.31},{"tweenEasing":0,"rotate":-10.7},{"duration":17,"rotate":21.15}]},{"name":"PET6115_youshou1","rotateFrame":[{"duration":8,"tweenEasing":0},{"duration":9,"tweenEasing":0,"rotate":8.02},{"duration":4,"tweenEasing":0,"rotate":-10.59},{"tweenEasing":0,"rotate":-8.12},{"duration":5,"tweenEasing":0,"rotate":-11.53},{"duration":5,"tweenEasing":0,"rotate":-9.73},{"duration":7,"tweenEasing":0,"rotate":-13.99},{"duration":0,"rotate":-11.53}]},{"name":"PET6115_zuoshou2","rotateFrame":[{"duration":8,"tweenEasing":0},{"duration":9,"tweenEasing":0,"rotate":-21.92},{"duration":2,"tweenEasing":0,"rotate":9.31},{"duration":2,"tweenEasing":0,"rotate":11.32},{"tweenEasing":0,"rotate":16.04},{"duration":17,"rotate":76.6}]},{"name":"PET6115_youshou2","rotateFrame":[{"duration":8,"tweenEasing":0},{"duration":9,"tweenEasing":0,"rotate":8.02},{"duration":2,"tweenEasing":0,"rotate":-10.59},{"duration":2,"tweenEasing":0,"rotate":29.83},{"tweenEasing":0,"rotate":38.8},{"duration":5,"tweenEasing":0,"rotate":-33.09},{"duration":5,"tweenEasing":0,"rotate":-31.3},{"duration":7,"tweenEasing":0,"rotate":-35.56},{"duration":0,"rotate":-33.09}]},{"name":"yz","translateFrame":[{"duration":17,"tweenEasing":0},{"duration":5,"tweenEasing":0},{"duration":17,"x":-7.79}],"scaleFrame":[{"duration":8,"tweenEasing":0},{"duration":9,"tweenEasing":0,"y":1.1},{"duration":5,"tweenEasing":0,"y":0.9},{"duration":5,"tweenEasing":0,"y":2},{"duration":5,"tweenEasing":0,"y":1.9},{"duration":7,"tweenEasing":0,"y":2},{"duration":0,"y":1.9}]},{"name":"pet6115_02_part01_00001","translateFrame":[{"duration":39,"y":-1}]}],"slot":[{"name":"PET6115_yanjingputong2","displayFrame":[{"duration":8,"value":2},{"duration":31,"value":4}]},{"name":"PET6115_zuigaoxing","displayFrame":[{"duration":13,"value":2},{"duration":26}]}]},{"duration":24,"name":"hurt","bone":[{"name":"bone","translateFrame":[{"duration":3,"tweenEasing":0},{"duration":2,"tweenEasing":0,"y":5},{"duration":12,"tweenEasing":0,"x":-10},{"duration":7,"tweenEasing":0,"x":-15,"y":-0.84},{"duration":0}],"rotateFrame":[{"duration":3,"tweenEasing":0},{"duration":2,"tweenEasing":0},{"duration":12,"tweenEasing":0,"rotate":-19.96},{"duration":7,"tweenEasing":0,"rotate":-47.17},{"duration":0}]},{"name":"PET6115_youjiao1","rotateFrame":[{"duration":5,"tweenEasing":0},{"duration":11,"tweenEasing":0,"rotate":-15.54},{"duration":8,"tweenEasing":0,"rotate":14.8},{"duration":0}]},{"name":"PET6115_zuojiao2","rotateFrame":[{"duration":3,"tweenEasing":0},{"duration":2,"tweenEasing":0,"rotate":-27.85},{"duration":12,"rotate":-11.22},{"tweenEasing":0,"rotate":-11.22},{"duration":6,"tweenEasing":0,"rotate":-18.83},{"duration":0}]},{"name":"PET6115_zuojiao4","rotateFrame":[{"duration":3,"tweenEasing":0},{"duration":2,"tweenEasing":0,"rotate":-27.86},{"duration":12,"rotate":-62.3},{"tweenEasing":0,"rotate":-62.3},{"duration":6,"tweenEasing":0,"rotate":-69.91},{"duration":0}]},{"name":"PET6115_chibang2","rotateFrame":[{"duration":2,"rotate":-6.9},{"duration":2,"rotate":-13.42},{"duration":2,"rotate":-6.9},{"duration":2,"rotate":-13.42},{"duration":2,"rotate":-6.9},{"duration":2,"rotate":-13.42},{"duration":2,"rotate":-6.9},{"duration":2,"rotate":-13.42},{"duration":2,"rotate":-6.9},{"duration":2,"rotate":-13.42},{"duration":2,"rotate":-6.9},{"duration":2,"rotate":-13.42},{"duration":0,"rotate":-6.9}],"scaleFrame":[{"duration":2},{"duration":2,"x":0.9},{"duration":2},{"duration":2,"x":0.9},{"duration":2},{"duration":2,"x":0.9},{"duration":2},{"duration":2,"x":0.9},{"duration":2},{"duration":2,"x":0.9},{"duration":2},{"duration":2,"x":0.9},{"duration":0}]},{"name":"PET6115_chuxuyou","rotateFrame":[{"duration":3,"tweenEasing":0},{"duration":2,"tweenEasing":0,"rotate":11.41},{"duration":12,"tweenEasing":0,"rotate":27},{"duration":7,"tweenEasing":0,"rotate":12.38},{"duration":0}]},{"name":"PET6115_youjiao2","rotateFrame":[{"duration":5,"tweenEasing":0},{"duration":11,"tweenEasing":0,"rotate":-15.54},{"duration":8,"tweenEasing":0,"rotate":20.94},{"duration":0}]},{"name":"PET6115_chuxuyou2","rotateFrame":[{"duration":3,"tweenEasing":0},{"duration":2,"tweenEasing":0,"rotate":13.44},{"duration":12,"tweenEasing":0,"rotate":-15.54},{"duration":7,"tweenEasing":0,"rotate":9.42},{"duration":0}]},{"name":"PET6115_chuxuzuo","rotateFrame":[{"duration":3,"tweenEasing":0},{"duration":2,"tweenEasing":0,"rotate":1.72},{"duration":12,"tweenEasing":0,"rotate":-21.06},{"duration":7,"tweenEasing":0,"rotate":3.9},{"duration":0}]},{"name":"bone5","rotateFrame":[{"duration":3,"tweenEasing":0},{"duration":2,"tweenEasing":0,"rotate":14.67},{"duration":12,"tweenEasing":0,"rotate":4.62},{"duration":7,"tweenEasing":0,"rotate":29.59},{"duration":0}]},{"name":"bone6","rotateFrame":[{"duration":3,"tweenEasing":0},{"duration":2,"tweenEasing":0,"rotate":26.99},{"duration":12,"tweenEasing":0,"rotate":18.34},{"duration":7,"tweenEasing":0,"rotate":43.31},{"duration":0}]},{"name":"PET6115_chibang3","rotateFrame":[{"duration":2,"rotate":6.42},{"duration":2,"rotate":13.37},{"duration":2,"rotate":6.42},{"duration":2,"rotate":13.37},{"duration":2,"rotate":6.42},{"duration":2,"rotate":13.37},{"duration":2,"rotate":6.42},{"duration":2,"rotate":13.37},{"duration":2,"rotate":6.42},{"duration":2,"rotate":13.37},{"duration":2,"rotate":6.42},{"duration":2,"rotate":13.37},{"duration":0,"rotate":6.42}],"scaleFrame":[{"duration":2},{"duration":2,"x":0.9},{"duration":2},{"duration":2,"x":0.9},{"duration":2},{"duration":2,"x":0.9},{"duration":2},{"duration":2,"x":0.9},{"duration":2},{"duration":2,"x":0.9},{"duration":2},{"duration":2,"x":0.9},{"duration":0}]},{"name":"PET6115_chibang4","rotateFrame":[{"duration":2,"rotate":16.41},{"duration":2},{"duration":2,"rotate":16.41},{"duration":2},{"duration":2,"rotate":16.41},{"duration":2},{"duration":2,"rotate":16.41},{"duration":2},{"duration":2,"rotate":16.41},{"duration":2},{"duration":2,"rotate":16.41},{"duration":2},{"duration":0,"rotate":16.41}],"scaleFrame":[{"duration":2,"x":0.8},{"duration":2},{"duration":2,"x":0.8},{"duration":2},{"duration":2,"x":0.8},{"duration":2},{"duration":2,"x":0.8},{"duration":2},{"duration":2,"x":0.8},{"duration":2},{"duration":2,"x":0.8},{"duration":2},{"duration":0,"x":0.8}]},{"name":"PET6115_chibang5","rotateFrame":[{"duration":2,"rotate":-11.66},{"duration":2},{"duration":2,"rotate":-11.66},{"duration":2},{"duration":2,"rotate":-11.66},{"duration":2},{"duration":2,"rotate":-11.66},{"duration":2},{"duration":2,"rotate":-11.66},{"duration":2},{"duration":2,"rotate":-11.66},{"duration":2},{"duration":0,"rotate":-11.66}],"scaleFrame":[{"duration":2,"x":0.8},{"duration":2},{"duration":2,"x":0.8},{"duration":2},{"duration":2,"x":0.8},{"duration":2},{"duration":2,"x":0.8},{"duration":2},{"duration":2,"x":0.8},{"duration":2},{"duration":2,"x":0.8},{"duration":2},{"duration":0,"x":0.8}]},{"name":"PET6115_youshou1","rotateFrame":[{"duration":3,"tweenEasing":0},{"duration":2,"tweenEasing":0,"rotate":8.02},{"duration":12,"tweenEasing":0,"rotate":-25.63},{"duration":7,"tweenEasing":0,"rotate":14.07},{"duration":0}]},{"name":"yz","translateFrame":[{"duration":3,"tweenEasing":0},{"duration":2,"tweenEasing":0},{"duration":12,"tweenEasing":0,"x":-10.8},{"duration":7,"tweenEasing":0,"x":-18.99},{"duration":0}],"scaleFrame":[{"duration":3,"tweenEasing":0},{"duration":2,"tweenEasing":0,"y":1.1},{"duration":12,"tweenEasing":0},{"duration":7,"tweenEasing":0,"y":1.1},{"duration":0}]},{"name":"PET6115_zuoshou1","rotateFrame":[{"duration":3,"tweenEasing":0},{"duration":2,"tweenEasing":0,"rotate":-14.37},{"duration":12,"tweenEasing":0,"rotate":22.62},{"duration":7,"tweenEasing":0,"rotate":-4.21},{"duration":0}]},{"name":"PET6115_zuoshou2","rotateFrame":[{"duration":3,"tweenEasing":0},{"duration":2,"tweenEasing":0,"rotate":-21.92},{"duration":12,"tweenEasing":0,"rotate":11.85},{"duration":7,"tweenEasing":0,"rotate":-8.18},{"duration":0}]},{"name":"PET6115_youshou2","rotateFrame":[{"duration":3,"tweenEasing":0},{"duration":2,"tweenEasing":0,"rotate":8.02},{"duration":12,"tweenEasing":0,"rotate":12.87},{"duration":7,"tweenEasing":0,"rotate":39.74},{"duration":0}]},{"name":"pet6115_02_part01_00001","translateFrame":[{"duration":24,"y":-1}]}],"slot":[{"name":"PET6115_yanjingputong2","displayFrame":[{"duration":3,"value":2},{"duration":21,"value":4},{"duration":0,"value":2}]},{"name":"PET6115_zuigaoxing","displayFrame":[{"duration":4,"value":2},{"duration":20},{"duration":0,"value":2}]}]},{"duration":74,"name":"skill","frame":[{"duration":40},{"duration":0,"events":[{"name":"0"}]}],"bone":[{"name":"bone","translateFrame":[{"duration":7,"tweenEasing":0},{"duration":32,"y":-15},{"tweenEasing":0,"y":-15},{"tweenEasing":0,"x":10.86,"y":2.29},{"tweenEasing":0,"y":2.29},{"tweenEasing":0,"x":13,"y":2.29},{"duration":23,"tweenEasing":0,"x":10.86,"y":2.29},{"duration":8,"tweenEasing":0,"x":14.07,"y":3.5},{"duration":0}]},{"name":"PET6115_duzi","rotateFrame":[{"duration":7},{"duration":33,"tweenEasing":0},{"duration":26,"rotate":-37.34},{"duration":8,"tweenEasing":0,"rotate":-37.34},{"duration":0}]},{"name":"PET6115_youjiao1","rotateFrame":[{"duration":7,"tweenEasing":0},{"tweenEasing":0,"rotate":-12.62},{"duration":30,"rotate":-14.09},{"tweenEasing":0,"rotate":-14.09},{"tweenEasing":0,"rotate":-37.73},{"duration":26,"rotate":-61.39},{"duration":8,"tweenEasing":0,"rotate":-61.39},{"duration":0}]},{"name":"PET6115_zuojiao2","rotateFrame":[{"duration":7,"tweenEasing":0},{"tweenEasing":0,"rotate":-6.96},{"duration":30,"rotate":-6.47},{"tweenEasing":0,"rotate":-6.47},{"tweenEasing":0,"rotate":1.34},{"duration":26,"rotate":9.16},{"duration":8,"tweenEasing":0,"rotate":9.16},{"duration":0}]},{"name":"PET6115_zuojiao4","rotateFrame":[{"duration":7,"tweenEasing":0},{"tweenEasing":0,"rotate":-16.05},{"duration":30,"rotate":-18.09},{"tweenEasing":0,"rotate":-18.09},{"tweenEasing":0,"rotate":-50.68},{"duration":26,"rotate":-83.28},{"duration":8,"tweenEasing":0,"rotate":-83.28},{"duration":0}]},{"name":"bone2","rotateFrame":[{"duration":7},{"duration":33,"tweenEasing":0},{"duration":26,"rotate":27.1},{"duration":8,"tweenEasing":0,"rotate":27.1},{"duration":0}]},{"name":"PET6115_chibang2","rotateFrame":[{"duration":40,"rotate":-6.9},{"duration":2,"rotate":-6.9},{"duration":2,"rotate":-13.42},{"duration":2,"rotate":-6.9},{"duration":2,"rotate":-13.42},{"duration":2,"rotate":-6.9},{"duration":2,"rotate":-13.42},{"duration":2,"rotate":-6.9},{"duration":2,"rotate":-13.42},{"duration":2,"rotate":-6.9},{"duration":2,"rotate":-13.42},{"duration":2,"rotate":-6.9},{"duration":2,"rotate":-13.42},{"duration":2,"rotate":-6.9},{"duration":2,"rotate":-13.42},{"duration":2,"rotate":-6.9},{"duration":2,"rotate":-13.42},{"duration":2,"rotate":-6.9}],"scaleFrame":[{"duration":40},{"duration":2},{"duration":2,"x":0.9},{"duration":2},{"duration":2,"x":0.9},{"duration":2},{"duration":2,"x":0.9},{"duration":2},{"duration":2,"x":0.9},{"duration":2},{"duration":2,"x":0.9},{"duration":2},{"duration":2,"x":0.9},{"duration":2},{"duration":2,"x":0.9},{"duration":2},{"duration":2,"x":0.9},{"duration":2}]},{"name":"PET6115_chuxuyou","rotateFrame":[{"duration":7,"tweenEasing":0},{"tweenEasing":0,"rotate":5.54},{"duration":30,"rotate":5.86},{"tweenEasing":0,"rotate":5.86},{"tweenEasing":0,"rotate":11.07},{"duration":26,"rotate":16.27},{"duration":8,"tweenEasing":0,"rotate":16.27},{"duration":0}]},{"name":"PET6115_youjiao2","rotateFrame":[{"duration":7,"tweenEasing":0},{"tweenEasing":0,"rotate":3.15},{"duration":30,"rotate":3.34},{"tweenEasing":0,"rotate":3.34},{"tweenEasing":0,"rotate":6.25},{"duration":26,"rotate":9.16},{"duration":8,"tweenEasing":0,"rotate":9.16},{"duration":0}]},{"name":"PET6115_chuxuyou2","rotateFrame":[{"duration":7,"tweenEasing":0},{"duration":33,"tweenEasing":0,"rotate":-15.54},{"duration":26,"tweenEasing":0,"rotate":-4.69},{"duration":8,"tweenEasing":0,"rotate":-15.54},{"duration":0}]},{"name":"PET6115_chuxuzuo","rotateFrame":[{"duration":7,"tweenEasing":0},{"duration":33,"tweenEasing":0,"rotate":-21.06},{"duration":26,"tweenEasing":0,"rotate":-10.22},{"duration":8,"tweenEasing":0,"rotate":-21.07},{"duration":0}]},{"name":"bone5","rotateFrame":[{"duration":7,"tweenEasing":0},{"duration":33,"tweenEasing":0,"rotate":4.62},{"duration":26,"tweenEasing":0,"rotate":15.46},{"duration":8,"tweenEasing":0,"rotate":4.61},{"duration":0}]},{"name":"bone6","rotateFrame":[{"duration":7,"tweenEasing":0},{"duration":33,"tweenEasing":0,"rotate":18.34},{"duration":26,"tweenEasing":0,"rotate":29.19},{"duration":8,"tweenEasing":0,"rotate":18.34},{"duration":0}]},{"name":"PET6115_chibang3","rotateFrame":[{"duration":40,"rotate":6.42},{"duration":2,"rotate":6.42},{"duration":2,"rotate":13.37},{"duration":2,"rotate":6.42},{"duration":2,"rotate":13.37},{"duration":2,"rotate":6.42},{"duration":2,"rotate":13.37},{"duration":2,"rotate":6.42},{"duration":2,"rotate":13.37},{"duration":2,"rotate":6.42},{"duration":2,"rotate":13.37},{"duration":2,"rotate":6.42},{"duration":2,"rotate":13.37},{"duration":2,"rotate":6.42},{"duration":2,"rotate":13.37},{"duration":2,"rotate":6.42},{"duration":2,"rotate":13.37},{"duration":2,"rotate":6.42}],"scaleFrame":[{"duration":40},{"duration":2},{"duration":2,"x":0.9},{"duration":2},{"duration":2,"x":0.9},{"duration":2},{"duration":2,"x":0.9},{"duration":2},{"duration":2,"x":0.9},{"duration":2},{"duration":2,"x":0.9},{"duration":2},{"duration":2,"x":0.9},{"duration":2},{"duration":2,"x":0.9},{"duration":2},{"duration":2,"x":0.9},{"duration":2}]},{"name":"PET6115_chibang4","rotateFrame":[{"duration":40,"rotate":16.41},{"duration":2,"rotate":16.41},{"duration":2},{"duration":2,"rotate":16.41},{"duration":2},{"duration":2,"rotate":16.41},{"duration":2},{"duration":2,"rotate":16.41},{"duration":2},{"duration":2,"rotate":16.41},{"duration":2},{"duration":14,"rotate":16.41}],"scaleFrame":[{"duration":40,"x":0.8},{"duration":2,"x":0.8},{"duration":2},{"duration":2,"x":0.8},{"duration":2},{"duration":2,"x":0.8},{"duration":2},{"duration":2,"x":0.8},{"duration":2},{"duration":2,"x":0.8},{"duration":2},{"duration":14,"x":0.8}]},{"name":"PET6115_chibang5","rotateFrame":[{"duration":40,"rotate":-11.66},{"duration":2,"rotate":-11.66},{"duration":2},{"duration":2,"rotate":-11.66},{"duration":2},{"duration":2,"rotate":-11.66},{"duration":2},{"duration":2,"rotate":-11.66},{"duration":2},{"duration":2,"rotate":-11.66},{"duration":2},{"duration":2,"rotate":-11.66},{"duration":2},{"duration":2,"rotate":-11.66},{"duration":2},{"duration":2,"rotate":-11.66},{"duration":2},{"duration":2,"rotate":-11.66}],"scaleFrame":[{"duration":40,"x":0.8},{"duration":2,"x":0.8},{"duration":2},{"duration":2,"x":0.8},{"duration":2},{"duration":2,"x":0.8},{"duration":2},{"duration":2,"x":0.8},{"duration":2},{"duration":2,"x":0.8},{"duration":2},{"duration":2,"x":0.8},{"duration":2},{"duration":2,"x":0.8},{"duration":2},{"duration":2,"x":0.8},{"duration":2},{"duration":2,"x":0.8}]},{"name":"PET6115_youshou1","rotateFrame":[{"duration":7,"tweenEasing":0},{"tweenEasing":0,"rotate":-10.59},{"duration":30,"rotate":-10.43},{"tweenEasing":0,"rotate":-10.43},{"duration":35,"tweenEasing":0,"rotate":-10.14},{"duration":0}]},{"name":"yz","translateFrame":[{"duration":39,"tweenEasing":0},{"tweenEasing":0},{"duration":26,"tweenEasing":0,"x":9.12},{"duration":8,"tweenEasing":0,"x":9.12},{"duration":0}],"scaleFrame":[{"duration":7,"tweenEasing":0},{"duration":6,"tweenEasing":0,"y":0.9},{"duration":5,"tweenEasing":0},{"duration":5,"tweenEasing":0,"y":0.9},{"duration":5,"tweenEasing":0},{"duration":5,"tweenEasing":0,"y":0.9},{"duration":5,"tweenEasing":0},{"tweenEasing":0,"y":0.9},{"tweenEasing":0,"y":0.9},{"duration":26,"tweenEasing":0},{"duration":8,"tweenEasing":0,"y":1.1},{"duration":0}]},{"name":"PET6115_zuoshou1","rotateFrame":[{"duration":7,"tweenEasing":0},{"tweenEasing":0,"rotate":9.31},{"duration":30,"rotate":9.35},{"tweenEasing":0,"rotate":9.35},{"tweenEasing":0,"rotate":9.99},{"duration":26,"rotate":10.63},{"duration":8,"tweenEasing":0,"rotate":10.63},{"duration":0}]},{"name":"PET6115_zuoshou2","rotateFrame":[{"duration":7,"tweenEasing":0},{"tweenEasing":0,"rotate":9.31},{"duration":30,"rotate":8.2},{"tweenEasing":0,"rotate":8.2},{"tweenEasing":0,"rotate":-9.65},{"duration":26,"rotate":-27.51},{"duration":8,"tweenEasing":0,"rotate":-27.51},{"duration":0}]},{"name":"PET6115_youshou2","translateFrame":[{"duration":7,"tweenEasing":0},{"tweenEasing":0,"x":-0.67,"y":-0.48},{"duration":30,"x":-0.77,"y":-0.55},{"tweenEasing":0,"x":-0.77,"y":-0.55},{"tweenEasing":0,"x":-2.32,"y":-1.66},{"duration":26,"x":-3.88,"y":-2.76},{"duration":8,"tweenEasing":0,"x":-3.88,"y":-2.76},{"duration":0}],"rotateFrame":[{"duration":7,"tweenEasing":0},{"tweenEasing":0,"rotate":-10.59},{"duration":30,"rotate":-15.17},{"tweenEasing":0,"rotate":-15.17},{"tweenEasing":0,"rotate":-88.44},{"duration":26,"rotate":-161.73},{"duration":8,"tweenEasing":0,"rotate":-161.73},{"duration":0}]},{"name":"pet6115_02_part01_00001","translateFrame":[{"duration":74,"y":-1}]}],"slot":[{"name":"PET6115_chibang1","colorFrame":[{"duration":7,"value":{"aM":47}},{"tweenEasing":0,"value":{"aM":47}},{"duration":30,"value":{"aM":0}},{"tweenEasing":0,"value":{"aM":0}},{"duration":35,"tweenEasing":0},{"duration":0,"value":{"aM":47}}]},{"name":"PET6115_chibang2","colorFrame":[{"duration":7},{"tweenEasing":0},{"duration":30,"value":{"aM":0}},{"tweenEasing":0,"value":{"aM":0}},{"duration":35}]},{"name":"PET6115_chibang4","colorFrame":[{"duration":7,"value":{"aM":47}},{"tweenEasing":0,"value":{"aM":47}},{"duration":30,"value":{"aM":0}},{"tweenEasing":0,"value":{"aM":0}},{"duration":35,"tweenEasing":0},{"duration":0,"value":{"aM":47}}]},{"name":"PET6115_chibang5","colorFrame":[{"duration":7},{"tweenEasing":0},{"duration":30,"value":{"aM":0}},{"tweenEasing":0,"value":{"aM":0}},{"duration":35}]},{"name":"PET6115_chuxuyou","colorFrame":[{"duration":7},{"tweenEasing":0},{"duration":30,"value":{"aM":0}},{"tweenEasing":0,"value":{"aM":0}},{"duration":35}]},{"name":"PET6115_chuxuzuo","colorFrame":[{"duration":7},{"tweenEasing":0},{"duration":30,"value":{"aM":0}},{"tweenEasing":0,"value":{"aM":0}},{"duration":35}]},{"name":"PET6115_dazhao1","displayFrame":[{"duration":8,"value":-1},{"duration":2},{"duration":2,"value":1},{"duration":2,"value":2},{"duration":2,"value":3},{"duration":2},{"duration":2,"value":1},{"duration":2,"value":2},{"duration":2,"value":3},{"duration":2},{"duration":2,"value":1},{"duration":2,"value":2},{"duration":2,"value":3},{"duration":2},{"duration":2,"value":1},{"duration":2,"value":2},{"value":3},{"duration":35,"value":-1}]},{"name":"PET6115_duzi","colorFrame":[{"duration":7},{"tweenEasing":0},{"duration":30,"value":{"aM":0}},{"tweenEasing":0,"value":{"aM":0}},{"duration":35}]},{"name":"PET6115_tou","colorFrame":[{"duration":7},{"tweenEasing":0},{"duration":30,"value":{"aM":0}},{"tweenEasing":0,"value":{"aM":0}},{"duration":35}]},{"name":"PET6115_yanjingputong2","displayFrame":[{"duration":40,"value":2},{"duration":34,"value":1},{"duration":0,"value":2}],"colorFrame":[{"duration":7,"tweenEasing":0},{"tweenEasing":0},{"duration":30,"value":{"aM":0}},{"tweenEasing":0,"value":{"aM":0}},{"duration":35}]},{"name":"PET6115_youjiao1","colorFrame":[{"duration":7},{"tweenEasing":0},{"duration":30,"value":{"aM":0}},{"tweenEasing":0,"value":{"aM":0}},{"duration":35}]},{"name":"PET6115_youjiao2","colorFrame":[{"duration":7,"tweenEasing":0},{"tweenEasing":0},{"duration":30,"value":{"aM":0}},{"tweenEasing":0,"value":{"aM":0}},{"duration":35}]},{"name":"PET6115_youshou1","colorFrame":[{"duration":7},{"tweenEasing":0},{"duration":30,"value":{"aM":0}},{"tweenEasing":0,"value":{"aM":0}},{"duration":35}]},{"name":"PET6115_youshou2","colorFrame":[{"duration":7},{"tweenEasing":0},{"duration":30,"value":{"aM":0}},{"tweenEasing":0,"value":{"aM":0}},{"duration":35}]},{"name":"PET6115_zuigaoxing","colorFrame":[{"duration":7,"tweenEasing":0},{"tweenEasing":0},{"duration":30,"value":{"aM":0}},{"tweenEasing":0,"value":{"aM":0}},{"duration":35}]},{"name":"PET6115_zuojiao2","colorFrame":[{"duration":7,"tweenEasing":0},{"tweenEasing":0},{"duration":30,"value":{"aM":0}},{"tweenEasing":0,"value":{"aM":0}},{"duration":35}]},{"name":"PET6115_zuojiao4","colorFrame":[{"duration":7},{"tweenEasing":0},{"duration":30,"value":{"aM":0}},{"tweenEasing":0,"value":{"aM":0}},{"duration":35}]},{"name":"PET6115_zuoshou1","colorFrame":[{"duration":7},{"tweenEasing":0},{"duration":30,"value":{"aM":0}},{"tweenEasing":0,"value":{"aM":0}},{"duration":35}]},{"name":"PET6115_zuoshou2","colorFrame":[{"duration":7},{"tweenEasing":0},{"duration":30,"value":{"aM":0}},{"tweenEasing":0,"value":{"aM":0}},{"duration":35}]},{"name":"pet6115_02_part01_00001","displayFrame":[{"duration":6,"value":-1},{"duration":2},{"duration":2,"value":1},{"duration":2,"value":2},{"duration":2,"value":3},{"duration":2,"value":4},{"duration":2,"value":5},{"duration":2,"value":6},{"duration":2,"value":7},{"duration":2,"value":8},{"duration":2,"value":9},{"duration":2,"value":10},{"duration":2,"value":11},{"duration":2,"value":12},{"duration":2,"value":13},{"duration":2,"value":14},{"duration":2,"value":15},{"duration":36,"value":-1}]}]},{"duration":54,"name":"stand","bone":[{"name":"bone","translateFrame":[{"duration":8,"tweenEasing":0},{"duration":8,"tweenEasing":0,"y":-15},{"duration":8,"tweenEasing":0},{"duration":8,"tweenEasing":0,"y":-15},{"duration":2,"tweenEasing":0},{"duration":6,"tweenEasing":0,"y":-20.45},{"duration":3,"tweenEasing":0,"y":-25},{"duration":2,"tweenEasing":0,"y":-20},{"duration":5,"tweenEasing":0,"y":2},{"duration":4,"tweenEasing":0,"y":5},{"duration":0}],"rotateFrame":[{"duration":32,"tweenEasing":0},{"duration":2,"tweenEasing":0},{"duration":6,"tweenEasing":0,"rotate":-41.28},{"duration":3,"tweenEasing":0,"rotate":-50.46},{"duration":2,"tweenEasing":0,"rotate":-45.87},{"duration":9}]},{"name":"PET6115_duzi","rotateFrame":[{"duration":34,"tweenEasing":0},{"duration":6,"tweenEasing":0,"rotate":5.05},{"duration":3,"tweenEasing":0,"rotate":5.3},{"duration":2,"tweenEasing":0,"rotate":5.18},{"duration":9}]},{"name":"PET6115_youjiao1","translateFrame":[{"duration":43,"tweenEasing":0},{"tweenEasing":0},{"duration":7,"x":0.47,"y":2.79},{"tweenEasing":0,"x":0.47,"y":2.79},{"duration":2}],"rotateFrame":[{"duration":8,"tweenEasing":0},{"duration":8,"tweenEasing":0,"rotate":-12.62},{"duration":8,"tweenEasing":0},{"duration":8,"tweenEasing":0,"rotate":-12.62},{"duration":2,"tweenEasing":0},{"duration":6,"tweenEasing":0,"rotate":-9.35},{"duration":3,"tweenEasing":0,"rotate":-11.43},{"tweenEasing":0,"rotate":0.72},{"rotate":-7.86},{"duration":5,"tweenEasing":0,"rotate":-7.86},{"tweenEasing":0,"rotate":-3.11},{"tweenEasing":0,"rotate":-7.86},{"duration":2,"tweenEasing":0,"rotate":-12.06},{"duration":0}]},{"name":"PET6115_zuojiao2","translateFrame":[{"duration":43,"tweenEasing":0},{"tweenEasing":0},{"duration":7,"x":-4.29,"y":0.4},{"tweenEasing":0,"x":-4.29,"y":0.4},{"duration":2}],"rotateFrame":[{"duration":8,"tweenEasing":0},{"duration":8,"tweenEasing":0,"rotate":-6.96},{"duration":8,"tweenEasing":0},{"duration":8,"tweenEasing":0,"rotate":-6.96},{"duration":8},{"duration":3},{"tweenEasing":0,"rotate":23.07},{"duration":7,"rotate":84.62},{"tweenEasing":0,"rotate":84.62},{"duration":2,"tweenEasing":0,"rotate":-21.31},{"duration":0}]},{"name":"PET6115_zuojiao4","translateFrame":[{"duration":43,"tweenEasing":0},{"tweenEasing":0},{"duration":7,"tweenEasing":0,"x":4.85,"y":4.74},{"tweenEasing":0,"x":4.85,"y":4.74},{"duration":2}],"rotateFrame":[{"duration":8,"tweenEasing":0},{"duration":8,"tweenEasing":0,"rotate":-16.05},{"duration":8,"tweenEasing":0},{"duration":8,"tweenEasing":0,"rotate":-16.05},{"duration":2,"tweenEasing":0},{"duration":6,"tweenEasing":0,"rotate":-9.61},{"duration":3,"tweenEasing":0,"rotate":-11.74},{"tweenEasing":0,"rotate":-40.1},{"tweenEasing":0,"rotate":-66.73},{"duration":5,"tweenEasing":0,"rotate":-120.7},{"tweenEasing":0,"rotate":-127},{"tweenEasing":0,"rotate":-30.96},{"duration":2,"tweenEasing":0,"rotate":-54.24},{"duration":0}]},{"name":"bone2","rotateFrame":[{"duration":32},{"duration":2,"tweenEasing":0},{"duration":6,"tweenEasing":0,"rotate":15.97},{"duration":3,"tweenEasing":0,"rotate":19.52},{"duration":2,"tweenEasing":0,"rotate":17.75},{"duration":9}]},{"name":"PET6115_chibang2","rotateFrame":[{"duration":2,"rotate":-6.9},{"duration":2,"rotate":-6.9},{"duration":2,"rotate":-13.42},{"duration":2,"rotate":-6.9},{"duration":2,"rotate":-13.42},{"duration":2,"rotate":-6.9},{"duration":2,"rotate":-13.42},{"duration":2,"rotate":-6.9},{"duration":2,"rotate":-13.42},{"duration":2,"rotate":-6.9},{"duration":2,"rotate":-13.42},{"duration":2,"rotate":-6.9},{"duration":2,"rotate":-13.42},{"duration":2,"rotate":-6.9},{"duration":2,"rotate":-13.42},{"duration":2,"rotate":-6.9},{"duration":2,"rotate":-13.42},{"duration":2,"rotate":-6.9},{"duration":2,"rotate":-13.42},{"duration":2,"rotate":-6.9},{"duration":2,"rotate":-13.42},{"duration":2,"rotate":-6.9},{"duration":2,"rotate":-13.42},{"duration":2,"rotate":-6.9},{"duration":2,"rotate":-13.42},{"duration":2,"rotate":-6.9},{"duration":2,"rotate":-13.42},{"duration":0,"rotate":-6.9}],"scaleFrame":[{"duration":2},{"duration":2},{"duration":2,"x":0.9},{"duration":2},{"duration":2,"x":0.9},{"duration":2},{"duration":2,"x":0.9},{"duration":2},{"duration":2,"x":0.9},{"duration":2},{"duration":2,"x":0.9},{"duration":2},{"duration":2,"x":0.9},{"duration":2},{"duration":2,"x":0.9},{"duration":2},{"duration":2,"x":0.9},{"duration":2},{"duration":2,"x":0.9},{"duration":2},{"duration":2,"x":0.9},{"duration":2},{"duration":2,"x":0.9},{"duration":2},{"duration":2,"x":0.9},{"duration":2},{"duration":2,"x":0.9},{"duration":0}]},{"name":"PET6115_chuxuyou","rotateFrame":[{"duration":8,"tweenEasing":0},{"duration":8,"tweenEasing":0,"rotate":5.54},{"duration":8,"tweenEasing":0},{"duration":8,"tweenEasing":0,"rotate":5.54},{"duration":2,"tweenEasing":0},{"duration":6,"tweenEasing":0,"rotate":17.76},{"duration":3,"tweenEasing":0,"rotate":21.71},{"duration":2,"tweenEasing":0,"rotate":19.74},{"duration":5,"tweenEasing":0,"rotate":-4.92},{"duration":4,"tweenEasing":0,"rotate":-6.35},{"duration":0}]},{"name":"PET6115_youjiao2","translateFrame":[{"duration":43,"tweenEasing":0},{"tweenEasing":0},{"tweenEasing":0,"x":-7.32,"y":1.78},{"duration":5,"x":-10,"y":1.27},{"tweenEasing":0,"x":-10,"y":1.27},{"tweenEasing":0,"x":-7.32,"y":1.78},{"duration":2}],"rotateFrame":[{"duration":8,"tweenEasing":0},{"duration":8,"tweenEasing":0,"rotate":3.15},{"duration":8,"tweenEasing":0},{"duration":8,"tweenEasing":0,"rotate":3.15},{"duration":22}]},{"name":"PET6115_chuxuyou2","rotateFrame":[{"duration":8,"tweenEasing":0},{"duration":8,"tweenEasing":0,"rotate":-15.54},{"duration":8,"tweenEasing":0},{"duration":8,"tweenEasing":0,"rotate":-15.54},{"duration":2,"tweenEasing":0},{"duration":6,"tweenEasing":0,"rotate":-18.37},{"duration":5,"tweenEasing":0,"rotate":-22.46},{"duration":5,"tweenEasing":0,"rotate":10.93},{"duration":4,"tweenEasing":0,"rotate":13.44},{"duration":0}]},{"name":"PET6115_chuxuzuo","rotateFrame":[{"duration":8,"tweenEasing":0},{"duration":8,"tweenEasing":0,"rotate":-21.06},{"duration":8,"tweenEasing":0},{"duration":8,"tweenEasing":0,"rotate":-21.06},{"duration":2,"tweenEasing":0},{"duration":6,"tweenEasing":0,"rotate":-26.32},{"duration":5,"tweenEasing":0,"rotate":-32.18},{"duration":5,"tweenEasing":0,"rotate":-4.42},{"duration":4,"tweenEasing":0,"rotate":1.72},{"duration":0}]},{"name":"bone5","rotateFrame":[{"duration":8,"tweenEasing":0},{"duration":8,"tweenEasing":0,"rotate":4.62},{"duration":8,"tweenEasing":0},{"duration":8,"tweenEasing":0,"rotate":4.62},{"duration":2,"tweenEasing":0},{"duration":6,"tweenEasing":0,"rotate":13.12},{"duration":5,"tweenEasing":0,"rotate":16.04},{"duration":5,"tweenEasing":0,"rotate":12.15},{"duration":4,"tweenEasing":0,"rotate":14.67},{"duration":0}]},{"name":"bone6","rotateFrame":[{"duration":8,"tweenEasing":0},{"duration":8,"tweenEasing":0,"rotate":18.34},{"duration":8,"tweenEasing":0},{"duration":8,"tweenEasing":0,"rotate":18.34},{"duration":2,"tweenEasing":0},{"duration":6,"tweenEasing":0,"rotate":17.05},{"duration":5,"rotate":20.84},{"duration":5,"tweenEasing":0,"rotate":20.84},{"duration":4,"tweenEasing":0,"rotate":26.99},{"duration":0}]},{"name":"PET6115_chibang3","rotateFrame":[{"duration":2,"rotate":6.42},{"duration":2,"rotate":6.42},{"duration":2,"rotate":13.37},{"duration":2,"rotate":6.42},{"duration":2,"rotate":13.37},{"duration":2,"rotate":6.42},{"duration":2,"rotate":13.37},{"duration":2,"rotate":6.42},{"duration":2,"rotate":13.37},{"duration":2,"rotate":6.42},{"duration":2,"rotate":13.37},{"duration":2,"rotate":6.42},{"duration":2,"rotate":13.37},{"duration":2,"rotate":6.42},{"duration":2,"rotate":13.37},{"duration":2,"rotate":6.42},{"duration":2,"rotate":13.37},{"duration":2,"rotate":6.42},{"duration":2,"rotate":13.37},{"duration":2,"rotate":6.42},{"duration":2,"rotate":13.37},{"duration":2,"rotate":6.42},{"duration":2,"rotate":13.37},{"duration":2,"rotate":6.42},{"duration":2,"rotate":13.37},{"duration":2,"rotate":6.42},{"duration":2,"rotate":13.37},{"duration":0,"rotate":6.42}],"scaleFrame":[{"duration":2},{"duration":2},{"duration":2,"x":0.9},{"duration":2},{"duration":2,"x":0.9},{"duration":2},{"duration":2,"x":0.9},{"duration":2},{"duration":2,"x":0.9},{"duration":2},{"duration":2,"x":0.9},{"duration":2},{"duration":2,"x":0.9},{"duration":2},{"duration":2,"x":0.9},{"duration":2},{"duration":2,"x":0.9},{"duration":2},{"duration":2,"x":0.9},{"duration":2},{"duration":2,"x":0.9},{"duration":2},{"duration":2,"x":0.9},{"duration":2},{"duration":2,"x":0.9},{"duration":2},{"duration":2,"x":0.9},{"duration":0}]},{"name":"PET6115_chibang4","rotateFrame":[{"duration":2,"rotate":16.41},{"duration":2,"rotate":16.41},{"duration":2},{"duration":2,"rotate":16.41},{"duration":2},{"duration":2,"rotate":16.41},{"duration":2},{"duration":2,"rotate":16.41},{"duration":2},{"duration":2,"rotate":16.41},{"duration":2},{"duration":2,"rotate":16.41},{"duration":2},{"duration":2,"rotate":16.41},{"duration":2},{"duration":2,"rotate":16.41},{"duration":2},{"duration":2,"rotate":16.41},{"duration":2},{"duration":2,"rotate":16.41},{"duration":2},{"duration":2,"rotate":16.41},{"duration":2},{"duration":2,"rotate":16.41},{"duration":2},{"duration":2,"rotate":16.41},{"duration":2},{"duration":0,"rotate":16.41}],"scaleFrame":[{"duration":2,"x":0.8},{"duration":2,"x":0.8},{"duration":2},{"duration":2,"x":0.8},{"duration":2},{"duration":2,"x":0.8},{"duration":2},{"duration":2,"x":0.8},{"duration":2},{"duration":2,"x":0.8},{"duration":2},{"duration":2,"x":0.8},{"duration":2},{"duration":2,"x":0.8},{"duration":2},{"duration":2,"x":0.8},{"duration":2},{"duration":2,"x":0.8},{"duration":2},{"duration":2,"x":0.8},{"duration":2},{"duration":2,"x":0.8},{"duration":2},{"duration":2,"x":0.8},{"duration":2},{"duration":2,"x":0.8},{"duration":2},{"duration":0,"x":0.8}]},{"name":"PET6115_chibang5","rotateFrame":[{"duration":2,"rotate":-11.66},{"duration":2,"rotate":-11.66},{"duration":2},{"duration":2,"rotate":-11.66},{"duration":2},{"duration":2,"rotate":-11.66},{"duration":2},{"duration":2,"rotate":-11.66},{"duration":2},{"duration":2,"rotate":-11.66},{"duration":2},{"duration":2,"rotate":-11.66},{"duration":2},{"duration":2,"rotate":-11.66},{"duration":2},{"duration":2,"rotate":-11.66},{"duration":2},{"duration":2,"rotate":-11.66},{"duration":2},{"duration":2,"rotate":-11.66},{"duration":2},{"duration":2,"rotate":-11.66},{"duration":2},{"duration":2,"rotate":-11.66},{"duration":2},{"duration":2,"rotate":-11.66},{"duration":2},{"duration":0,"rotate":-11.66}],"scaleFrame":[{"duration":2,"x":0.8},{"duration":2,"x":0.8},{"duration":2},{"duration":2,"x":0.8},{"duration":2},{"duration":2,"x":0.8},{"duration":2},{"duration":2,"x":0.8},{"duration":2},{"duration":2,"x":0.8},{"duration":2},{"duration":2,"x":0.8},{"duration":2},{"duration":2,"x":0.8},{"duration":2},{"duration":2,"x":0.8},{"duration":2},{"duration":2,"x":0.8},{"duration":2},{"duration":2,"x":0.8},{"duration":2},{"duration":2,"x":0.8},{"duration":2},{"duration":2,"x":0.8},{"duration":2},{"duration":2,"x":0.8},{"duration":2},{"duration":0,"x":0.8}]},{"name":"PET6115_youshou2","rotateFrame":[{"duration":8,"tweenEasing":0},{"duration":8,"tweenEasing":0,"rotate":-10.85},{"duration":8,"tweenEasing":0,"rotate":-0.44},{"duration":8,"tweenEasing":0,"rotate":-10.59},{"duration":2,"tweenEasing":0,"rotate":-0.16},{"duration":6,"tweenEasing":0,"rotate":-3.83},{"duration":5,"tweenEasing":0,"rotate":-13.41},{"duration":5,"tweenEasing":0,"rotate":-4},{"duration":4,"tweenEasing":0,"rotate":0.39},{"duration":0}]},{"name":"PET6115_youshou1","rotateFrame":[{"duration":8,"tweenEasing":0},{"duration":8,"tweenEasing":0,"rotate":-10.85},{"duration":8,"tweenEasing":0,"rotate":-0.44},{"duration":8,"tweenEasing":0,"rotate":-10.59},{"duration":2,"tweenEasing":0,"rotate":-0.16},{"duration":6,"tweenEasing":0,"rotate":-3.83},{"duration":5,"tweenEasing":0,"rotate":-13.41},{"duration":5,"tweenEasing":0,"rotate":-4},{"duration":4,"tweenEasing":0,"rotate":0.39},{"duration":0}]},{"name":"PET6115_zuoshou2","rotateFrame":[{"duration":8,"tweenEasing":0},{"duration":8,"tweenEasing":0,"rotate":6.58},{"duration":8,"tweenEasing":0,"rotate":0.15},{"duration":8,"tweenEasing":0,"rotate":9.31},{"duration":2,"tweenEasing":0,"rotate":0.35},{"duration":6,"tweenEasing":0,"rotate":20.68},{"duration":5,"tweenEasing":0,"rotate":31.58},{"duration":5,"tweenEasing":0,"rotate":0.75},{"duration":4,"tweenEasing":0,"rotate":-13.16},{"duration":0}]},{"name":"PET6115_zuoshou1","rotateFrame":[{"duration":8,"tweenEasing":0},{"duration":8,"tweenEasing":0,"rotate":6.58},{"duration":8,"tweenEasing":0,"rotate":0.15},{"duration":8,"tweenEasing":0,"rotate":9.31},{"duration":2,"tweenEasing":0,"rotate":0.35},{"duration":6,"tweenEasing":0,"rotate":13.66},{"duration":5,"tweenEasing":0,"rotate":10.52},{"duration":5,"tweenEasing":0,"rotate":8.3},{"duration":4,"tweenEasing":0,"rotate":-5.61},{"duration":0}]},{"name":"yz","scaleFrame":[{"duration":8,"tweenEasing":0},{"duration":8,"tweenEasing":0,"y":0.9},{"duration":8,"tweenEasing":0},{"duration":8,"tweenEasing":0,"y":0.9},{"duration":6,"tweenEasing":0},{"duration":9,"tweenEasing":0,"y":0.9},{"duration":7,"tweenEasing":0,"y":1.1},{"duration":0}]},{"name":"pet6115_02_part01_00001","translateFrame":[{"duration":54,"y":-1}]}],"slot":[{"name":"PET6115_yanjingputong2","displayFrame":[{"duration":42,"value":2},{"duration":12},{"duration":0,"value":2}]},{"name":"PET6115_youjiao2","displayFrame":[{"duration":44,"value":1},{"duration":8},{"duration":2,"value":1}]},{"name":"PET6115_zuojiao2","displayFrame":[{"duration":44,"value":1},{"duration":8},{"duration":2,"value":1}]}]},{"duration":22,"name":"walk","bone":[{"name":"bone","translateFrame":[{"duration":6,"tweenEasing":0},{"duration":8,"tweenEasing":0,"y":5},{"duration":8,"tweenEasing":0,"y":-10},{"duration":0}]},{"name":"PET6115_youjiao1","rotateFrame":[{"duration":11,"tweenEasing":0},{"duration":11,"tweenEasing":0,"rotate":-12.62},{"duration":0}]},{"name":"PET6115_zuojiao2","rotateFrame":[{"duration":11,"tweenEasing":0},{"duration":11,"tweenEasing":0,"rotate":-25.51},{"duration":0}]},{"name":"PET6115_zuojiao4","rotateFrame":[{"duration":11,"tweenEasing":0},{"duration":11,"tweenEasing":0,"rotate":-16.05},{"duration":0}]},{"name":"PET6115_chibang2","rotateFrame":[{"duration":2,"rotate":-6.9},{"duration":2,"rotate":-6.9},{"duration":2,"rotate":-13.42},{"duration":2,"rotate":-6.9},{"duration":2,"rotate":-13.42},{"duration":2,"rotate":-6.9},{"duration":2,"rotate":-13.42},{"duration":2,"rotate":-6.9},{"duration":2,"rotate":-13.42},{"duration":2,"rotate":-6.9},{"duration":2,"rotate":-13.42},{"duration":0,"rotate":-6.9}],"scaleFrame":[{"duration":2},{"duration":2},{"duration":2,"x":0.9},{"duration":2},{"duration":2,"x":0.9},{"duration":2},{"duration":2,"x":0.9},{"duration":2},{"duration":2,"x":0.9},{"duration":2},{"duration":2,"x":0.9},{"duration":0}]},{"name":"PET6115_chuxuyou","rotateFrame":[{"duration":11,"tweenEasing":0},{"duration":11,"tweenEasing":0,"rotate":5.54},{"duration":0}]},{"name":"PET6115_youjiao2","rotateFrame":[{"duration":11,"tweenEasing":0},{"duration":11,"tweenEasing":0,"rotate":3.15},{"duration":0}]},{"name":"PET6115_chuxuyou2","rotateFrame":[{"duration":11,"tweenEasing":0},{"duration":11,"tweenEasing":0,"rotate":-15.54},{"duration":0}]},{"name":"PET6115_chuxuzuo","rotateFrame":[{"duration":11,"tweenEasing":0},{"duration":11,"tweenEasing":0,"rotate":-21.06},{"duration":0}]},{"name":"bone5","rotateFrame":[{"duration":11,"tweenEasing":0},{"duration":11,"tweenEasing":0,"rotate":4.62},{"duration":0}]},{"name":"bone6","rotateFrame":[{"duration":11,"tweenEasing":0},{"duration":11,"tweenEasing":0,"rotate":18.34},{"duration":0}]},{"name":"PET6115_chibang3","rotateFrame":[{"duration":2,"rotate":6.42},{"duration":2,"rotate":6.42},{"duration":2,"rotate":13.37},{"duration":2,"rotate":6.42},{"duration":2,"rotate":13.37},{"duration":2,"rotate":6.42},{"duration":2,"rotate":13.37},{"duration":2,"rotate":6.42},{"duration":2,"rotate":13.37},{"duration":2,"rotate":6.42},{"duration":2,"rotate":13.37},{"duration":0,"rotate":6.42}],"scaleFrame":[{"duration":2},{"duration":2},{"duration":2,"x":0.9},{"duration":2},{"duration":2,"x":0.9},{"duration":2},{"duration":2,"x":0.9},{"duration":2},{"duration":2,"x":0.9},{"duration":2},{"duration":2,"x":0.9},{"duration":0}]},{"name":"PET6115_chibang4","rotateFrame":[{"duration":2,"rotate":16.41},{"duration":2,"rotate":16.41},{"duration":2},{"duration":2,"rotate":16.41},{"duration":2},{"duration":2,"rotate":16.41},{"duration":2},{"duration":2,"rotate":16.41},{"duration":2},{"duration":2,"rotate":16.41},{"duration":2},{"duration":0,"rotate":16.41}],"scaleFrame":[{"duration":2,"x":0.8},{"duration":2,"x":0.8},{"duration":2},{"duration":2,"x":0.8},{"duration":2},{"duration":2,"x":0.8},{"duration":2},{"duration":2,"x":0.8},{"duration":2},{"duration":2,"x":0.8},{"duration":2},{"duration":0,"x":0.8}]},{"name":"PET6115_chibang5","rotateFrame":[{"duration":2,"rotate":-11.66},{"duration":2,"rotate":-11.66},{"duration":2},{"duration":2,"rotate":-11.66},{"duration":2},{"duration":2,"rotate":-11.66},{"duration":2},{"duration":2,"rotate":-11.66},{"duration":2},{"duration":2,"rotate":-11.66},{"duration":2},{"duration":0,"rotate":-11.66}],"scaleFrame":[{"duration":2,"x":0.8},{"duration":2,"x":0.8},{"duration":2},{"duration":2,"x":0.8},{"duration":2},{"duration":2,"x":0.8},{"duration":2},{"duration":2,"x":0.8},{"duration":2},{"duration":2,"x":0.8},{"duration":2},{"duration":0,"x":0.8}]},{"name":"PET6115_youshou2","rotateFrame":[{"duration":5,"tweenEasing":0},{"duration":10,"tweenEasing":0,"rotate":-6.83},{"duration":7,"tweenEasing":0,"rotate":12.73},{"duration":0}]},{"name":"PET6115_youshou1","rotateFrame":[{"duration":5,"tweenEasing":0},{"duration":10,"tweenEasing":0,"rotate":-16.66},{"duration":7,"tweenEasing":0,"rotate":12.73},{"duration":0}]},{"name":"PET6115_zuoshou2","rotateFrame":[{"duration":5,"tweenEasing":0},{"duration":10,"tweenEasing":0,"rotate":8.94},{"duration":7,"tweenEasing":0,"rotate":-27.09},{"duration":0}]},{"name":"PET6115_zuoshou1","rotateFrame":[{"duration":5,"tweenEasing":0},{"duration":10,"tweenEasing":0,"rotate":10.23},{"duration":7,"tweenEasing":0,"rotate":-16.68},{"duration":0}]},{"name":"yz","scaleFrame":[{"duration":7,"tweenEasing":0},{"duration":8,"tweenEasing":0,"y":1.1},{"duration":7,"tweenEasing":0,"y":0.9},{"duration":0}]},{"name":"pet6115_02_part01_00001","translateFrame":[{"duration":22,"y":-1}]}]},{"duration":42,"name":"win","bone":[{"name":"bone","translateFrame":[{"duration":10,"tweenEasing":0},{"duration":5,"tweenEasing":0,"y":-25},{"duration":5,"tweenEasing":0,"y":-30},{"duration":5,"tweenEasing":0,"y":-25},{"duration":3,"tweenEasing":0,"y":-30},{"duration":2,"tweenEasing":0,"y":-20},{"duration":7,"tweenEasing":0,"y":2},{"tweenEasing":0,"y":7},{"duration":4,"tweenEasing":0,"y":3},{"duration":0}],"rotateFrame":[{"duration":10,"tweenEasing":0},{"duration":15,"tweenEasing":0,"rotate":-47.84},{"duration":3,"tweenEasing":0,"rotate":-47.84},{"duration":2,"tweenEasing":0,"rotate":-45.87},{"duration":12}]},{"name":"PET6115_duzi","rotateFrame":[{"duration":15,"tweenEasing":0},{"duration":10,"rotate":7.72},{"duration":3,"tweenEasing":0,"rotate":7.72},{"duration":2,"tweenEasing":0,"rotate":5.18},{"duration":12}]},{"name":"PET6115_youjiao1","translateFrame":[{"duration":28,"tweenEasing":0},{"tweenEasing":0},{"tweenEasing":0,"x":0.47,"y":2.79},{"duration":7,"tweenEasing":0,"x":1.35,"y":3.57},{"tweenEasing":0,"x":1.35,"y":3.57},{"tweenEasing":0,"x":0.47,"y":2.79},{"duration":3}],"rotateFrame":[{"duration":10,"tweenEasing":0},{"duration":5,"tweenEasing":0,"rotate":-18.83},{"duration":5,"tweenEasing":0,"rotate":-13.33},{"duration":5,"tweenEasing":0,"rotate":-18.83},{"duration":3,"tweenEasing":0,"rotate":-13.33},{"tweenEasing":0,"rotate":0.72},{"tweenEasing":0,"rotate":-7.86},{"duration":7,"tweenEasing":0,"rotate":-16.41},{"tweenEasing":0,"rotate":-8.73},{"tweenEasing":0,"rotate":-7.86},{"duration":3,"tweenEasing":0,"rotate":-12.06},{"duration":0}]},{"name":"PET6115_zuojiao2","translateFrame":[{"duration":28,"tweenEasing":0},{"tweenEasing":0},{"duration":9,"x":-4.29,"y":0.4},{"tweenEasing":0,"x":-4.29,"y":0.4},{"duration":3}],"rotateFrame":[{"duration":8,"tweenEasing":0},{"duration":2,"tweenEasing":0,"rotate":-6.96},{"duration":5,"tweenEasing":0,"rotate":-1.94},{"duration":5,"tweenEasing":0,"rotate":3.55},{"duration":5,"tweenEasing":0,"rotate":-1.94},{"duration":3,"tweenEasing":0,"rotate":3.55},{"tweenEasing":0,"rotate":23.07},{"duration":9,"rotate":84.62},{"tweenEasing":0,"rotate":84.62},{"duration":3,"tweenEasing":0,"rotate":-21.31},{"duration":0}]},{"name":"PET6115_zuojiao4","translateFrame":[{"duration":28,"tweenEasing":0},{"tweenEasing":0},{"duration":9,"tweenEasing":0,"x":4.85,"y":4.74},{"tweenEasing":0,"x":4.85,"y":4.74},{"duration":3}],"rotateFrame":[{"duration":8,"tweenEasing":0},{"duration":2,"tweenEasing":0,"rotate":-16.05},{"duration":5,"tweenEasing":0,"rotate":1.71},{"duration":5,"tweenEasing":0,"rotate":7.2},{"duration":5,"tweenEasing":0,"rotate":1.71},{"duration":3,"tweenEasing":0,"rotate":7.2},{"tweenEasing":0,"rotate":-40.1},{"tweenEasing":0,"rotate":-66.73},{"duration":7,"tweenEasing":0,"rotate":-135.75},{"tweenEasing":0,"rotate":-141.46},{"tweenEasing":0,"rotate":-30.96},{"duration":3,"tweenEasing":0,"rotate":-54.24},{"duration":0}]},{"name":"bone2","rotateFrame":[{"duration":8},{"duration":2,"tweenEasing":0},{"duration":5,"tweenEasing":0,"rotate":11.07},{"duration":5,"tweenEasing":0,"rotate":0.42},{"duration":5,"tweenEasing":0,"rotate":11.07},{"duration":3,"tweenEasing":0,"rotate":0.42},{"duration":2,"tweenEasing":0,"rotate":17.75},{"duration":12}]},{"name":"PET6115_chibang2","rotateFrame":[{"duration":2,"rotate":-6.9},{"duration":2,"rotate":-6.9},{"duration":2,"rotate":-13.42},{"duration":2,"rotate":-6.9},{"duration":2,"rotate":-13.42},{"duration":2,"rotate":-6.9},{"duration":2,"rotate":-13.42},{"duration":2,"rotate":-6.9},{"duration":2,"rotate":-13.42},{"duration":2,"rotate":-6.9},{"duration":2,"rotate":-13.42},{"duration":2,"rotate":-6.9},{"duration":2,"rotate":-13.42},{"duration":2,"rotate":-6.9},{"duration":2,"rotate":-13.42},{"duration":2,"rotate":-6.9},{"duration":2,"rotate":-13.42},{"duration":2,"rotate":-6.9},{"duration":2,"rotate":-13.42},{"duration":2,"rotate":-6.9},{"duration":2,"rotate":-13.42},{"duration":0,"rotate":-6.9}],"scaleFrame":[{"duration":2},{"duration":2},{"duration":2,"x":0.9},{"duration":2},{"duration":2,"x":0.9},{"duration":2},{"duration":2,"x":0.9},{"duration":2},{"duration":2,"x":0.9},{"duration":2},{"duration":2,"x":0.9},{"duration":2},{"duration":2,"x":0.9},{"duration":2},{"duration":2,"x":0.9},{"duration":2},{"duration":2,"x":0.9},{"duration":2},{"duration":2,"x":0.9},{"duration":2},{"duration":2,"x":0.9},{"duration":0}]},{"name":"PET6115_chuxuyou","rotateFrame":[{"duration":8,"tweenEasing":0},{"duration":2,"tweenEasing":0,"rotate":5.54},{"duration":5,"tweenEasing":0,"rotate":2.84},{"duration":5,"tweenEasing":0,"rotate":-1.08},{"duration":5,"tweenEasing":0,"rotate":2.84},{"duration":3,"tweenEasing":0,"rotate":-1.08},{"duration":2,"tweenEasing":0,"rotate":19.74},{"duration":7,"tweenEasing":0,"rotate":-2.74},{"duration":5,"tweenEasing":0,"rotate":-1.57},{"duration":0}]},{"name":"PET6115_youjiao2","translateFrame":[{"duration":28,"tweenEasing":0},{"tweenEasing":0},{"tweenEasing":0,"x":-7.32,"y":1.78},{"duration":7,"x":-10,"y":1.27},{"tweenEasing":0,"x":-10,"y":1.27},{"tweenEasing":0,"x":-7.32,"y":1.78},{"duration":3}],"rotateFrame":[{"duration":10,"tweenEasing":0},{"duration":5,"tweenEasing":0,"rotate":-3.38},{"duration":5,"tweenEasing":0,"rotate":2.11},{"duration":5,"tweenEasing":0,"rotate":-3.38},{"duration":3,"tweenEasing":0,"rotate":2.11},{"duration":14}]},{"name":"PET6115_chuxuyou2","rotateFrame":[{"duration":10,"tweenEasing":0},{"duration":5,"tweenEasing":0,"rotate":0.17},{"duration":5,"tweenEasing":0,"rotate":31.74},{"duration":5,"tweenEasing":0,"rotate":0.17},{"duration":5,"tweenEasing":0,"rotate":31.74},{"duration":7,"tweenEasing":0,"rotate":10.93},{"duration":5,"tweenEasing":0,"rotate":13.44},{"duration":0}]},{"name":"PET6115_chuxuzuo","rotateFrame":[{"duration":10,"tweenEasing":0},{"duration":5,"tweenEasing":0,"rotate":-16.82},{"duration":5,"tweenEasing":0,"rotate":6.53},{"duration":5,"tweenEasing":0,"rotate":-16.82},{"duration":5,"tweenEasing":0,"rotate":6.53},{"duration":7,"tweenEasing":0,"rotate":-4.42},{"duration":5,"tweenEasing":0,"rotate":1.72},{"duration":0}]},{"name":"bone5","rotateFrame":[{"duration":10,"tweenEasing":0},{"duration":5,"tweenEasing":0,"rotate":20.34},{"duration":5,"tweenEasing":0,"rotate":-7.03},{"duration":5,"tweenEasing":0,"rotate":20.34},{"duration":5,"tweenEasing":0,"rotate":-7.03},{"duration":7,"tweenEasing":0,"rotate":12.15},{"duration":5,"tweenEasing":0,"rotate":14.67},{"duration":0}]},{"name":"bone6","rotateFrame":[{"duration":10,"tweenEasing":0},{"duration":5,"tweenEasing":0,"rotate":22.59},{"duration":5,"tweenEasing":0,"rotate":4.15},{"duration":5,"tweenEasing":0,"rotate":22.59},{"duration":5,"tweenEasing":0,"rotate":4.15},{"duration":7,"tweenEasing":0,"rotate":20.84},{"duration":5,"tweenEasing":0,"rotate":26.99},{"duration":0}]},{"name":"PET6115_chibang3","rotateFrame":[{"duration":2,"rotate":6.42},{"duration":2,"rotate":6.42},{"duration":2,"rotate":13.37},{"duration":2,"rotate":6.42},{"duration":2,"rotate":13.37},{"duration":2,"rotate":6.42},{"duration":2,"rotate":13.37},{"duration":2,"rotate":6.42},{"duration":2,"rotate":13.37},{"duration":2,"rotate":6.42},{"duration":2,"rotate":13.37},{"duration":2,"rotate":6.42},{"duration":2,"rotate":13.37},{"duration":2,"rotate":6.42},{"duration":2,"rotate":13.37},{"duration":2,"rotate":6.42},{"duration":2,"rotate":13.37},{"duration":2,"rotate":6.42},{"duration":2,"rotate":13.37},{"duration":2,"rotate":6.42},{"duration":2,"rotate":13.37},{"duration":0,"rotate":6.42}],"scaleFrame":[{"duration":2},{"duration":2},{"duration":2,"x":0.9},{"duration":2},{"duration":2,"x":0.9},{"duration":2},{"duration":2,"x":0.9},{"duration":2},{"duration":2,"x":0.9},{"duration":2},{"duration":2,"x":0.9},{"duration":2},{"duration":2,"x":0.9},{"duration":2},{"duration":2,"x":0.9},{"duration":2},{"duration":2,"x":0.9},{"duration":2},{"duration":2,"x":0.9},{"duration":2},{"duration":2,"x":0.9},{"duration":0}]},{"name":"PET6115_chibang4","rotateFrame":[{"duration":2,"rotate":16.41},{"duration":2,"rotate":16.41},{"duration":2},{"duration":2,"rotate":16.41},{"duration":2},{"duration":2,"rotate":16.41},{"duration":2},{"duration":2,"rotate":16.41},{"duration":2},{"duration":2,"rotate":16.41},{"duration":2},{"duration":2,"rotate":16.41},{"duration":2},{"duration":2,"rotate":16.41},{"duration":2},{"duration":2,"rotate":16.41},{"duration":2},{"duration":2,"rotate":16.41},{"duration":2},{"duration":2,"rotate":16.41},{"duration":2},{"duration":0,"rotate":16.41}],"scaleFrame":[{"duration":2,"x":0.8},{"duration":2,"x":0.8},{"duration":2},{"duration":2,"x":0.8},{"duration":2},{"duration":2,"x":0.8},{"duration":2},{"duration":2,"x":0.8},{"duration":2},{"duration":2,"x":0.8},{"duration":2},{"duration":2,"x":0.8},{"duration":2},{"duration":2,"x":0.8},{"duration":2},{"duration":2,"x":0.8},{"duration":2},{"duration":2,"x":0.8},{"duration":2},{"duration":2,"x":0.8},{"duration":2},{"duration":0,"x":0.8}]},{"name":"PET6115_chibang5","rotateFrame":[{"duration":2,"rotate":-11.66},{"duration":2,"rotate":-11.66},{"duration":2},{"duration":2,"rotate":-11.66},{"duration":2},{"duration":2,"rotate":-11.66},{"duration":2},{"duration":2,"rotate":-11.66},{"duration":2},{"duration":2,"rotate":-11.66},{"duration":2},{"duration":2,"rotate":-11.66},{"duration":2},{"duration":2,"rotate":-11.66},{"duration":2},{"duration":2,"rotate":-11.66},{"duration":2},{"duration":2,"rotate":-11.66},{"duration":2},{"duration":2,"rotate":-11.66},{"duration":2},{"duration":0,"rotate":-11.66}],"scaleFrame":[{"duration":2,"x":0.8},{"duration":2,"x":0.8},{"duration":2},{"duration":2,"x":0.8},{"duration":2},{"duration":2,"x":0.8},{"duration":2},{"duration":2,"x":0.8},{"duration":2},{"duration":2,"x":0.8},{"duration":2},{"duration":2,"x":0.8},{"duration":2},{"duration":2,"x":0.8},{"duration":2},{"duration":2,"x":0.8},{"duration":2},{"duration":2,"x":0.8},{"duration":2},{"duration":2,"x":0.8},{"duration":2},{"duration":0,"x":0.8}]},{"name":"PET6115_youshou2","rotateFrame":[{"duration":10,"tweenEasing":0},{"duration":5,"tweenEasing":0,"rotate":-133.77},{"duration":5,"tweenEasing":0,"rotate":-136.01},{"duration":5,"tweenEasing":0,"rotate":-133.77},{"duration":5,"tweenEasing":0,"rotate":-136.01},{"duration":7,"tweenEasing":0,"rotate":-5.19},{"duration":5,"tweenEasing":0,"rotate":-1.5},{"duration":0}]},{"name":"PET6115_youshou1","translateFrame":[{"duration":10,"tweenEasing":0},{"duration":15,"x":1.06,"y":2.64},{"duration":5,"tweenEasing":0,"x":1.06,"y":2.64},{"duration":7,"tweenEasing":0,"x":-1.23,"y":0.69},{"duration":5,"tweenEasing":0,"x":-1.23,"y":0.69},{"duration":0}],"rotateFrame":[{"duration":10,"tweenEasing":0},{"duration":15,"rotate":-130.34},{"duration":5,"tweenEasing":0,"rotate":-130.34},{"duration":7,"tweenEasing":0,"rotate":-17.42},{"duration":5,"tweenEasing":0,"rotate":-13.73},{"duration":0}]},{"name":"PET6115_zuoshou2","translateFrame":[{"duration":10,"tweenEasing":0},{"duration":27,"tweenEasing":0,"x":-3.5,"y":4.41},{"duration":5,"tweenEasing":0,"x":-3.5,"y":4.41},{"duration":0}],"rotateFrame":[{"duration":10,"tweenEasing":0},{"duration":5,"tweenEasing":0,"rotate":-21.84},{"duration":5,"tweenEasing":0,"rotate":-23.23},{"duration":5,"tweenEasing":0,"rotate":-21.84},{"duration":5,"tweenEasing":0,"rotate":-23.23},{"duration":7,"tweenEasing":0,"rotate":-10.33},{"duration":5,"tweenEasing":0,"rotate":-16.15},{"duration":0}]},{"name":"PET6115_zuoshou1","rotateFrame":[{"duration":10,"tweenEasing":0},{"duration":15,"rotate":-86.07},{"duration":5,"tweenEasing":0,"rotate":-86.07},{"duration":7,"tweenEasing":0,"rotate":-2.49},{"duration":5,"tweenEasing":0,"rotate":-8.3},{"duration":0}]},{"name":"yz","scaleFrame":[{"duration":10,"tweenEasing":0},{"duration":5,"tweenEasing":0,"y":0.8},{"duration":5,"tweenEasing":0,"y":0.7},{"duration":5,"tweenEasing":0,"y":0.8},{"duration":5,"tweenEasing":0,"y":0.7},{"duration":7,"tweenEasing":0,"y":0.8},{"duration":5,"tweenEasing":0,"y":1.1},{"duration":0}]},{"name":"pet6115_02_part01_00001","translateFrame":[{"duration":42,"y":-1}]}],"slot":[{"name":"PET6115_yanjingputong2","displayFrame":[{"duration":10,"value":2},{"duration":32,"value":3},{"duration":0,"value":2}]},{"name":"PET6115_youjiao2","displayFrame":[{"duration":29,"value":1},{"duration":10},{"duration":3,"value":1}]},{"name":"PET6115_zuojiao2","displayFrame":[{"duration":29,"value":1},{"duration":10},{"duration":3,"value":1}]}]}],"defaultActions":[{"gotoAndPlay":"attack"}]}]}