{"width":1024,"imagePath":"P6115_tex.png","name":"P6115","SubTexture":[{"width":120,"y":357,"height":24,"name":"pet_yinying","x":189},{"frameY":-2,"y":751,"frameWidth":22,"frameHeight":13,"width":18,"height":7,"name":"PET6115_chibang2","frameX":-2,"x":193},{"frameY":-2,"y":318,"frameWidth":22,"frameHeight":20,"width":18,"height":15,"name":"PET6115_zuoshou2","frameX":-2,"x":498},{"frameY":-2,"y":731,"frameWidth":24,"frameHeight":17,"width":21,"height":13,"name":"PET6115_zuoshou1","frameX":-2,"x":331},{"frameY":-5,"y":731,"frameWidth":36,"frameHeight":28,"width":30,"height":18,"name":"PET6115_chibang1","frameX":-3,"x":193},{"frameY":-3,"y":482,"frameWidth":32,"frameHeight":21,"width":16,"height":15,"name":"PET6115_zuojiao0","frameX":-14,"x":603},{"frameY":-1,"y":516,"frameWidth":15,"frameHeight":17,"width":12,"height":14,"name":"PET6115_zuojiao2","frameX":-2,"x":603},{"frameY":-3,"y":749,"frameWidth":22,"frameHeight":22,"width":15,"height":9,"name":"PET6115_youjiao1","frameX":-1,"x":225},{"frameY":-8,"y":748,"frameWidth":32,"frameHeight":21,"width":7,"height":7,"name":"PET6115_zuojiao1","frameX":-1,"x":286},{"width":26,"y":318,"height":29,"name":"PET6115_duzi","x":470},{"frameY":-2,"y":746,"frameWidth":28,"frameHeight":16,"width":24,"height":12,"name":"PET6115_youshou2","frameX":-2,"x":328},{"frameY":-1,"y":748,"frameWidth":27,"frameHeight":13,"width":24,"height":10,"name":"PET6115_youshou1","frameX":-1,"x":260},{"frameY":-1,"y":499,"frameWidth":20,"frameHeight":19,"width":16,"height":15,"name":"PET6115_youjiao2","frameX":-3,"x":603},{"frameY":-2,"y":335,"frameWidth":22,"frameHeight":22,"width":14,"height":18,"name":"PET6115_youjiao0","frameX":-5,"x":498},{"frameY":-3,"y":924,"frameWidth":60,"frameHeight":71,"width":52,"height":66,"name":"PET6115_tou","frameX":-5,"x":1},{"frameY":-4,"y":746,"frameWidth":39,"frameHeight":21,"width":31,"height":12,"name":"PET6115_yanjingshouji","frameX":-5,"x":295},{"frameY":-2,"y":731,"frameWidth":39,"frameHeight":21,"width":33,"height":16,"name":"PET6115_yanjingshengli","frameX":-3,"x":225},{"frameY":-2,"y":731,"frameWidth":39,"frameHeight":21,"width":33,"height":15,"name":"PET6115_yanjinggongji","frameX":-3,"x":260},{"frameY":-2,"y":357,"frameWidth":39,"frameHeight":21,"width":34,"height":16,"name":"PET6115_yanjingputong","frameX":-2,"x":311},{"frameY":-5,"y":731,"frameWidth":39,"frameHeight":21,"width":34,"height":13,"name":"PET6115_yanjingbiyan","frameX":-2,"x":295},{"frameY":-4,"y":563,"frameWidth":12,"frameHeight":16,"width":6,"height":8,"name":"PET6115_zuifazhao","frameX":-2,"x":181},{"frameY":-6,"y":573,"frameWidth":12,"frameHeight":16,"width":7,"height":4,"name":"PET6115_zuishengqi","frameX":-2,"x":181},{"frameY":-3,"y":751,"frameWidth":12,"frameHeight":16,"width":7,"height":7,"name":"PET6115_zuigaoxing","frameX":-3,"x":213},{"frameY":-6,"y":349,"frameWidth":12,"frameHeight":16,"width":8,"height":3,"name":"PET6115_zuibiqi","frameX":-1,"x":470},{"width":36,"y":318,"height":34,"name":"PET6115_chuxuzuo","x":432},{"width":46,"y":318,"height":33,"name":"PET6115_chuxuyou","x":384},{"frameY":-10,"y":305,"frameWidth":89,"frameHeight":122,"width":64,"height":108,"name":"PET6115_dazhao3","frameX":-23,"x":673},{"frameY":-15,"y":482,"frameWidth":89,"frameHeight":122,"width":82,"height":103,"name":"PET6115_dazhao4","frameX":-3,"x":621},{"frameY":-3,"y":482,"frameWidth":89,"frameHeight":122,"width":70,"height":105,"name":"PET6115_dazhao2","frameX":-19,"x":531},{"frameY":-22,"y":589,"frameWidth":89,"frameHeight":122,"width":74,"height":96,"name":"PET6115_dazhao1","frameX":-6,"x":531},{"frameY":-45,"y":895,"frameWidth":190,"frameHeight":198,"width":146,"height":125,"name":"pet6115_01_part01_00009","frameX":-37,"x":354},{"frameY":-3,"y":385,"frameWidth":190,"frameHeight":198,"width":178,"height":195,"name":"pet6115_01_part01_00000","frameX":-4,"x":1},{"frameY":-22,"y":158,"frameWidth":190,"frameHeight":198,"width":164,"height":145,"name":"pet6115_01_part01_00005","frameX":-24,"x":559},{"frameY":-4,"y":563,"frameWidth":190,"frameHeight":198,"width":171,"height":166,"name":"pet6115_01_part01_00008","frameX":-13,"x":193},{"frameY":-33,"y":1,"frameWidth":190,"frameHeight":198,"width":146,"height":144,"name":"pet6115_01_part01_00004","frameX":-22,"x":876},{"frameY":0,"y":318,"frameWidth":190,"frameHeight":198,"width":151,"height":162,"name":"pet6115_01_part01_00006","frameX":-27,"x":520},{"frameY":-21,"y":357,"frameWidth":190,"frameHeight":198,"width":158,"height":177,"name":"pet6115_01_part01_00002","frameX":-22,"x":360},{"frameY":-6,"y":192,"frameWidth":210,"frameHeight":199,"width":186,"height":191,"name":"pet6115_02_part01_00004","frameX":-16,"x":1},{"frameY":-50,"y":895,"frameWidth":210,"frameHeight":199,"width":117,"height":117,"name":"pet6115_02_part01_00015","frameX":-46,"x":502},{"frameY":-51,"y":689,"frameWidth":210,"frameHeight":199,"width":117,"height":116,"name":"pet6115_02_part01_00016","frameX":-46,"x":509},{"frameY":-16,"y":762,"frameWidth":210,"frameHeight":199,"width":180,"height":160,"name":"pet6115_02_part01_00010","frameX":-16,"x":1},{"frameY":-27,"y":536,"frameWidth":210,"frameHeight":199,"width":163,"height":151,"name":"pet6115_02_part01_00001","frameX":-20,"x":366},{"frameY":-27,"y":762,"frameWidth":210,"frameHeight":199,"width":169,"height":169,"name":"pet6115_02_part01_00012","frameX":-27,"x":183},{"frameY":-8,"y":1,"frameWidth":210,"frameHeight":199,"width":190,"height":189,"name":"pet6115_02_part01_00006","frameX":-14,"x":1},{"frameY":-24,"y":1,"frameWidth":210,"frameHeight":199,"width":149,"height":156,"name":"pet6115_02_part01_00003","frameX":-25,"x":725},{"frameY":-16,"y":1,"frameWidth":210,"frameHeight":199,"width":186,"height":155,"name":"pet6115_02_part01_00009","frameX":-14,"x":383},{"frameY":-18,"y":385,"frameWidth":210,"frameHeight":199,"width":177,"height":176,"name":"pet6115_02_part01_00011","frameX":-19,"x":181},{"frameY":-17,"y":194,"frameWidth":210,"frameHeight":199,"width":193,"height":161,"name":"pet6115_02_part01_00008","frameX":-10,"x":189},{"frameY":-27,"y":158,"frameWidth":210,"frameHeight":199,"width":173,"height":158,"name":"pet6115_02_part01_00013","frameX":-29,"x":384},{"frameY":-6,"y":1,"frameWidth":210,"frameHeight":199,"width":188,"height":191,"name":"pet6115_02_part01_00005","frameX":-15,"x":193},{"frameY":-17,"y":731,"frameWidth":210,"frameHeight":199,"width":153,"height":162,"name":"pet6115_02_part01_00002","frameX":-24,"x":354},{"frameY":-27,"y":1,"frameWidth":210,"frameHeight":199,"width":143,"height":150,"name":"pet6115_02_part01_00014","frameX":-29,"x":571},{"frameY":-11,"y":582,"frameWidth":210,"frameHeight":199,"width":190,"height":178,"name":"pet6115_02_part01_00007","frameX":-14,"x":1}],"height":1024}