{"width":256,"imagePath":"A6115_tex.png","name":"A6115","SubTexture":[{"frameY":-35,"y":433,"frameWidth":128,"frameHeight":124,"width":66,"height":57,"name":"pet6115_01_part03/pet6115_01_part03_00011","frameX":-29,"x":112},{"frameY":-4,"y":124,"frameWidth":128,"frameHeight":124,"width":122,"height":111,"name":"pet6115_01_part03/pet6115_01_part03_00012","frameX":-6,"x":120},{"frameY":-6,"y":237,"frameWidth":128,"frameHeight":124,"width":116,"height":110,"name":"pet6115_01_part03/pet6115_01_part03_00017","frameX":-4,"x":120},{"frameY":-6,"y":118,"frameWidth":128,"frameHeight":124,"width":117,"height":118,"name":"pet6115_01_part03/pet6115_01_part03_00016","frameX":-6,"x":1},{"frameY":-5,"y":347,"frameWidth":128,"frameHeight":124,"width":109,"height":112,"name":"pet6115_01_part03/pet6115_01_part03_00013","frameX":-11,"x":1},{"frameY":-8,"y":1,"frameWidth":128,"frameHeight":124,"width":121,"height":115,"name":"pet6115_01_part03/pet6115_01_part03_00014","frameX":-1,"x":1},{"frameY":-10,"y":238,"frameWidth":128,"frameHeight":124,"width":117,"height":107,"name":"pet6115_01_part03/pet6115_01_part03_00018","frameX":-2,"x":1},{"frameY":-3,"y":1,"frameWidth":128,"frameHeight":124,"width":115,"height":121,"name":"pet6115_01_part03/pet6115_01_part03_00015","frameX":-8,"x":124},{"frameY":-8,"y":349,"frameWidth":92,"frameHeight":96,"width":83,"height":82,"name":"pet6115_01_part02_00010","frameX":-5,"x":112}],"height":512}