{"frameRate":60,"name":"A6115","version":"5.5","compatibleVersion":"5.5","armature":[{"type":"Armature","frameRate":60,"name":"Armature","aabb":{"x":-64,"y":-62,"width":128,"height":124},"bone":[{"inheritScale":false,"name":"Layer4"}],"slot":[{"name":"Layer4","parent":"Layer4"}],"skin":[{"slot":[{"name":"Layer4","display":[{"name":"pet6115_01_part03/pet6115_01_part03_00011"},{"name":"pet6115_01_part03/pet6115_01_part03_00012"},{"name":"pet6115_01_part03/pet6115_01_part03_00013"},{"name":"pet6115_01_part03/pet6115_01_part03_00014"},{"name":"pet6115_01_part03/pet6115_01_part03_00015"},{"name":"pet6115_01_part03/pet6115_01_part03_00016"},{"name":"pet6115_01_part03/pet6115_01_part03_00017"},{"name":"pet6115_01_part03/pet6115_01_part03_00018"},{"name":"pet6115_01_part02_00010"}]}]}],"animation":[{"duration":28,"playTimes":0,"name":"hit","frame":[{"duration":12},{"duration":0,"events":[{"name":"0"}]}],"bone":[{"name":"Layer4","scaleFrame":[{"duration":28,"x":2,"y":2}]}],"slot":[{"name":"Layer4","displayFrame":[{"duration":4},{"duration":4,"value":1},{"duration":4,"value":2},{"duration":4,"value":3},{"duration":4,"value":4},{"duration":4,"value":5},{"duration":4,"value":6},{"duration":0,"value":7}]}]},{"duration":10,"playTimes":0,"name":"run","bone":[{"name":"Layer4","rotateFrame":[{"duration":10,"tweenEasing":0},{"duration":0,"rotate":180}]}],"slot":[{"name":"Layer4","displayFrame":[{"duration":10,"value":8}]}]}],"defaultActions":[{"gotoAndPlay":"hit"}]}]}