{"frameRate":30,"name":"P6133","version":"5.5","compatibleVersion":"5.5","armature":[{"type":"Armature","frameRate":30,"name":"Armature","aabb":{"x":-103.39,"y":-149.19,"width":199,"height":159.73},"bone":[{"name":"root"},{"name":"bf","parent":"root","transform":{"x":-7.96,"y":-128.99}},{"name":"bone","parent":"root","transform":{"x":-5,"y":-60}},{"name":"fs","parent":"root","transform":{"x":72.1,"y":-70.61}},{"name":"mz","parent":"root","transform":{"x":-11.58,"y":-62.77}},{"length":51,"name":"pet6133_tx_attack_xl_00005","parent":"root","transform":{"x":-7.9,"y":-60.47,"skX":-40.89,"skY":-40.89,"scX":2,"scY":2}},{"length":164,"name":"pet6133_tx_attack_zd_00012","parent":"root","transform":{"x":260.42,"y":-64.89,"skX":179.09,"skY":179.09,"scX":2,"scY":2}},{"length":149,"name":"pet6133_tx_skill_sj_00014","parent":"root","transform":{"x":88.11,"y":-65.69,"scX":2,"scY":2}},{"length":148,"name":"pet6133_tx_skill_xl_00000","parent":"root","transform":{"x":51,"y":-72.48,"skX":154.71,"skY":154.71,"scX":2,"scY":2}},{"length":29,"name":"yz","parent":"root","transform":{"x":-0.67,"y":-0.29,"skX":89.54,"skY":89.54}},{"length":36,"name":"PET6133_duzi","parent":"bone","transform":{"x":-39.16,"y":-2.08,"skX":3.63,"skY":3.63}},{"length":155,"name":"PET6133_piaodaihou1","parent":"bone","transform":{"x":-94.27,"y":-16.9,"skX":6.73,"skY":6.73}},{"length":120,"name":"PET6133_piaodaiqian1","parent":"bone","transform":{"x":-92.85,"y":-16.7,"skX":2.25,"skY":2.25}},{"length":33,"name":"PET6133_youtui1","parent":"PET6133_duzi","transform":{"x":10.54,"y":-10.22,"skX":111.87,"skY":111.87}},{"length":39,"name":"PET6133_zuotui1","parent":"PET6133_duzi","transform":{"x":18.31,"y":-8.7,"skX":88.64,"skY":88.64}},{"length":33,"name":"bone2","parent":"PET6133_duzi","transform":{"x":36.8,"y":0.19,"skX":-24.91,"skY":-24.91}},{"length":22,"name":"PET6133_bozi","parent":"bone2","transform":{"x":32.92,"y":0.26,"skX":-6.73,"skY":-6.73}},{"length":24,"name":"PET6133_youshou1","parent":"bone2","transform":{"x":15.97,"y":-8.09,"skX":109.51,"skY":109.51}},{"length":16,"name":"PET6133_youtui5","parent":"PET6133_youtui1","transform":{"x":33.41,"y":-0.18,"skX":25.65,"skY":25.65}},{"length":23,"name":"PET6133_zuoshou1","parent":"bone2","transform":{"x":24.12,"y":-3.12,"skX":87.29,"skY":87.29}},{"length":18,"name":"PET6133_zuotui4","parent":"PET6133_zuotui1","transform":{"x":42.19,"y":1.04,"skX":-27.81,"skY":-27.81}},{"length":22,"name":"PET6133_tou","parent":"PET6133_bozi","transform":{"x":23.06,"y":1.87,"skX":-44.54,"skY":-44.54}},{"length":19,"name":"PET6133_youshou2","parent":"PET6133_youshou1","transform":{"x":24.5,"y":-0.32,"skX":24.17,"skY":24.17}},{"length":22,"name":"PET6133_youtui4","parent":"PET6133_youtui5","transform":{"x":16.24,"y":-0.08,"skX":-37.65,"skY":-37.65}},{"length":20,"name":"PET6133_zuoshou2","parent":"PET6133_zuoshou1","transform":{"x":22.28,"y":0.84,"skX":-1.8,"skY":-1.8}},{"length":9,"name":"PET6133_zuoshou6","parent":"PET6133_zuotui4","transform":{"x":18.92,"y":0.06,"skX":-15.4,"skY":-15.4}},{"length":73,"name":"PET6133_fa1","parent":"PET6133_tou","transform":{"x":16.66,"y":0.8,"skX":-88.19,"skY":-88.19}},{"length":58,"name":"PET6133_shuijing1","parent":"PET6133_tou","transform":{"x":9.45,"y":9.67,"skX":-46.39,"skY":-46.39}},{"length":13,"name":"PET6133_xiaba","parent":"PET6133_tou","transform":{"x":-2.85,"y":3.53,"skX":97.62,"skY":97.62}},{"length":10,"name":"PET6133_yanjingputong","parent":"PET6133_tou","transform":{"x":4.49,"y":-0.09,"skX":94.95,"skY":94.95}},{"length":22,"name":"PET6133_youshou3","parent":"PET6133_youshou2","transform":{"x":19.52,"y":0.13,"skX":-16.36,"skY":-16.36}},{"length":10,"name":"PET6133_youtui2","parent":"PET6133_youtui4","transform":{"x":22.52,"y":-0.21,"skX":-45.91,"skY":-45.91}},{"length":27,"name":"PET6133_zuoshou3","parent":"PET6133_zuoshou2","transform":{"x":20.2,"y":-0.03,"skX":-7.62,"skY":-7.62}},{"length":10,"name":"PET6133_youshou4","parent":"PET6133_youshou3","transform":{"x":21.7,"y":-0.11,"skX":-17.48,"skY":-17.48}},{"length":10,"name":"PET6133_zuoshou4","parent":"PET6133_zuoshou3","transform":{"x":27.26,"y":-0.13,"skX":-10.7,"skY":-10.7}}],"slot":[{"name":"pet_yinying","parent":"yz"},{"displayIndex":2,"name":"PET6133_piaodaihou1","parent":"PET6133_piaodaihou1"},{"name":"PET6133_zuoshou3","parent":"PET6133_zuoshou3"},{"name":"PET6133_zuoshou2","parent":"PET6133_zuoshou2"},{"name":"PET6133_zuoshou1","parent":"PET6133_zuoshou1"},{"name":"PET6133_zuoshou4","parent":"PET6133_zuoshou4"},{"name":"PET6133_zuotui4","parent":"PET6133_zuotui4"},{"name":"PET6133_zuotui1","parent":"PET6133_zuotui1"},{"name":"PET6133_zuoshou6","parent":"PET6133_zuoshou6"},{"name":"PET6133_youtui2","parent":"PET6133_youtui2"},{"displayIndex":2,"name":"PET6133_fa1","parent":"PET6133_fa1"},{"name":"PET6133_youshou4","parent":"PET6133_youshou4"},{"name":"PET6133_duzi","parent":"PET6133_duzi"},{"name":"PET6133_bozi","parent":"PET6133_bozi"},{"name":"PET6133_youtui4","parent":"PET6133_youtui4"},{"name":"PET6133_youtui5","parent":"PET6133_youtui5"},{"name":"PET6133_youshou3","parent":"PET6133_youshou3"},{"name":"PET6133_youshou2","parent":"PET6133_youshou2"},{"name":"PET6133_youtui1","parent":"PET6133_youtui1"},{"name":"PET6133_xiaba","parent":"PET6133_xiaba"},{"name":"PET6133_youshou1","parent":"PET6133_youshou1"},{"name":"PET6133_tou","parent":"PET6133_tou"},{"displayIndex":2,"name":"PET6133_yanjingputong","parent":"PET6133_yanjingputong"},{"name":"PET6133_shuijing1","parent":"PET6133_shuijing1"},{"displayIndex":2,"name":"PET6133_piaodaiqian1","parent":"PET6133_piaodaiqian1"},{"displayIndex":-1,"name":"pet6133_tx_attack_xl_00005","parent":"pet6133_tx_attack_xl_00005"},{"displayIndex":-1,"name":"pet6133_tx_attack_zd_00012","parent":"pet6133_tx_attack_zd_00012"},{"displayIndex":-1,"name":"pet6133_tx_skill_sj_00014","parent":"pet6133_tx_skill_sj_00014"},{"displayIndex":-1,"name":"pet6133_tx_skill_xl_00000","parent":"pet6133_tx_skill_xl_00000"}],"skin":[{"slot":[{"name":"PET6133_zuoshou6","display":[{"name":"PET6133_zuoshou6","transform":{"x":3.25,"y":1.45,"skX":-49.05,"skY":-49.05}}]},{"name":"pet6133_tx_skill_sj_00014","display":[{"name":"pet6133_tx_skill_sj_00014","transform":{"x":136.1,"y":-4.13}},{"name":"pet6133_tx_skill_sj_00015","transform":{"x":136.1,"y":-4.13}},{"name":"pet6133_tx_skill_sj_00016","transform":{"x":136.1,"y":-4.13}},{"name":"pet6133_tx_skill_sj_00017","transform":{"x":136.1,"y":-4.13}},{"name":"pet6133_tx_skill_sj_00018","transform":{"x":136.1,"y":-4.13}},{"name":"pet6133_tx_skill_sj_00019","transform":{"x":136.1,"y":-4.13}},{"name":"pet6133_tx_skill_sj_00020","transform":{"x":136.1,"y":-4.13}},{"name":"pet6133_tx_skill_sj_00021","transform":{"x":136.1,"y":-4.13}},{"name":"pet6133_tx_skill_sj_00022","transform":{"x":136.1,"y":-4.13}},{"name":"pet6133_tx_skill_sj_00023","transform":{"x":136.1,"y":-4.13}},{"name":"pet6133_tx_skill_sj_00024","transform":{"x":136.1,"y":-4.13}},{"name":"pet6133_tx_skill_sj_00025","transform":{"x":136.1,"y":-4.13}},{"name":"pet6133_tx_skill_sj_00026","transform":{"x":136.1,"y":-4.13}},{"name":"pet6133_tx_skill_sj_00027","transform":{"x":136.1,"y":-4.13}},{"name":"pet6133_tx_skill_sj_00028","transform":{"x":136.1,"y":-4.13}},{"name":"pet6133_tx_skill_sj_00029","transform":{"x":136.1,"y":-4.13}},{"name":"pet6133_tx_skill_sj_00030","transform":{"x":136.1,"y":-4.13}},{"name":"pet6133_tx_skill_sj_00031","transform":{"x":136.1,"y":-4.13}}]},{"name":"PET6133_zuoshou3","display":[{"name":"PET6133_zuoshou3","transform":{"x":12.79,"y":-0.01,"skX":-56.58,"skY":-56.58}}]},{"name":"PET6133_bozi","display":[{"name":"PET6133_bozi","transform":{"x":12.64,"y":0.61,"skX":28.02,"skY":28.02}}]},{"name":"PET6133_xiaba","display":[{"name":"PET6133_xiaba","transform":{"x":9.07,"y":-0.68,"skX":-25.06,"skY":-25.06}}]},{"name":"PET6133_youshou3","display":[{"name":"PET6133_youshou3","transform":{"x":9.88,"y":0.64,"skX":-96.03,"skY":-96.03}}]},{"name":"PET6133_tou","display":[{"name":"PET6133_tou","transform":{"x":5.36,"y":5.33,"skX":72.56,"skY":72.56}}]},{"name":"PET6133_piaodaihou1","display":[{"name":"PET6133_piaodaihou1","transform":{"x":96.23,"y":1.63,"skX":-6.73,"skY":-6.73}},{"name":"PET6133_piaodaihou2","transform":{"x":96.23,"y":1.63,"skX":-6.73,"skY":-6.73}},{"name":"PET6133_piaodaihou3","transform":{"x":96.23,"y":1.63,"skX":-6.73,"skY":-6.73}},{"name":"PET6133_piaodaihou4","transform":{"x":96.23,"y":1.63,"skX":-6.73,"skY":-6.73}},{"name":"PET6133_piaodaihou5","transform":{"x":96.23,"y":1.63,"skX":-6.73,"skY":-6.73}},{"name":"PET6133_piaodaihou6","transform":{"x":96.23,"y":1.63,"skX":-6.73,"skY":-6.73}},{"name":"PET6133_piaodaihou7","transform":{"x":96.23,"y":1.63,"skX":-6.73,"skY":-6.73}},{"name":"PET6133_piaodaihou8","transform":{"x":96.23,"y":1.63,"skX":-6.73,"skY":-6.73}}]},{"name":"PET6133_zuoshou2","display":[{"name":"PET6133_zuoshou2","transform":{"x":6.43,"y":1,"skX":-64.2,"skY":-64.2}}]},{"name":"pet_yinying","display":[{"name":"pet_yinying","transform":{"x":-1.19,"y":2.79,"skX":-89.54,"skY":-89.54,"scX":1.3,"scY":1.2}}]},{"name":"PET6133_youshou4","display":[{"name":"PET6133_youshou4","transform":{"x":5.53,"y":3.88,"skX":-78.54,"skY":-78.54}}]},{"name":"pet6133_tx_skill_xl_00000","display":[{"name":"pet6133_tx_skill_xl_00000","transform":{"x":72.99,"y":36.65,"skX":-154.71,"skY":-154.71}},{"name":"pet6133_tx_skill_xl_00001","transform":{"x":73.42,"y":34.68,"skX":-154.71,"skY":-154.71}},{"name":"pet6133_tx_skill_xl_00002","transform":{"x":73.42,"y":34.68,"skX":-154.71,"skY":-154.71}},{"name":"pet6133_tx_skill_xl_00003","transform":{"x":73.42,"y":34.68,"skX":-154.71,"skY":-154.71}},{"name":"pet6133_tx_skill_xl_00004","transform":{"x":73.42,"y":34.68,"skX":-154.71,"skY":-154.71}},{"name":"pet6133_tx_skill_xl_00005","transform":{"x":73.42,"y":34.68,"skX":-154.71,"skY":-154.71}},{"name":"pet6133_tx_skill_xl_00006","transform":{"x":73.42,"y":34.68,"skX":-154.71,"skY":-154.71}},{"name":"pet6133_tx_skill_xl_00007","transform":{"x":73.42,"y":34.68,"skX":-154.71,"skY":-154.71}},{"name":"pet6133_tx_skill_xl_00008","transform":{"x":73.42,"y":34.68,"skX":-154.71,"skY":-154.71}},{"name":"pet6133_tx_skill_xl_00009","transform":{"x":73.42,"y":34.68,"skX":-154.71,"skY":-154.71}},{"name":"pet6133_tx_skill_xl_00010","transform":{"x":73.42,"y":34.68,"skX":-154.71,"skY":-154.71}},{"name":"pet6133_tx_skill_xl_00011","transform":{"x":73.42,"y":34.68,"skX":-154.71,"skY":-154.71}},{"name":"pet6133_tx_skill_xl_00012","transform":{"x":73.42,"y":34.68,"skX":-154.71,"skY":-154.71}},{"name":"pet6133_tx_skill_xl_00013","transform":{"x":73.42,"y":34.68,"skX":-154.71,"skY":-154.71}},{"name":"pet6133_tx_skill_xl_00014","transform":{"x":73.42,"y":34.68,"skX":-154.71,"skY":-154.71}},{"name":"pet6133_tx_skill_xl_00015","transform":{"x":73.42,"y":34.68,"skX":-154.71,"skY":-154.71}},{"name":"pet6133_tx_skill_xl_00016","transform":{"x":73.42,"y":34.68,"skX":-154.71,"skY":-154.71}},{"name":"pet6133_tx_skill_xl_00017","transform":{"x":73.42,"y":34.68,"skX":-154.71,"skY":-154.71}}]},{"name":"PET6133_zuoshou1","display":[{"name":"PET6133_zuoshou1","transform":{"x":15.07,"y":-0.13,"skX":-66.01,"skY":-66.01}}]},{"name":"PET6133_youtui5","display":[{"name":"PET6133_youtui5","transform":{"x":5.89,"y":0.39,"skX":-141.16,"skY":-141.16}}]},{"name":"PET6133_zuoshou4","display":[{"name":"PET6133_zuoshou4","transform":{"x":3.82,"y":1.19,"skX":-45.88,"skY":-45.88}}]},{"name":"PET6133_yanjingputong","display":[{"name":"PET6133_yanjingbiyan","transform":{"x":4.7,"y":0.59,"skX":-22.38,"skY":-22.38}},{"name":"PET6133_yanjinggongji","transform":{"x":4.7,"y":0.59,"skX":-22.38,"skY":-22.38}},{"name":"PET6133_yanjingputong","transform":{"x":4.7,"y":0.59,"skX":-22.38,"skY":-22.38}},{"name":"PET6133_yanjingshengli","transform":{"x":4.7,"y":0.59,"skX":-22.38,"skY":-22.38}},{"name":"PET6133_yanjingshouji","transform":{"x":4.7,"y":0.59,"skX":-22.38,"skY":-22.38}}]},{"name":"PET6133_piaodaiqian1","display":[{"name":"PET6133_piaodaiqian1","transform":{"x":65.56,"y":13.07,"skX":-2.25,"skY":-2.25}},{"name":"PET6133_piaodaiqian2","transform":{"x":65.56,"y":13.07,"skX":-2.25,"skY":-2.25}},{"name":"PET6133_piaodaiqian3","transform":{"x":65.56,"y":13.07,"skX":-2.25,"skY":-2.25}},{"name":"PET6133_piaodaiqian4","transform":{"x":65.56,"y":13.07,"skX":-2.25,"skY":-2.25}},{"name":"PET6133_piaodaiqian5","transform":{"x":65.56,"y":13.07,"skX":-2.25,"skY":-2.25}},{"name":"PET6133_piaodaiqian6","transform":{"x":65.56,"y":13.07,"skX":-2.25,"skY":-2.25}},{"name":"PET6133_piaodaiqian7","transform":{"x":65.56,"y":13.07,"skX":-2.25,"skY":-2.25}},{"name":"PET6133_piaodaiqian8","transform":{"x":65.56,"y":13.07,"skX":-2.25,"skY":-2.25}}]},{"name":"PET6133_youtui1","display":[{"name":"PET6133_youtui1","transform":{"x":19.21,"y":1.86,"skX":-115.51,"skY":-115.51}}]},{"name":"PET6133_zuotui1","display":[{"name":"PET6133_zuotui1","transform":{"x":24.03,"y":0.7,"skX":-92.27,"skY":-92.27}}]},{"name":"pet6133_tx_attack_zd_00012","display":[{"name":"pet6133_tx_attack_zd_00012","transform":{"x":102.97,"y":3.87,"skX":-179.09,"skY":-179.09}},{"name":"pet6133_tx_attack_zd_00013","transform":{"x":102.97,"y":3.87,"skX":-179.09,"skY":-179.09}}]},{"name":"PET6133_fa1","display":[{"name":"PET6133_fa1","transform":{"x":58.07,"y":-24.62,"skX":160.75,"skY":160.75}},{"name":"PET6133_fa2","transform":{"x":58.07,"y":-24.62,"skX":160.75,"skY":160.75}},{"name":"PET6133_fa3","transform":{"x":58.07,"y":-24.62,"skX":160.75,"skY":160.75}},{"name":"PET6133_fa4","transform":{"x":58.07,"y":-24.62,"skX":160.75,"skY":160.75}},{"name":"PET6133_fa5","transform":{"x":58.07,"y":-24.62,"skX":160.75,"skY":160.75}},{"name":"PET6133_fa6","transform":{"x":58.07,"y":-24.62,"skX":160.75,"skY":160.75}}]},{"name":"PET6133_zuotui4","display":[{"name":"PET6133_zuotui4","transform":{"x":12.49,"y":-0.7,"skX":-64.46,"skY":-64.46}}]},{"name":"PET6133_duzi","display":[{"type":"mesh","name":"PET6133_duzi","width":97,"height":62,"vertices":[-30.77,-46.02,-21.2,-46.76,-13.38,-43.54,-5.56,-40.32,4.56,-38.58,20.1,-42.27,31.78,-58.1,34.44,-71.07,32.38,-74.15,26.72,-82.56,15.03,-80.89,4.64,-79.42,-5.47,-77.84,-15.5,-76.28,-27.55,-78.3,-37.13,-75.35,-43.66,-66.71,-44.24,-62.02,-44.93,-56.6,-38.04,-50.16,-7.22,-59.37],"uvs":[0.22517,0.72529,0.32381,0.71342,0.40445,0.76538,0.48504,0.81729,0.58937,0.84549,0.74966,0.78613,0.87011,0.53091,0.89762,0.32168,0.87628,0.27201,0.81795,0.1362,0.69749,0.16291,0.59032,0.18665,0.48607,0.21197,0.38261,0.2371,0.25836,0.20446,0.15972,0.25194,0.09238,0.39142,0.08621,0.46732,0.07911,0.55465,0.15024,0.65852,0.46797,0.51011],"triangles":[8,6,7,9,10,8,20,5,6,20,4,5,20,3,4,12,20,11,1,2,20,13,20,12,20,2,3,19,0,1,16,17,15,17,18,19,17,1,20,17,19,1,13,14,20,14,17,20,15,17,14,6,20,8,10,20,8,11,20,10],"weights":[1,10,1,2,10,0.9697,15,0.03029,2,10,0.73067,15,0.26932,2,10,0.4033,15,0.59669,2,10,0.14715,15,0.85283,2,10,0.0078,15,0.99219,1,15,1,1,15,1,1,15,1,1,15,1,1,15,1,2,10,0.02621,15,0.97378,2,10,0.28569,15,0.7143,2,10,0.79565,15,0.20434,2,10,0.99587,15,0.00412,1,10,0.99999,1,10,0.99999,1,10,1,1,10,1,1,10,1,2,10,0.5,15,0.5],"slotPose":[1,0,0,1,0,0],"bonePose":[10,0.997994,0.063313,-0.063313,0.997994,-44.16,-62.08,15,0.931818,-0.362926,0.362926,0.931818,-7.445861,-59.56046],"edges":[18,19,19,0,0,1,1,2,2,3,3,4,4,5,5,6,6,7,7,8,8,9,9,10,10,11,11,12,12,13,13,14,14,15,15,16,16,17,17,18],"userEdges":[17,20,20,8]}]},{"name":"PET6133_youtui2","display":[{"name":"PET6133_youtui2","transform":{"x":3.24,"y":-0.15,"skX":-57.59,"skY":-57.59}}]},{"name":"PET6133_youshou1","display":[{"name":"PET6133_youshou1","transform":{"x":16.03,"y":-1.51,"skX":-88.22,"skY":-88.22}}]},{"name":"PET6133_youshou2","display":[{"name":"PET6133_youshou2","transform":{"x":6.81,"y":-1.47,"skX":-112.39,"skY":-112.39}}]},{"name":"PET6133_shuijing1","display":[{"name":"PET6133_shuijing1","transform":{"x":25.78,"y":-2.96,"skX":118.95,"skY":118.95}}]},{"name":"pet6133_tx_attack_xl_00005","display":[{"name":"pet6133_tx_attack_xl_00005","transform":{"x":-0.4,"y":4.35,"skX":40.89,"skY":40.89}},{"name":"pet6133_tx_attack_xl_00006","transform":{"skX":40.89,"skY":40.89}},{"name":"pet6133_tx_attack_xl_00007","transform":{"skX":40.89,"skY":40.89}},{"name":"pet6133_tx_attack_xl_00008","transform":{"skX":40.89,"skY":40.89}},{"name":"pet6133_tx_attack_xl_00009","transform":{"skX":40.89,"skY":40.89}},{"name":"pet6133_tx_attack_xl_00010","transform":{"skX":40.89,"skY":40.89}},{"name":"pet6133_tx_attack_xl_00011","transform":{"skX":40.89,"skY":40.89}}]},{"name":"PET6133_youtui4","display":[{"name":"PET6133_youtui4","transform":{"x":12.54,"y":-0.26,"skX":-103.51,"skY":-103.51}}]}]}],"animation":[{"duration":47,"name":"attack","frame":[{"duration":28},{"duration":0,"events":[{"name":"0"}]}],"bone":[{"name":"PET6133_piaodaiqian1","translateFrame":[{"duration":24},{"tweenEasing":0},{"duration":12,"tweenEasing":0,"x":15.04,"y":18.46},{"tweenEasing":0,"x":15.04,"y":18.46},{"duration":9}],"rotateFrame":[{"duration":23},{"tweenEasing":0},{"tweenEasing":0,"rotate":-21.78},{"duration":12,"tweenEasing":0,"rotate":-34.29},{"tweenEasing":0,"rotate":-42.43},{"duration":9,"tweenEasing":0,"rotate":-21.78},{"duration":0}]},{"name":"PET6133_tou","rotateFrame":[{"duration":8,"tweenEasing":0},{"duration":7,"tweenEasing":0,"rotate":12.04},{"duration":8,"tweenEasing":0,"rotate":-33.64},{"tweenEasing":0,"rotate":-42.78},{"duration":13,"tweenEasing":0,"rotate":3.47},{"tweenEasing":0,"rotate":10.46},{"duration":4,"tweenEasing":0,"rotate":3.47},{"duration":5,"tweenEasing":0,"rotate":7.58},{"duration":0}]},{"name":"PET6133_youtui4","rotateFrame":[{"duration":8,"tweenEasing":0},{"duration":7,"tweenEasing":0,"rotate":13.61},{"duration":8,"tweenEasing":0,"rotate":-27.12},{"tweenEasing":0,"rotate":-35.27},{"tweenEasing":0,"rotate":27.96},{"duration":12,"rotate":42.13},{"tweenEasing":0,"rotate":42.13},{"tweenEasing":0,"rotate":27.96},{"duration":3,"tweenEasing":0,"rotate":7.38},{"duration":5,"tweenEasing":0,"rotate":-27.06},{"duration":0}]},{"name":"PET6133_zuoshou4","translateFrame":[{"duration":8},{"duration":7,"tweenEasing":0},{"duration":8,"tweenEasing":0,"x":-1.38,"y":-0.45},{"tweenEasing":0,"x":-1.66,"y":-0.54},{"duration":15},{"duration":3,"tweenEasing":0},{"duration":5,"tweenEasing":0,"x":-1.66,"y":-0.54},{"duration":0}],"rotateFrame":[{"duration":8},{"duration":7,"tweenEasing":0},{"duration":8,"tweenEasing":0,"rotate":11.81},{"tweenEasing":0,"rotate":14.17},{"duration":15},{"duration":3,"tweenEasing":0},{"duration":5,"tweenEasing":0,"rotate":14.17},{"duration":0}]},{"name":"PET6133_zuoshou3","translateFrame":[{"duration":8,"tweenEasing":0},{"duration":7,"tweenEasing":0},{"duration":8,"tweenEasing":0,"x":-1.02,"y":0.21},{"tweenEasing":0,"x":-1.23,"y":0.25},{"duration":15},{"duration":3,"tweenEasing":0},{"duration":5,"tweenEasing":0,"x":-1.23,"y":0.25},{"duration":0}],"rotateFrame":[{"duration":8,"tweenEasing":0},{"duration":7,"tweenEasing":0,"rotate":0.92},{"duration":8,"tweenEasing":0,"rotate":-13.81},{"tweenEasing":0,"rotate":-16.75},{"duration":14,"rotate":-13.22},{"tweenEasing":0,"rotate":-13.22},{"duration":3,"tweenEasing":0,"rotate":0.92},{"duration":5,"tweenEasing":0,"rotate":-15.53},{"duration":0}]},{"name":"PET6133_duzi","rotateFrame":[{"duration":8,"tweenEasing":0},{"duration":7,"tweenEasing":0,"rotate":-4.87},{"duration":8,"tweenEasing":0,"rotate":2.47},{"tweenEasing":0,"rotate":3.94},{"duration":13,"tweenEasing":0,"rotate":-38.21},{"tweenEasing":0,"rotate":-61.31},{"tweenEasing":0,"rotate":-38.21},{"duration":3,"tweenEasing":0,"rotate":-4.87},{"duration":5,"tweenEasing":0,"rotate":3.94},{"duration":0}]},{"name":"PET6133_xiaba","rotateFrame":[{"duration":8,"tweenEasing":0},{"duration":15,"tweenEasing":0,"rotate":14.53},{"tweenEasing":0,"rotate":7.82},{"duration":14,"rotate":37.9},{"duration":4,"tweenEasing":0,"rotate":37.9},{"duration":5,"tweenEasing":0,"rotate":7.82},{"duration":0}]},{"name":"PET6133_fa1","rotateFrame":[{"duration":8},{"duration":15,"tweenEasing":0},{"duration":24,"tweenEasing":0,"rotate":25.98},{"duration":0}]},{"name":"PET6133_zuoshou6","translateFrame":[{"duration":8,"tweenEasing":0},{"duration":15,"tweenEasing":0,"x":0.05,"y":-0.16},{"tweenEasing":0,"x":0.05,"y":-0.16},{"duration":23}],"rotateFrame":[{"duration":8,"tweenEasing":0},{"duration":7,"tweenEasing":0,"rotate":-4.7},{"duration":8,"tweenEasing":0,"rotate":7.14},{"tweenEasing":0,"rotate":9.51},{"duration":14,"rotate":30.76},{"tweenEasing":0,"rotate":30.76},{"duration":8,"tweenEasing":0,"rotate":4.89},{"duration":0}]},{"name":"PET6133_youshou1","translateFrame":[{"duration":23,"tweenEasing":0},{"tweenEasing":0},{"duration":14,"tweenEasing":0,"x":-1.26,"y":0.63},{"tweenEasing":0,"x":-1.26,"y":0.63},{"duration":8}],"rotateFrame":[{"duration":8,"tweenEasing":0},{"duration":7,"tweenEasing":0,"rotate":17.96},{"duration":8,"tweenEasing":0,"rotate":-14.94},{"tweenEasing":0,"rotate":-21.53},{"tweenEasing":0,"rotate":-14.35},{"duration":12,"tweenEasing":0,"rotate":-41.37},{"tweenEasing":0,"rotate":-59.23},{"tweenEasing":0,"rotate":34.19},{"duration":3,"tweenEasing":0,"rotate":13.01},{"duration":5,"tweenEasing":0,"rotate":-1.63},{"duration":0}]},{"name":"PET6133_youtui1","rotateFrame":[{"duration":8,"tweenEasing":0},{"duration":7,"tweenEasing":0,"rotate":3.61},{"duration":8,"tweenEasing":0,"rotate":-12.51},{"tweenEasing":0,"rotate":-15.74},{"tweenEasing":0,"rotate":28.64},{"duration":12,"tweenEasing":0,"rotate":45.01},{"tweenEasing":0,"rotate":25.23},{"tweenEasing":0,"rotate":28.64},{"duration":3,"tweenEasing":0,"rotate":0.55},{"duration":5,"tweenEasing":0,"rotate":-5.47},{"duration":0}]},{"name":"PET6133_zuoshou2","translateFrame":[{"duration":8,"tweenEasing":0},{"duration":7,"tweenEasing":0,"x":1.42,"y":-0.51},{"duration":8,"tweenEasing":0,"x":0.29,"y":-0.16},{"tweenEasing":0,"x":0.06,"y":-0.09},{"duration":15,"x":1.42,"y":-0.51},{"duration":3,"tweenEasing":0,"x":1.42,"y":-0.51},{"duration":5,"tweenEasing":0,"x":-2.8,"y":-0.48},{"duration":0}],"rotateFrame":[{"duration":8,"tweenEasing":0},{"duration":7,"tweenEasing":0,"rotate":0.13},{"duration":8,"tweenEasing":0,"rotate":-0.14},{"tweenEasing":0,"rotate":-0.19},{"duration":14,"rotate":-25.23},{"tweenEasing":0,"rotate":-25.23},{"duration":3,"tweenEasing":0,"rotate":8.18},{"duration":5,"tweenEasing":0,"rotate":-9.07},{"duration":0}]},{"name":"bone","translateFrame":[{"duration":8,"tweenEasing":0},{"duration":7,"tweenEasing":0,"x":5},{"duration":8,"tweenEasing":0,"x":-7.5,"y":3.33},{"tweenEasing":0,"x":-10,"y":4},{"tweenEasing":0,"x":24.31,"y":-4.49},{"duration":12,"x":35.76,"y":-9.4},{"tweenEasing":0,"x":35.76,"y":-9.4},{"tweenEasing":0,"x":25.32,"y":14.76},{"duration":3,"tweenEasing":0},{"duration":5,"tweenEasing":0,"y":4},{"duration":0}],"rotateFrame":[{"duration":23,"tweenEasing":0},{"tweenEasing":0},{"tweenEasing":0,"rotate":13.76},{"duration":12,"rotate":34.27},{"tweenEasing":0,"rotate":34.27},{"tweenEasing":0,"rotate":13.76},{"duration":8}]},{"name":"PET6133_youshou4","rotateFrame":[{"duration":8,"tweenEasing":0},{"duration":7,"tweenEasing":0,"rotate":6.98},{"duration":8,"tweenEasing":0,"rotate":16.29},{"tweenEasing":0,"rotate":18.15},{"duration":14,"rotate":-1.81},{"tweenEasing":0,"rotate":-1.81},{"duration":3,"tweenEasing":0,"rotate":6.98},{"duration":5,"tweenEasing":0,"rotate":11.18},{"duration":0}]},{"name":"PET6133_piaodaihou1","translateFrame":[{"duration":24},{"tweenEasing":0},{"duration":12,"tweenEasing":0,"x":15.04,"y":18.46},{"tweenEasing":0,"x":15.04,"y":18.46},{"duration":9}],"rotateFrame":[{"duration":23},{"tweenEasing":0},{"tweenEasing":0,"rotate":-21.78},{"duration":12,"tweenEasing":0,"rotate":-34.29},{"tweenEasing":0,"rotate":-42.43},{"duration":9,"tweenEasing":0,"rotate":-21.78},{"duration":0}]},{"name":"PET6133_zuotui4","rotateFrame":[{"duration":8,"tweenEasing":0},{"duration":7,"tweenEasing":0,"rotate":4.89},{"duration":8,"tweenEasing":0,"rotate":-6.09},{"tweenEasing":0,"rotate":-8.29},{"tweenEasing":0,"rotate":-20.06},{"duration":12,"rotate":26.36},{"tweenEasing":0,"rotate":26.36},{"tweenEasing":0,"rotate":-20.06},{"duration":3,"tweenEasing":0,"rotate":4.89},{"duration":5,"tweenEasing":0,"rotate":-11},{"duration":0}]},{"name":"bone2","rotateFrame":[{"duration":8,"tweenEasing":0},{"duration":7,"tweenEasing":0,"rotate":-4.87},{"duration":8,"tweenEasing":0,"rotate":11.8},{"tweenEasing":0,"rotate":15.14},{"duration":13,"tweenEasing":0,"rotate":-0.39},{"tweenEasing":0,"rotate":32.79},{"tweenEasing":0,"rotate":-0.39},{"duration":3,"tweenEasing":0,"rotate":-4.87},{"duration":5,"tweenEasing":0,"rotate":0.46},{"duration":0}]},{"name":"PET6133_youtui5","rotateFrame":[{"duration":8,"tweenEasing":0},{"duration":7,"tweenEasing":0,"rotate":-1.36},{"duration":8,"tweenEasing":0,"rotate":27.97},{"tweenEasing":0,"rotate":33.83},{"tweenEasing":0,"rotate":-11.87},{"duration":12,"rotate":5.03},{"tweenEasing":0,"rotate":5.03},{"tweenEasing":0,"rotate":-11.87},{"duration":3,"tweenEasing":0,"rotate":1.54},{"duration":5,"tweenEasing":0,"rotate":23.5},{"duration":0}]},{"name":"PET6133_bozi","rotateFrame":[{"duration":8,"tweenEasing":0},{"duration":7,"tweenEasing":0,"rotate":4.65},{"duration":8,"tweenEasing":0,"rotate":6.97},{"tweenEasing":0,"rotate":7.44},{"duration":13,"tweenEasing":0,"rotate":-4.35},{"tweenEasing":0,"rotate":-24.94},{"tweenEasing":0,"rotate":-4.35},{"duration":3,"tweenEasing":0,"rotate":4.65},{"duration":5,"tweenEasing":0,"rotate":8.85},{"duration":0}]},{"name":"PET6133_zuotui1","translateFrame":[{"duration":8,"tweenEasing":0},{"duration":7,"tweenEasing":0},{"duration":8,"tweenEasing":0,"x":-0.5,"y":-2.39},{"tweenEasing":0,"x":-0.6,"y":-2.87},{"duration":15,"tweenEasing":0},{"duration":3,"tweenEasing":0},{"duration":5,"tweenEasing":0,"x":-0.6,"y":-2.87},{"duration":0}],"rotateFrame":[{"duration":8,"tweenEasing":0},{"duration":7,"tweenEasing":0,"rotate":6.76},{"duration":8,"tweenEasing":0,"rotate":-7.11},{"tweenEasing":0,"rotate":-9.88},{"tweenEasing":0,"rotate":19.4},{"duration":12,"tweenEasing":0,"rotate":73.41},{"tweenEasing":0,"rotate":53.62},{"tweenEasing":0,"rotate":19.4},{"duration":3,"tweenEasing":0,"rotate":1.81},{"duration":5}]},{"name":"PET6133_zuoshou1","translateFrame":[{"duration":8,"tweenEasing":0},{"duration":7,"tweenEasing":0,"x":-0.66,"y":2.99},{"duration":8,"tweenEasing":0,"x":-3.92,"y":-0.51},{"tweenEasing":0,"x":-4.57,"y":-1.22},{"duration":18,"tweenEasing":0,"x":-0.66,"y":2.99},{"duration":5,"tweenEasing":0,"x":-0.66,"y":2.99},{"duration":0}],"rotateFrame":[{"duration":8,"tweenEasing":0},{"duration":7,"tweenEasing":0,"rotate":13.4},{"duration":8,"tweenEasing":0,"rotate":-17.76},{"tweenEasing":0,"rotate":-24},{"tweenEasing":0,"rotate":-26.48},{"duration":12,"tweenEasing":0,"rotate":-38.68},{"tweenEasing":0,"rotate":-56.54},{"tweenEasing":0,"rotate":17.94},{"duration":3,"tweenEasing":0,"rotate":3.59},{"duration":5,"tweenEasing":0,"rotate":5.37},{"duration":0}]},{"name":"PET6133_youtui2","translateFrame":[{"duration":8,"tweenEasing":0},{"duration":7,"tweenEasing":0},{"duration":8,"tweenEasing":0,"x":-0.24,"y":0.7},{"tweenEasing":0,"x":-0.29,"y":0.84},{"duration":15},{"duration":3,"tweenEasing":0},{"duration":5,"tweenEasing":0,"x":-0.29,"y":0.84},{"duration":0}],"rotateFrame":[{"duration":8,"tweenEasing":0},{"duration":7,"tweenEasing":0,"rotate":-3.28},{"duration":8,"tweenEasing":0,"rotate":-1.51},{"tweenEasing":0,"rotate":-1.16},{"duration":14,"rotate":-5.51},{"tweenEasing":0,"rotate":-5.51},{"duration":3,"tweenEasing":0,"rotate":-3.28},{"duration":5,"tweenEasing":0,"rotate":6.17},{"duration":0}]},{"name":"PET6133_youshou3","translateFrame":[{"duration":8,"tweenEasing":0},{"duration":7,"tweenEasing":0},{"duration":8,"tweenEasing":0,"x":-0.5,"y":0.58},{"tweenEasing":0,"x":-0.6,"y":0.7},{"duration":15},{"duration":3,"tweenEasing":0},{"duration":5,"tweenEasing":0,"x":-0.6,"y":0.7},{"duration":0}],"rotateFrame":[{"duration":8,"tweenEasing":0},{"duration":7,"tweenEasing":0,"rotate":14.67},{"duration":8,"tweenEasing":0,"rotate":-45.96},{"tweenEasing":0,"rotate":-58.09},{"duration":14,"rotate":29.62},{"tweenEasing":0,"rotate":29.62},{"duration":3,"tweenEasing":0,"rotate":14.67},{"duration":5,"tweenEasing":0,"rotate":-37.65},{"duration":0}]},{"name":"yz","scaleFrame":[{"duration":8,"tweenEasing":0},{"duration":7,"tweenEasing":0,"y":0.9},{"duration":8,"y":0.9},{"tweenEasing":0,"y":1.1},{"duration":14,"y":0.9},{"duration":4,"tweenEasing":0,"y":0.9},{"duration":5,"tweenEasing":0,"y":1.1},{"duration":0}]},{"name":"PET6133_youshou2","translateFrame":[{"duration":8,"tweenEasing":0},{"duration":7,"tweenEasing":0,"x":2.97,"y":-0.5},{"duration":8,"tweenEasing":0,"x":0.1,"y":-0.82},{"tweenEasing":0,"x":-0.46,"y":-0.89},{"duration":15,"x":2.97,"y":-0.5},{"duration":3,"tweenEasing":0,"x":2.97,"y":-0.5},{"duration":5,"tweenEasing":0,"x":-0.46,"y":-0.89},{"duration":0}],"rotateFrame":[{"duration":8,"tweenEasing":0},{"duration":7,"tweenEasing":0,"rotate":-19.98},{"duration":8,"tweenEasing":0,"rotate":22.77},{"tweenEasing":0,"rotate":31.32},{"duration":14,"rotate":-62.35},{"tweenEasing":0,"rotate":-62.35},{"duration":3,"tweenEasing":0,"rotate":-17.77},{"duration":5,"tweenEasing":0,"rotate":20.66},{"duration":0}]},{"name":"pet6133_tx_attack_xl_00005","translateFrame":[{"duration":47,"x":1.01,"y":-1.52}]},{"name":"pet6133_tx_attack_zd_00012","translateFrame":[{"duration":24},{"tweenEasing":0},{"tweenEasing":0,"x":2.29,"y":-37.78},{"tweenEasing":0,"x":59.03,"y":-37.78},{"tweenEasing":0,"x":570.21,"y":-37.78},{"duration":19,"x":818.78,"y":-35.89}]}],"slot":[{"name":"PET6133_bozi","colorFrame":[{"duration":23},{"duration":2,"tweenEasing":0},{"duration":11,"value":{"aM":0}},{"tweenEasing":0,"value":{"aM":0}},{"duration":10}]},{"name":"PET6133_duzi","colorFrame":[{"duration":23},{"duration":2,"tweenEasing":0},{"duration":11,"value":{"aM":0}},{"tweenEasing":0,"value":{"aM":0}},{"duration":10}]},{"name":"PET6133_fa1","displayFrame":[{"duration":2},{"duration":2,"value":1},{"duration":2,"value":2},{"duration":2,"value":3},{"duration":2,"value":4},{"duration":2,"value":5},{"duration":2},{"duration":2,"value":1},{"duration":2,"value":2},{"duration":2,"value":3},{"duration":2,"value":4},{"duration":2,"value":5},{"duration":2},{"duration":2,"value":1},{"duration":2,"value":2},{"duration":2,"value":3},{"duration":2,"value":4},{"value":5},{"duration":2},{"duration":2,"value":1},{"duration":2,"value":2},{"duration":2,"value":3},{"duration":2,"value":4},{"duration":2,"value":5},{"duration":0}],"colorFrame":[{"duration":24,"tweenEasing":0},{"tweenEasing":0},{"value":{"aM":0}},{"duration":2,"tweenEasing":0,"value":{"aM":0}},{"duration":7,"tweenEasing":0},{"tweenEasing":0},{"tweenEasing":0,"value":{"aM":0}},{"duration":10}]},{"name":"PET6133_piaodaihou1","displayFrame":[{"duration":2},{"duration":2,"value":1},{"duration":2,"value":2},{"duration":2,"value":3},{"duration":2,"value":4},{"duration":2,"value":5},{"duration":2,"value":6},{"duration":2,"value":7},{"duration":2},{"duration":2,"value":1},{"duration":2,"value":2},{"duration":2,"value":3},{"duration":2,"value":4},{"duration":2,"value":5},{"duration":2,"value":6},{"value":7},{"duration":2},{"duration":2,"value":1},{"duration":2,"value":2},{"duration":2,"value":3},{"duration":2,"value":4},{"duration":2,"value":5},{"duration":2,"value":6},{"duration":2,"value":7},{"duration":0}],"colorFrame":[{"duration":24,"tweenEasing":0},{"tweenEasing":0},{"value":{"aM":0}},{"duration":2,"tweenEasing":0,"value":{"aM":0}},{"duration":7,"tweenEasing":0},{"tweenEasing":0},{"tweenEasing":0,"value":{"aM":0}},{"duration":10}]},{"name":"PET6133_piaodaiqian1","displayFrame":[{"duration":2},{"duration":2,"value":1},{"duration":2,"value":2},{"duration":2,"value":3},{"duration":2,"value":4},{"duration":2,"value":5},{"duration":2,"value":6},{"duration":2,"value":7},{"duration":2},{"duration":2,"value":1},{"duration":2,"value":2},{"duration":2,"value":3},{"duration":2,"value":4},{"duration":2,"value":5},{"duration":2,"value":6},{"value":7},{"duration":2},{"duration":2,"value":1},{"duration":2,"value":2},{"duration":2,"value":3},{"duration":2,"value":4},{"duration":2,"value":5},{"duration":2,"value":6},{"duration":2,"value":7},{"duration":0}],"colorFrame":[{"duration":24,"tweenEasing":0},{"tweenEasing":0},{"value":{"aM":0}},{"duration":2,"tweenEasing":0,"value":{"aM":0}},{"duration":7,"tweenEasing":0},{"tweenEasing":0},{"tweenEasing":0,"value":{"aM":0}},{"duration":10}]},{"name":"PET6133_shuijing1","colorFrame":[{"duration":23},{"duration":2,"tweenEasing":0},{"duration":11,"value":{"aM":0}},{"tweenEasing":0,"value":{"aM":0}},{"duration":10}]},{"name":"PET6133_tou","colorFrame":[{"duration":23},{"duration":2,"tweenEasing":0},{"duration":11,"value":{"aM":0}},{"tweenEasing":0,"value":{"aM":0}},{"duration":10}]},{"name":"PET6133_xiaba","colorFrame":[{"duration":23},{"duration":2,"tweenEasing":0},{"duration":11,"value":{"aM":0}},{"tweenEasing":0,"value":{"aM":0}},{"duration":10}]},{"name":"PET6133_yanjingputong","displayFrame":[{"duration":8,"value":2},{"duration":17},{"duration":22,"value":1},{"duration":0,"value":2}],"colorFrame":[{"duration":23,"tweenEasing":0},{"duration":2,"tweenEasing":0},{"duration":11,"tweenEasing":0,"value":{"aM":0}},{"tweenEasing":0,"value":{"aM":0}},{"duration":10}]},{"name":"PET6133_youshou1","colorFrame":[{"duration":23},{"duration":2,"tweenEasing":0},{"duration":11,"value":{"aM":0}},{"tweenEasing":0,"value":{"aM":0}},{"duration":10}]},{"name":"PET6133_youshou2","colorFrame":[{"duration":23},{"duration":2,"tweenEasing":0},{"duration":11,"value":{"aM":0}},{"tweenEasing":0,"value":{"aM":0}},{"duration":10}]},{"name":"PET6133_youshou3","colorFrame":[{"duration":23},{"duration":2,"tweenEasing":0},{"duration":11,"value":{"aM":0}},{"tweenEasing":0,"value":{"aM":0}},{"duration":10}]},{"name":"PET6133_youshou4","colorFrame":[{"duration":23},{"duration":2,"tweenEasing":0},{"duration":11,"value":{"aM":0}},{"tweenEasing":0,"value":{"aM":0}},{"duration":10}]},{"name":"PET6133_youtui1","colorFrame":[{"duration":23},{"duration":2,"tweenEasing":0},{"duration":11,"value":{"aM":0}},{"tweenEasing":0,"value":{"aM":0}},{"duration":10}]},{"name":"PET6133_youtui2","colorFrame":[{"duration":23},{"duration":2,"tweenEasing":0},{"duration":11,"value":{"aM":0}},{"tweenEasing":0,"value":{"aM":0}},{"duration":10}]},{"name":"PET6133_youtui4","colorFrame":[{"duration":23},{"duration":2,"tweenEasing":0},{"duration":11,"value":{"aM":0}},{"tweenEasing":0,"value":{"aM":0}},{"duration":10}]},{"name":"PET6133_youtui5","colorFrame":[{"duration":23},{"duration":2,"tweenEasing":0},{"duration":11,"value":{"aM":0}},{"tweenEasing":0,"value":{"aM":0}},{"duration":10}]},{"name":"PET6133_zuoshou1","colorFrame":[{"duration":23},{"duration":2,"tweenEasing":0},{"duration":11,"value":{"aM":0}},{"tweenEasing":0,"value":{"aM":0}},{"duration":10}]},{"name":"PET6133_zuoshou2","colorFrame":[{"duration":23},{"duration":2,"tweenEasing":0},{"duration":11,"value":{"aM":0}},{"tweenEasing":0,"value":{"aM":0}},{"duration":10}]},{"name":"PET6133_zuoshou3","colorFrame":[{"duration":23},{"duration":2,"tweenEasing":0},{"duration":11,"value":{"aM":0}},{"tweenEasing":0,"value":{"aM":0}},{"duration":10}]},{"name":"PET6133_zuoshou4","colorFrame":[{"duration":23},{"duration":2,"tweenEasing":0},{"duration":11,"value":{"aM":0}},{"tweenEasing":0,"value":{"aM":0}},{"duration":10}]},{"name":"PET6133_zuoshou6","colorFrame":[{"duration":23},{"duration":2,"tweenEasing":0},{"duration":11,"value":{"aM":0}},{"tweenEasing":0,"value":{"aM":0}},{"duration":10}]},{"name":"PET6133_zuotui1","colorFrame":[{"duration":23},{"duration":2,"tweenEasing":0},{"duration":11,"value":{"aM":0}},{"tweenEasing":0,"value":{"aM":0}},{"duration":10}]},{"name":"PET6133_zuotui4","colorFrame":[{"duration":23},{"duration":2,"tweenEasing":0},{"duration":11,"value":{"aM":0}},{"tweenEasing":0,"value":{"aM":0}},{"duration":10}]},{"name":"pet6133_tx_attack_xl_00005","displayFrame":[{"duration":13,"value":-1},{"duration":2},{"duration":2,"value":1},{"duration":2,"value":2},{"duration":2,"value":3},{"duration":2,"value":4},{"duration":2,"value":5},{"duration":2,"value":6},{"duration":20,"value":-1}]},{"name":"pet6133_tx_attack_zd_00012","displayFrame":[{"duration":25,"value":-1},{"duration":2},{"duration":2,"value":1},{"duration":18,"value":-1}]},{"name":"pet_yinying","colorFrame":[{"duration":23},{"duration":2,"tweenEasing":0},{"duration":11,"value":{"aM":0}},{"tweenEasing":0,"value":{"aM":0}},{"duration":10}]}]},{"duration":39,"name":"dead","bone":[{"name":"PET6133_tou","rotateFrame":[{"duration":8,"tweenEasing":0},{"duration":9,"tweenEasing":0,"rotate":7.58},{"duration":2,"tweenEasing":0,"rotate":2.14},{"duration":2,"tweenEasing":0,"rotate":-0.29},{"duration":2,"tweenEasing":0,"rotate":-6.1},{"duration":5,"tweenEasing":0,"rotate":2.31},{"duration":5,"tweenEasing":0,"rotate":2.86},{"duration":6,"tweenEasing":0,"rotate":1.46},{"duration":0,"rotate":2.14}]},{"name":"PET6133_youtui4","rotateFrame":[{"duration":8,"tweenEasing":0},{"duration":9,"tweenEasing":0,"rotate":-27.06},{"duration":2,"tweenEasing":0,"rotate":7.38},{"duration":4,"tweenEasing":0,"rotate":-19.22},{"duration":5,"tweenEasing":0,"rotate":36.05},{"duration":6,"tweenEasing":0,"rotate":34.89},{"duration":5,"tweenEasing":0,"rotate":37.58},{"duration":0,"rotate":36.05}]},{"name":"PET6133_zuoshou4","translateFrame":[{"duration":8,"tweenEasing":0},{"duration":9,"tweenEasing":0,"x":-1.66,"y":-0.54},{"duration":22}],"rotateFrame":[{"duration":8,"tweenEasing":0},{"duration":9,"tweenEasing":0,"rotate":14.17},{"duration":2,"tweenEasing":0},{"duration":9,"tweenEasing":0,"rotate":-5.45},{"duration":5,"tweenEasing":0,"rotate":1.7},{"duration":6,"tweenEasing":0,"rotate":0.07},{"duration":0}]},{"name":"PET6133_zuoshou3","translateFrame":[{"duration":8,"tweenEasing":0},{"duration":9,"tweenEasing":0,"x":-1.23,"y":0.25},{"duration":22}],"rotateFrame":[{"duration":8,"tweenEasing":0},{"duration":9,"tweenEasing":0,"rotate":-15.53},{"duration":2,"tweenEasing":0},{"duration":4,"tweenEasing":0,"rotate":10.46},{"duration":5,"tweenEasing":0,"rotate":-6.32},{"duration":5,"tweenEasing":0,"rotate":-4.61},{"duration":6,"tweenEasing":0,"rotate":-6.24},{"duration":0,"rotate":-6.32}]},{"name":"PET6133_duzi","rotateFrame":[{"duration":8,"tweenEasing":0},{"duration":9,"tweenEasing":0,"rotate":3.94},{"duration":6,"tweenEasing":0,"rotate":-4.87},{"duration":16,"rotate":-2.63}]},{"name":"PET6133_xiaba","rotateFrame":[{"duration":8,"tweenEasing":0},{"duration":9,"tweenEasing":0,"rotate":22.07},{"duration":6,"tweenEasing":0,"rotate":34.36},{"duration":16,"rotate":-4.19}]},{"name":"PET6133_shuijing1","rotateFrame":[{"duration":23,"tweenEasing":0},{"duration":16,"rotate":-3.48}]},{"name":"PET6133_fa1","rotateFrame":[{"duration":17},{"duration":2,"tweenEasing":0},{"duration":2,"tweenEasing":0,"rotate":9.86},{"duration":2,"tweenEasing":0,"rotate":20.07},{"duration":5,"tweenEasing":0,"rotate":-33.3},{"duration":5,"tweenEasing":0,"rotate":-34.45},{"duration":6,"tweenEasing":0,"rotate":-29.67},{"duration":0,"rotate":-29.68}]},{"name":"PET6133_zuoshou6","rotateFrame":[{"duration":17,"tweenEasing":0},{"duration":2,"tweenEasing":0,"rotate":5.79},{"duration":9,"tweenEasing":0,"rotate":-4.06},{"duration":6,"tweenEasing":0,"rotate":4.63},{"duration":5,"tweenEasing":0,"rotate":7.32},{"duration":0,"rotate":5.79}]},{"name":"PET6133_youshou1","rotateFrame":[{"duration":8,"tweenEasing":0},{"duration":9,"tweenEasing":0,"rotate":-1.63},{"duration":6,"tweenEasing":0,"rotate":13.01},{"duration":5,"tweenEasing":0,"rotate":-34.45},{"duration":5,"tweenEasing":0,"rotate":-32.74},{"duration":6,"tweenEasing":0,"rotate":-34.38},{"duration":0,"rotate":-34.45}]},{"name":"PET6133_youtui1","rotateFrame":[{"duration":8,"tweenEasing":0},{"duration":9,"tweenEasing":0,"rotate":-5.47},{"duration":2,"tweenEasing":0,"rotate":0.55},{"duration":4,"tweenEasing":0,"rotate":10.84},{"duration":5,"tweenEasing":0,"rotate":14.98},{"duration":6,"tweenEasing":0,"rotate":13.82},{"duration":5,"tweenEasing":0,"rotate":16.51},{"duration":0,"rotate":14.98}]},{"name":"PET6133_zuoshou2","translateFrame":[{"duration":8,"tweenEasing":0},{"duration":9,"tweenEasing":0,"x":-2.8,"y":-0.48},{"duration":22}],"rotateFrame":[{"duration":8,"tweenEasing":0},{"duration":9,"tweenEasing":0,"rotate":-9.07},{"duration":2,"tweenEasing":0,"rotate":20.47},{"duration":2,"tweenEasing":0,"rotate":-5.69},{"duration":2,"tweenEasing":0,"rotate":1.91},{"duration":5,"tweenEasing":0,"rotate":-16.13},{"duration":5,"tweenEasing":0,"rotate":-14.42},{"duration":6,"tweenEasing":0,"rotate":-16.05},{"duration":0,"rotate":-16.13}]},{"name":"bone","translateFrame":[{"duration":8,"tweenEasing":0},{"duration":9,"tweenEasing":0,"y":4},{"duration":2,"tweenEasing":0},{"duration":2,"tweenEasing":0,"x":0.33,"y":9.6},{"duration":2,"tweenEasing":0,"x":0.67,"y":24.91},{"duration":5,"tweenEasing":0,"x":1.01,"y":43},{"duration":5,"tweenEasing":0,"x":1.01,"y":40},{"duration":6,"tweenEasing":0,"x":1.01,"y":44},{"duration":0,"x":1.01,"y":43}],"rotateFrame":[{"duration":21,"tweenEasing":0},{"duration":2,"tweenEasing":0},{"duration":16,"rotate":-3.07}]},{"name":"PET6133_youshou4","rotateFrame":[{"duration":8,"tweenEasing":0},{"duration":9,"tweenEasing":0,"rotate":11.18},{"duration":2,"tweenEasing":0,"rotate":9.22},{"duration":4,"tweenEasing":0,"rotate":24.2},{"duration":5,"tweenEasing":0,"rotate":12.82},{"duration":5,"tweenEasing":0,"rotate":14.53},{"duration":6,"tweenEasing":0,"rotate":12.9},{"duration":0,"rotate":12.82}]},{"name":"PET6133_zuotui4","rotateFrame":[{"duration":8,"tweenEasing":0},{"duration":9,"tweenEasing":0,"rotate":-11},{"duration":2,"tweenEasing":0,"rotate":5.79},{"duration":2,"tweenEasing":0,"rotate":-34.16},{"duration":2,"tweenEasing":0,"rotate":55.37},{"duration":5,"tweenEasing":0,"rotate":65.29},{"duration":6,"tweenEasing":0,"rotate":64.13},{"duration":5,"tweenEasing":0,"rotate":66.82},{"duration":0,"rotate":65.29}]},{"name":"PET6133_bozi","rotateFrame":[{"duration":8,"tweenEasing":0},{"duration":9,"tweenEasing":0,"rotate":8.85},{"duration":2,"tweenEasing":0,"rotate":-5.25},{"duration":2,"tweenEasing":0,"rotate":-10.63},{"duration":2,"tweenEasing":0,"rotate":-16.67},{"duration":5,"tweenEasing":0,"rotate":28.49},{"duration":5,"tweenEasing":0,"rotate":29.43},{"duration":6,"tweenEasing":0,"rotate":28.03},{"duration":0,"rotate":28.71}]},{"name":"PET6133_zuotui1","translateFrame":[{"duration":8,"tweenEasing":0},{"duration":9,"tweenEasing":0,"x":-0.6,"y":-2.87},{"duration":22}],"rotateFrame":[{"duration":8,"tweenEasing":0},{"duration":9,"tweenEasing":0},{"duration":2,"tweenEasing":0,"rotate":2.7},{"duration":4,"tweenEasing":0,"rotate":35.5},{"duration":5,"tweenEasing":0,"rotate":61.11},{"duration":6,"tweenEasing":0,"rotate":59.95},{"duration":5,"tweenEasing":0,"rotate":62.64},{"duration":0,"rotate":61.11}]},{"name":"PET6133_zuoshou1","rotateFrame":[{"duration":8,"tweenEasing":0},{"duration":9,"tweenEasing":0,"rotate":5.37},{"duration":2,"tweenEasing":0},{"duration":2,"tweenEasing":0,"rotate":3.93},{"duration":2,"tweenEasing":0,"rotate":-20.09},{"duration":16,"rotate":-38.19}]},{"name":"PET6133_youtui2","translateFrame":[{"duration":8,"tweenEasing":0},{"duration":9,"tweenEasing":0,"x":-0.29,"y":0.84},{"duration":22}],"rotateFrame":[{"duration":8,"tweenEasing":0},{"duration":9,"tweenEasing":0,"rotate":6.17},{"duration":2,"tweenEasing":0,"rotate":-3.28},{"duration":2,"tweenEasing":0,"rotate":-8.43},{"duration":2,"tweenEasing":0,"rotate":-12.68},{"duration":5,"tweenEasing":0,"rotate":6.58},{"duration":6,"tweenEasing":0,"rotate":5.43},{"duration":5,"tweenEasing":0,"rotate":8.12},{"duration":0,"rotate":6.58}]},{"name":"PET6133_youshou3","translateFrame":[{"duration":8,"tweenEasing":0},{"duration":9,"tweenEasing":0,"x":-0.6,"y":0.7},{"duration":22}],"rotateFrame":[{"duration":8,"tweenEasing":0},{"duration":9,"tweenEasing":0,"rotate":-37.65},{"duration":2,"tweenEasing":0,"rotate":16.91},{"duration":2,"tweenEasing":0,"rotate":27.61},{"duration":2,"tweenEasing":0,"rotate":12.98},{"duration":5,"tweenEasing":0,"rotate":5.27},{"duration":5,"tweenEasing":0,"rotate":6.98},{"duration":6,"tweenEasing":0,"rotate":5.35},{"duration":0,"rotate":5.27}]},{"name":"yz","translateFrame":[{"duration":17,"tweenEasing":0},{"duration":6,"tweenEasing":0},{"duration":16,"x":-5.76}],"scaleFrame":[{"duration":8,"tweenEasing":0},{"duration":9,"tweenEasing":0,"y":1.1},{"duration":6,"tweenEasing":0},{"duration":5,"tweenEasing":0,"y":1.5},{"duration":5,"tweenEasing":0,"y":1.4},{"duration":6,"tweenEasing":0,"y":1.5},{"duration":0,"y":1.4}]},{"name":"bone2","rotateFrame":[{"duration":8,"tweenEasing":0},{"duration":9,"tweenEasing":0,"rotate":0.46},{"duration":2,"tweenEasing":0,"rotate":-4.87},{"duration":2,"tweenEasing":0,"rotate":-2.62},{"duration":2,"tweenEasing":0,"rotate":-1.32},{"duration":16,"rotate":14.13}]},{"name":"PET6133_youtui5","rotateFrame":[{"duration":8,"tweenEasing":0},{"duration":9,"tweenEasing":0,"rotate":23.5},{"duration":2,"tweenEasing":0,"rotate":1.54},{"duration":4,"tweenEasing":0,"rotate":21.19},{"duration":5,"tweenEasing":0,"rotate":42},{"duration":6,"tweenEasing":0,"rotate":40.85},{"duration":5,"tweenEasing":0,"rotate":43.53},{"duration":0,"rotate":42}]},{"name":"PET6133_youshou2","translateFrame":[{"duration":8,"tweenEasing":0},{"duration":9,"tweenEasing":0,"x":-0.46,"y":-0.89},{"duration":22,"x":2.97,"y":-0.5}],"rotateFrame":[{"duration":8,"tweenEasing":0},{"duration":9,"tweenEasing":0,"rotate":20.66},{"duration":2,"tweenEasing":0,"rotate":-17.77},{"duration":2,"tweenEasing":0,"rotate":-54.38},{"duration":2,"tweenEasing":0,"rotate":-51.33},{"duration":5,"tweenEasing":0,"rotate":-76.43},{"duration":5,"tweenEasing":0,"rotate":-74.72},{"duration":6,"tweenEasing":0,"rotate":-76.35},{"duration":0,"rotate":-76.43}]},{"name":"pet6133_tx_attack_xl_00005","translateFrame":[{"duration":39,"x":1.01,"y":-1.52}]}],"slot":[{"name":"PET6133_fa1","displayFrame":[{"duration":2},{"duration":2,"value":1},{"duration":2,"value":2},{"duration":2,"value":3},{"duration":2,"value":4},{"duration":2,"value":5},{"duration":2},{"duration":2,"value":1},{"duration":2,"value":2},{"duration":2,"value":3},{"duration":2,"value":4},{"duration":17,"value":5}]},{"name":"PET6133_piaodaihou1","displayFrame":[{"duration":2},{"duration":2,"value":1},{"duration":2,"value":2},{"duration":2,"value":3},{"duration":2,"value":4},{"duration":2,"value":5},{"duration":3,"value":6},{"duration":3},{"duration":3,"value":1},{"duration":18,"value":2}]},{"name":"PET6133_piaodaiqian1","displayFrame":[{"duration":2},{"duration":2,"value":1},{"duration":2,"value":2},{"duration":2,"value":3},{"duration":2,"value":4},{"duration":2,"value":5},{"duration":3,"value":6},{"duration":3},{"duration":3,"value":1},{"duration":18,"value":2}]},{"name":"PET6133_yanjingputong","displayFrame":[{"duration":17,"value":2},{"duration":22,"value":4}]}]},{"duration":24,"name":"hurt","bone":[{"name":"PET6133_youtui5","rotateFrame":[{"duration":3,"tweenEasing":0},{"duration":2,"tweenEasing":0,"rotate":23.5},{"duration":12,"tweenEasing":0,"rotate":1.54},{"duration":7,"tweenEasing":0,"rotate":-1.11},{"duration":0}]},{"name":"PET6133_xiaba","rotateFrame":[{"duration":3,"tweenEasing":0},{"duration":2,"tweenEasing":0,"rotate":22.07},{"duration":12,"tweenEasing":0,"rotate":4.81},{"duration":7,"tweenEasing":0,"rotate":34.36},{"duration":0}]},{"name":"PET6133_youtui1","rotateFrame":[{"duration":3,"tweenEasing":0},{"duration":2,"tweenEasing":0,"rotate":-5.47},{"duration":12,"tweenEasing":0,"rotate":0.55},{"duration":7,"tweenEasing":0,"rotate":-2.11},{"duration":0}]},{"name":"PET6133_zuotui1","translateFrame":[{"duration":3,"tweenEasing":0},{"duration":2,"tweenEasing":0,"x":-0.6,"y":-2.87},{"duration":19}],"rotateFrame":[{"duration":3,"tweenEasing":0},{"duration":2,"tweenEasing":0},{"duration":12,"tweenEasing":0,"rotate":2.7},{"duration":7,"tweenEasing":0,"rotate":0.04},{"duration":0}]},{"name":"PET6133_zuoshou2","translateFrame":[{"duration":3,"tweenEasing":0},{"duration":2,"tweenEasing":0,"x":-2.8,"y":-0.48},{"duration":19}],"rotateFrame":[{"duration":3,"tweenEasing":0},{"duration":2,"tweenEasing":0,"rotate":-9.07},{"duration":12,"tweenEasing":0,"rotate":20.47},{"duration":7,"tweenEasing":0,"rotate":15.17},{"duration":0}]},{"name":"PET6133_fa1","rotateFrame":[{"duration":3,"tweenEasing":0},{"duration":2,"tweenEasing":0,"rotate":-10.57},{"duration":12,"tweenEasing":0,"rotate":5.49},{"duration":7,"tweenEasing":0,"rotate":17.48},{"duration":0}]},{"name":"PET6133_youshou4","rotateFrame":[{"duration":3,"tweenEasing":0},{"duration":2,"tweenEasing":0,"rotate":11.18},{"duration":12,"tweenEasing":0,"rotate":9.22},{"duration":7,"tweenEasing":0,"rotate":17.11},{"duration":0}]},{"name":"PET6133_youtui2","translateFrame":[{"duration":3,"tweenEasing":0},{"duration":2,"tweenEasing":0,"x":-0.29,"y":0.84},{"duration":19}],"rotateFrame":[{"duration":3,"tweenEasing":0},{"duration":2,"tweenEasing":0,"rotate":6.17},{"duration":12,"tweenEasing":0,"rotate":-3.28},{"duration":7,"tweenEasing":0,"rotate":-5.95},{"duration":0}]},{"name":"PET6133_zuoshou3","translateFrame":[{"duration":3,"tweenEasing":0},{"duration":2,"tweenEasing":0,"x":-1.23,"y":0.25},{"duration":19}],"rotateFrame":[{"duration":3,"tweenEasing":0},{"duration":2,"tweenEasing":0,"rotate":-15.53},{"duration":12,"tweenEasing":0},{"duration":7,"tweenEasing":0,"rotate":7.63},{"duration":0}]},{"name":"PET6133_zuoshou4","translateFrame":[{"duration":3,"tweenEasing":0},{"duration":2,"tweenEasing":0,"x":-1.66,"y":-0.54},{"duration":19}],"rotateFrame":[{"duration":3,"tweenEasing":0},{"duration":2,"tweenEasing":0,"rotate":14.17},{"duration":19}]},{"name":"yz","translateFrame":[{"duration":3,"tweenEasing":0},{"duration":2,"tweenEasing":0},{"duration":12,"x":-14.31},{"duration":7,"tweenEasing":0,"x":-14.31},{"duration":0}],"scaleFrame":[{"duration":3,"tweenEasing":0},{"duration":2,"tweenEasing":0,"y":1.1},{"duration":19}]},{"name":"PET6133_youshou2","translateFrame":[{"duration":3,"tweenEasing":0},{"duration":2,"tweenEasing":0,"x":-0.46,"y":-0.89},{"duration":12,"tweenEasing":0,"x":2.97,"y":-0.5},{"duration":7,"tweenEasing":0,"x":2.97,"y":-0.5},{"duration":0}],"rotateFrame":[{"duration":3,"tweenEasing":0},{"duration":2,"tweenEasing":0,"rotate":20.66},{"duration":12,"tweenEasing":0,"rotate":-17.77},{"duration":7,"tweenEasing":0,"rotate":-26.02},{"duration":0}]},{"name":"PET6133_youshou3","translateFrame":[{"duration":3,"tweenEasing":0},{"duration":2,"tweenEasing":0,"x":-0.6,"y":0.7},{"duration":19}],"rotateFrame":[{"duration":3,"tweenEasing":0},{"duration":2,"tweenEasing":0,"rotate":-37.65},{"duration":12,"tweenEasing":0,"rotate":16.91},{"duration":7,"tweenEasing":0,"rotate":17.01},{"duration":0}]},{"name":"PET6133_duzi","rotateFrame":[{"duration":3,"tweenEasing":0},{"duration":2,"tweenEasing":0,"rotate":3.94},{"duration":12,"rotate":-4.87},{"duration":7,"tweenEasing":0,"rotate":-4.87},{"duration":0}]},{"name":"PET6133_zuoshou1","rotateFrame":[{"duration":3,"tweenEasing":0},{"duration":2,"tweenEasing":0,"rotate":5.37},{"duration":12,"tweenEasing":0},{"duration":7,"tweenEasing":0,"rotate":20.88},{"duration":0}]},{"name":"PET6133_zuotui4","rotateFrame":[{"duration":3,"tweenEasing":0},{"duration":2,"tweenEasing":0,"rotate":-11},{"duration":12,"tweenEasing":0,"rotate":5.79},{"duration":7,"tweenEasing":0,"rotate":3.12},{"duration":0}]},{"name":"PET6133_bozi","rotateFrame":[{"duration":3,"tweenEasing":0},{"duration":2,"tweenEasing":0,"rotate":8.85},{"duration":12,"tweenEasing":0,"rotate":-5.25},{"duration":7,"tweenEasing":0,"rotate":-20.37},{"duration":0}]},{"name":"bone2","rotateFrame":[{"duration":3,"tweenEasing":0},{"duration":2,"tweenEasing":0,"rotate":0.46},{"duration":12,"tweenEasing":0,"rotate":-4.87},{"duration":7,"tweenEasing":0,"rotate":-19.99},{"duration":0}]},{"name":"PET6133_youtui4","rotateFrame":[{"duration":3,"tweenEasing":0},{"duration":2,"tweenEasing":0,"rotate":-27.06},{"duration":12,"tweenEasing":0,"rotate":7.38},{"duration":7,"tweenEasing":0,"rotate":4.72},{"duration":0}]},{"name":"PET6133_zuoshou6","rotateFrame":[{"duration":5,"tweenEasing":0},{"duration":12,"tweenEasing":0,"rotate":5.79},{"duration":7,"tweenEasing":0,"rotate":3.12},{"duration":0}]},{"name":"bone","translateFrame":[{"duration":3,"tweenEasing":0},{"duration":2,"tweenEasing":0,"y":4},{"duration":12,"tweenEasing":0,"x":-10},{"duration":7,"tweenEasing":0,"x":-20},{"duration":0}]},{"name":"PET6133_tou","rotateFrame":[{"duration":3,"tweenEasing":0},{"duration":2,"tweenEasing":0,"rotate":7.58},{"duration":12,"tweenEasing":0,"rotate":2.14},{"duration":7,"tweenEasing":0,"rotate":9.96},{"duration":0}]},{"name":"PET6133_youshou1","rotateFrame":[{"duration":3,"tweenEasing":0},{"duration":2,"tweenEasing":0,"rotate":-1.63},{"duration":12,"tweenEasing":0,"rotate":13.01},{"duration":7,"tweenEasing":0,"rotate":22.86},{"duration":0}]},{"name":"pet6133_tx_attack_xl_00005","translateFrame":[{"duration":24,"x":1.01,"y":-1.52}]}],"slot":[{"name":"PET6133_fa1","displayFrame":[{"duration":3},{"duration":2,"value":1},{"duration":2,"value":2},{"duration":3,"value":3},{"duration":3,"value":4},{"duration":2,"value":5},{"duration":2},{"duration":2,"value":1},{"duration":3,"value":2},{"duration":2,"value":3},{"duration":0,"value":4}]},{"name":"PET6133_piaodaihou1","displayFrame":[{},{"duration":2,"value":1},{"duration":2,"value":2},{"duration":2,"value":3},{"duration":2,"value":4},{"duration":2,"value":5},{"duration":2,"value":6},{"duration":2,"value":7},{"duration":2},{"duration":2,"value":1},{"duration":2,"value":2},{"duration":2,"value":3},{"value":4},{"duration":0}]},{"name":"PET6133_piaodaiqian1","displayFrame":[{},{"duration":2,"value":1},{"duration":2,"value":2},{"duration":2,"value":3},{"duration":2,"value":4},{"duration":2,"value":5},{"duration":2,"value":6},{"duration":2,"value":7},{"duration":2},{"duration":2,"value":1},{"duration":2,"value":2},{"duration":2,"value":3},{"value":4},{"duration":0}]},{"name":"PET6133_yanjingputong","displayFrame":[{"duration":5,"value":2},{"duration":19,"value":4},{"duration":0,"value":2}]}]},{"duration":79,"name":"skill","frame":[{"duration":34},{"duration":7,"events":[{"name":"0"}]},{"duration":7,"events":[{"name":"1"}]},{"duration":7,"events":[{"name":"2"}]},{"duration":7,"events":[{"name":"3"}]},{"duration":0,"events":[{"name":"4"}]}],"bone":[{"name":"PET6133_piaodaiqian1","rotateFrame":[{"duration":30},{"duration":2,"tweenEasing":0},{"duration":47,"tweenEasing":0,"rotate":0.37},{"duration":0}]},{"name":"PET6133_tou","rotateFrame":[{"duration":8,"tweenEasing":0},{"duration":8,"tweenEasing":0,"rotate":12.04},{"duration":7,"tweenEasing":0,"rotate":-33.64},{"duration":7,"tweenEasing":0,"rotate":-38.87},{"duration":2,"tweenEasing":0,"rotate":-37.11},{"duration":32,"tweenEasing":0,"rotate":16.48},{"duration":15,"tweenEasing":0,"rotate":3.47},{"duration":0}]},{"name":"PET6133_youtui4","rotateFrame":[{"duration":8,"tweenEasing":0},{"duration":8,"tweenEasing":0,"rotate":13.61},{"duration":7,"tweenEasing":0,"rotate":-27.12},{"duration":4,"tweenEasing":0,"rotate":-35.27},{"duration":3,"tweenEasing":0,"rotate":-28.28},{"tweenEasing":0,"rotate":-27.12},{"tweenEasing":0,"rotate":2.39},{"duration":32,"tweenEasing":0,"rotate":12.24},{"duration":15,"tweenEasing":0,"rotate":27.96},{"duration":0}]},{"name":"PET6133_zuoshou4","translateFrame":[{"duration":8},{"duration":8,"tweenEasing":0},{"duration":7,"tweenEasing":0,"x":-1.38,"y":-0.45},{"duration":4,"tweenEasing":0,"x":-1.66,"y":-0.54},{"duration":3,"tweenEasing":0,"x":-1.42,"y":-0.46},{"tweenEasing":0,"x":-1.38,"y":-0.45},{"tweenEasing":0,"x":-0.7,"y":-0.22},{"duration":32,"tweenEasing":0,"x":-0.47,"y":-0.15},{"duration":15}],"rotateFrame":[{"duration":8},{"duration":8,"tweenEasing":0},{"duration":7,"tweenEasing":0,"rotate":11.81},{"duration":4,"tweenEasing":0,"rotate":14.17},{"duration":3,"tweenEasing":0,"rotate":12.15},{"tweenEasing":0,"rotate":11.81},{"tweenEasing":0,"rotate":5.99},{"duration":32,"tweenEasing":0,"rotate":4.05},{"duration":15}]},{"name":"PET6133_zuoshou3","translateFrame":[{"duration":8,"tweenEasing":0},{"duration":8,"tweenEasing":0},{"duration":7,"tweenEasing":0,"x":-1.02,"y":0.21},{"duration":4,"tweenEasing":0,"x":-1.23,"y":0.25},{"duration":3,"tweenEasing":0,"x":-2.85,"y":-2.6},{"tweenEasing":0,"x":-3.13,"y":-2.64},{"tweenEasing":0,"x":-2.69,"y":-0.36},{"duration":32,"tweenEasing":0,"x":-0.35,"y":0.07},{"duration":15}],"rotateFrame":[{"duration":8,"tweenEasing":0},{"duration":8,"tweenEasing":0,"rotate":0.92},{"duration":7,"tweenEasing":0,"rotate":-13.81},{"duration":4,"tweenEasing":0,"rotate":-16.75},{"duration":3,"tweenEasing":0,"rotate":-27.16},{"tweenEasing":0,"rotate":-28.9},{"tweenEasing":0,"rotate":-10.05},{"duration":32,"tweenEasing":0,"rotate":-3.77},{"duration":15,"tweenEasing":0,"rotate":0.92},{"duration":0}]},{"name":"PET6133_duzi","rotateFrame":[{"duration":8,"tweenEasing":0},{"duration":8,"tweenEasing":0,"rotate":-4.87},{"duration":7,"tweenEasing":0,"rotate":2.47},{"duration":4,"tweenEasing":0,"rotate":3.94},{"duration":3,"tweenEasing":0,"rotate":2.68},{"tweenEasing":0,"rotate":2.47},{"tweenEasing":0,"rotate":-1.14},{"duration":32,"tweenEasing":0,"rotate":-2.35},{"duration":15,"tweenEasing":0,"rotate":-4.87},{"duration":0}]},{"name":"PET6133_xiaba","rotateFrame":[{"duration":8,"tweenEasing":0},{"duration":15,"tweenEasing":0,"rotate":14.53},{"duration":9,"tweenEasing":0,"rotate":7.82},{"duration":32,"tweenEasing":0,"rotate":33.21},{"duration":15,"tweenEasing":0,"rotate":40.07},{"duration":0}]},{"name":"PET6133_zuoshou6","translateFrame":[{"duration":8,"tweenEasing":0},{"duration":22,"tweenEasing":0,"x":0.05,"y":-0.16},{"tweenEasing":0,"x":0.05,"y":-0.16},{"tweenEasing":0,"x":0.01,"y":-0.04},{"duration":47}],"rotateFrame":[{"duration":8,"tweenEasing":0},{"duration":8,"tweenEasing":0,"rotate":-4.7},{"duration":7,"tweenEasing":0,"rotate":7.14},{"duration":4,"tweenEasing":0,"rotate":9.51},{"duration":3,"tweenEasing":0,"rotate":7.48},{"tweenEasing":0,"rotate":7.14},{"tweenEasing":0,"rotate":5.46},{"duration":32,"rotate":4.89},{"duration":15,"tweenEasing":0,"rotate":4.89},{"duration":0}]},{"name":"PET6133_youshou1","translateFrame":[{"duration":30,"tweenEasing":0},{"tweenEasing":0},{"tweenEasing":0,"x":-0.67,"y":0.33},{"duration":32,"tweenEasing":0,"x":-0.9,"y":0.45},{"duration":15,"tweenEasing":0,"x":-1.26,"y":0.63},{"duration":0}],"rotateFrame":[{"duration":8,"tweenEasing":0},{"duration":8,"tweenEasing":0,"rotate":17.96},{"duration":7,"tweenEasing":0,"rotate":-14.94},{"duration":4,"tweenEasing":0,"rotate":-21.53},{"duration":3,"tweenEasing":0,"rotate":-15.88},{"tweenEasing":0,"rotate":-14.94},{"tweenEasing":0,"rotate":10.13},{"duration":32,"tweenEasing":0,"rotate":18.49},{"duration":15,"tweenEasing":0,"rotate":26.54},{"duration":0}]},{"name":"PET6133_youtui1","rotateFrame":[{"duration":8,"tweenEasing":0},{"duration":8,"tweenEasing":0,"rotate":3.61},{"duration":7,"tweenEasing":0,"rotate":-12.51},{"duration":4,"tweenEasing":0,"rotate":-15.74},{"duration":3,"tweenEasing":0,"rotate":-12.97},{"tweenEasing":0,"rotate":-12.51},{"tweenEasing":0,"rotate":0.04},{"duration":32,"tweenEasing":0,"rotate":4.23},{"duration":15,"tweenEasing":0,"rotate":8.11},{"duration":0}]},{"name":"PET6133_zuoshou2","translateFrame":[{"duration":8,"tweenEasing":0},{"duration":8,"tweenEasing":0,"x":1.42,"y":-0.51},{"duration":7,"tweenEasing":0,"x":0.29,"y":-0.16},{"duration":4,"tweenEasing":0,"x":0.06,"y":-0.09},{"duration":3,"tweenEasing":0,"x":0.25,"y":-0.15},{"tweenEasing":0,"x":0.29,"y":-0.16},{"tweenEasing":0,"x":0.23,"y":-0.42},{"duration":32,"tweenEasing":0,"x":0.21,"y":-0.5},{"duration":15,"tweenEasing":0,"x":1.42,"y":-0.51},{"duration":0}],"rotateFrame":[{"duration":8,"tweenEasing":0},{"duration":8,"tweenEasing":0,"rotate":0.13},{"duration":7,"tweenEasing":0,"rotate":-0.14},{"duration":4,"tweenEasing":0,"rotate":-0.19},{"duration":3,"tweenEasing":0,"rotate":-0.15},{"tweenEasing":0,"rotate":-0.14},{"tweenEasing":0,"rotate":0.6},{"duration":32,"tweenEasing":0,"rotate":0.85},{"duration":15,"tweenEasing":0,"rotate":4.83},{"duration":0}]},{"name":"bone","translateFrame":[{"duration":8,"tweenEasing":0},{"duration":8,"tweenEasing":0,"x":5},{"duration":7,"tweenEasing":0,"x":-7.5,"y":3.33},{"duration":4,"tweenEasing":0,"x":-10,"y":4},{"duration":3,"tweenEasing":0,"x":-7.85,"y":3.42},{"tweenEasing":0,"x":-7.5,"y":3.33},{"tweenEasing":0,"x":3.48,"y":1.69},{"duration":32,"tweenEasing":0,"x":7.14,"y":1.14},{"duration":15,"tweenEasing":0,"x":10},{"duration":0}]},{"name":"PET6133_youshou4","rotateFrame":[{"duration":8,"tweenEasing":0},{"duration":8,"tweenEasing":0,"rotate":6.98},{"duration":7,"tweenEasing":0,"rotate":16.29},{"duration":4,"tweenEasing":0,"rotate":18.15},{"duration":3,"tweenEasing":0,"rotate":16.56},{"tweenEasing":0,"rotate":16.29},{"tweenEasing":0,"rotate":10.21},{"duration":32,"tweenEasing":0,"rotate":8.18},{"duration":15,"tweenEasing":0,"rotate":6.98},{"duration":0}]},{"name":"PET6133_piaodaihou1","rotateFrame":[{"duration":30},{"duration":2,"tweenEasing":0},{"duration":47,"tweenEasing":0,"rotate":0.37},{"duration":0}]},{"name":"PET6133_zuotui4","rotateFrame":[{"duration":8,"tweenEasing":0},{"duration":8,"tweenEasing":0,"rotate":4.89},{"duration":7,"tweenEasing":0,"rotate":-6.09},{"duration":4,"tweenEasing":0,"rotate":-8.29},{"duration":3,"tweenEasing":0,"rotate":-6.41},{"tweenEasing":0,"rotate":-6.09},{"tweenEasing":0,"rotate":-1.25},{"duration":32,"tweenEasing":0,"rotate":0.35},{"duration":15,"tweenEasing":0,"rotate":4.89},{"duration":0}]},{"name":"bone2","rotateFrame":[{"duration":8,"tweenEasing":0},{"duration":8,"tweenEasing":0,"rotate":-4.87},{"duration":7,"tweenEasing":0,"rotate":11.8},{"duration":4,"tweenEasing":0,"rotate":15.14},{"duration":3,"tweenEasing":0,"rotate":20.38},{"tweenEasing":0,"rotate":21.26},{"tweenEasing":0,"rotate":-0.36},{"duration":32,"tweenEasing":0,"rotate":-7.57},{"duration":15,"tweenEasing":0,"rotate":-10.78},{"duration":0}]},{"name":"PET6133_youtui5","rotateFrame":[{"duration":8,"tweenEasing":0},{"duration":8,"tweenEasing":0,"rotate":-1.36},{"duration":7,"tweenEasing":0,"rotate":27.97},{"duration":4,"tweenEasing":0,"rotate":33.83},{"duration":3,"tweenEasing":0,"rotate":28.8},{"tweenEasing":0,"rotate":27.97},{"tweenEasing":0,"rotate":5.66},{"duration":32,"tweenEasing":0,"rotate":-1.76},{"duration":15,"tweenEasing":0,"rotate":-11.87},{"duration":0}]},{"name":"PET6133_bozi","rotateFrame":[{"duration":8,"tweenEasing":0},{"duration":8,"tweenEasing":0,"rotate":4.65},{"duration":7,"tweenEasing":0,"rotate":6.97},{"duration":4,"tweenEasing":0,"rotate":3.31},{"duration":3,"tweenEasing":0,"rotate":29.25},{"tweenEasing":0,"rotate":33.02},{"tweenEasing":0,"rotate":3.05},{"duration":32,"tweenEasing":0,"rotate":-3.73},{"duration":15,"tweenEasing":0,"rotate":-2.29},{"duration":0}]},{"name":"PET6133_zuotui1","translateFrame":[{"duration":8,"tweenEasing":0},{"duration":8,"tweenEasing":0},{"duration":7,"tweenEasing":0,"x":-0.5,"y":-2.39},{"duration":4,"tweenEasing":0,"x":-0.6,"y":-2.87},{"duration":3,"tweenEasing":0,"x":-0.52,"y":-2.46},{"tweenEasing":0,"x":-0.5,"y":-2.39},{"tweenEasing":0,"x":-0.25,"y":-1.21},{"duration":32,"tweenEasing":0,"x":-0.17,"y":-0.82},{"duration":15}],"rotateFrame":[{"duration":8,"tweenEasing":0},{"duration":8,"tweenEasing":0,"rotate":6.76},{"duration":7,"tweenEasing":0,"rotate":-7.11},{"duration":4,"tweenEasing":0,"rotate":-9.88},{"duration":3,"tweenEasing":0,"rotate":-7.5},{"tweenEasing":0,"rotate":-7.11},{"tweenEasing":0,"rotate":3.29},{"duration":32,"tweenEasing":0,"rotate":6.75},{"duration":15,"tweenEasing":0,"rotate":9.46},{"duration":0}]},{"name":"PET6133_zuoshou1","translateFrame":[{"duration":8,"tweenEasing":0},{"duration":8,"tweenEasing":0,"x":-0.66,"y":2.99},{"duration":7,"tweenEasing":0,"x":-3.92,"y":-0.51},{"duration":4,"tweenEasing":0,"x":-4.57,"y":-1.22},{"duration":3,"tweenEasing":0,"x":-4.01,"y":-0.61},{"tweenEasing":0,"x":-3.92,"y":-0.51},{"tweenEasing":0,"x":-1.48,"y":2.11},{"duration":32,"tweenEasing":0,"x":-0.66,"y":2.99},{"duration":15,"tweenEasing":0,"x":-0.66,"y":2.99},{"duration":0}],"rotateFrame":[{"duration":8,"tweenEasing":0},{"duration":8,"tweenEasing":0,"rotate":13.4},{"duration":7,"tweenEasing":0,"rotate":-17.76},{"duration":4,"tweenEasing":0,"rotate":-24},{"duration":3,"tweenEasing":0,"rotate":-18.65},{"tweenEasing":0,"rotate":-17.76},{"tweenEasing":0,"rotate":8.17},{"duration":32,"tweenEasing":0,"rotate":16.81},{"duration":15,"tweenEasing":0,"rotate":21.39},{"duration":0}]},{"name":"PET6133_youtui2","translateFrame":[{"duration":8,"tweenEasing":0},{"duration":8,"tweenEasing":0},{"duration":7,"tweenEasing":0,"x":-0.24,"y":0.7},{"duration":4,"tweenEasing":0,"x":-0.29,"y":0.84},{"duration":3,"tweenEasing":0,"x":-0.24,"y":0.72},{"tweenEasing":0,"x":-0.24,"y":0.7},{"tweenEasing":0,"x":-0.12,"y":0.35},{"duration":32,"tweenEasing":0,"x":-0.08,"y":0.24},{"duration":15}],"rotateFrame":[{"duration":8,"tweenEasing":0},{"duration":8,"tweenEasing":0,"rotate":-3.28},{"duration":7,"tweenEasing":0,"rotate":-1.51},{"duration":4,"tweenEasing":0,"rotate":-1.16},{"duration":3,"tweenEasing":0,"rotate":-1.46},{"tweenEasing":0,"rotate":-1.51},{"tweenEasing":0,"rotate":-2.01},{"duration":32,"tweenEasing":0,"rotate":-2.17},{"duration":15,"tweenEasing":0,"rotate":-5.51},{"duration":0}]},{"name":"PET6133_youshou3","translateFrame":[{"duration":8,"tweenEasing":0},{"duration":8,"tweenEasing":0},{"duration":7,"tweenEasing":0,"x":-0.5,"y":0.58},{"duration":4,"tweenEasing":0,"x":-0.6,"y":0.7},{"duration":3,"tweenEasing":0,"x":-0.51,"y":0.6},{"tweenEasing":0,"x":-0.5,"y":0.58},{"tweenEasing":0,"x":-0.25,"y":0.29},{"duration":32,"tweenEasing":0,"x":-0.17,"y":0.2},{"duration":15}],"rotateFrame":[{"duration":8,"tweenEasing":0},{"duration":8,"tweenEasing":0,"rotate":14.67},{"duration":7,"tweenEasing":0,"rotate":-45.96},{"duration":4,"tweenEasing":0,"rotate":-58.09},{"duration":3,"tweenEasing":0,"rotate":-60.57},{"tweenEasing":0,"rotate":-60.99},{"tweenEasing":0,"rotate":-14.8},{"duration":32,"tweenEasing":0,"rotate":0.58},{"duration":15,"tweenEasing":0,"rotate":15.88},{"duration":0}]},{"name":"yz","scaleFrame":[{"duration":8,"tweenEasing":0},{"duration":8,"tweenEasing":0,"y":0.9},{"duration":7,"y":0.9},{"duration":7,"tweenEasing":0,"y":1.1},{"duration":2,"y":1.1},{"duration":10,"tweenEasing":0,"y":0.9},{"duration":33,"tweenEasing":0,"y":1.1},{"duration":4,"tweenEasing":0,"y":0.9},{"duration":0}]},{"name":"PET6133_youshou2","translateFrame":[{"duration":8,"tweenEasing":0},{"duration":8,"tweenEasing":0,"x":2.97,"y":-0.5},{"duration":7,"tweenEasing":0,"x":0.1,"y":-0.82},{"duration":4,"tweenEasing":0,"x":-0.46,"y":-0.89},{"duration":3,"tweenEasing":0,"x":0.02,"y":-0.83},{"tweenEasing":0,"x":0.1,"y":-0.82},{"tweenEasing":0,"x":1.51,"y":-0.66},{"duration":32,"tweenEasing":0,"x":1.98,"y":-0.61},{"duration":15,"tweenEasing":0,"x":2.97,"y":-0.5},{"duration":0}],"rotateFrame":[{"duration":8,"tweenEasing":0},{"duration":8,"tweenEasing":0,"rotate":-19.98},{"duration":7,"tweenEasing":0,"rotate":22.77},{"duration":4,"tweenEasing":0,"rotate":31.32},{"duration":3,"tweenEasing":0,"rotate":23.99},{"tweenEasing":0,"rotate":22.77},{"tweenEasing":0,"rotate":-0.11},{"duration":32,"tweenEasing":0,"rotate":-7.75},{"duration":15,"tweenEasing":0,"rotate":-19.11},{"duration":0}]},{"name":"pet6133_tx_attack_xl_00005","translateFrame":[{"duration":79,"x":1.01,"y":-1.52}]}],"slot":[{"name":"PET6133_fa1","displayFrame":[{"duration":2},{"duration":2,"value":1},{"duration":2,"value":2},{"duration":2,"value":3},{"duration":2,"value":4},{"duration":2,"value":5},{"duration":2},{"duration":2,"value":1},{"duration":2,"value":2},{"duration":2,"value":3},{"duration":2,"value":4},{"duration":2,"value":5},{"duration":2},{"duration":2,"value":1},{"duration":2,"value":2},{"duration":2,"value":3},{"duration":2,"value":4},{"duration":2,"value":5},{"duration":2},{"duration":2,"value":1},{"duration":2,"value":2},{"duration":2,"value":3},{"duration":2,"value":4},{"duration":2,"value":5},{"duration":2},{"duration":2,"value":1},{"duration":2,"value":2},{"duration":2,"value":3},{"duration":2,"value":4},{"duration":2,"value":5},{"duration":2},{"duration":2,"value":1},{"duration":2,"value":2},{"duration":2,"value":3},{"duration":2,"value":4},{"value":5},{"duration":2},{"value":1},{"duration":2,"value":2},{"value":3},{"duration":2,"value":4},{"duration":0,"value":5}]},{"name":"PET6133_piaodaihou1","displayFrame":[{"duration":2},{"duration":2,"value":1},{"duration":2,"value":2},{"duration":2,"value":3},{"duration":2,"value":4},{"duration":2,"value":5},{"duration":2,"value":6},{"duration":2,"value":7},{"duration":2},{"duration":2,"value":1},{"duration":2,"value":2},{"duration":2,"value":3},{"duration":2,"value":4},{"duration":2,"value":5},{"duration":4,"value":6},{"duration":2,"value":5},{"duration":2,"value":6},{"duration":2,"value":7},{"duration":2},{"duration":2,"value":1},{"duration":2,"value":2},{"duration":2,"value":3},{"value":4},{},{"value":5},{"value":1},{"value":6},{"value":2},{"value":7},{"value":3},{},{"value":4},{"value":1},{"value":5},{"value":2},{"value":6},{"value":3},{"value":7},{"duration":2,"value":4},{"duration":2,"value":5},{"duration":2,"value":6},{"value":7},{},{"duration":2,"value":1},{"value":2},{"duration":2,"value":3},{"value":4},{"duration":2,"value":5},{"value":6},{"duration":0,"value":7}]},{"name":"PET6133_piaodaiqian1","displayFrame":[{"duration":2},{"duration":2,"value":1},{"duration":2,"value":2},{"duration":2,"value":3},{"duration":2,"value":4},{"duration":2,"value":5},{"duration":2,"value":6},{"duration":2,"value":7},{"duration":2},{"duration":2,"value":1},{"duration":2,"value":2},{"duration":2,"value":3},{"duration":2,"value":4},{"duration":2,"value":5},{"duration":4,"value":6},{"duration":2,"value":5},{"duration":2,"value":6},{"duration":2,"value":7},{"duration":2},{"duration":2,"value":1},{"duration":2,"value":2},{"duration":2,"value":3},{"duration":2,"value":4},{"duration":2,"value":5},{"duration":2,"value":6},{"duration":2,"value":7},{"duration":2,"value":1},{"duration":2,"value":2},{"duration":2,"value":3},{"duration":2,"value":4},{"duration":2,"value":5},{"duration":2,"value":6},{"duration":2,"value":7},{"duration":2,"value":1},{"duration":2,"value":2},{"duration":2,"value":3},{"duration":2,"value":4},{"duration":2,"value":5},{"value":6},{"duration":0,"value":7}]},{"name":"PET6133_yanjingputong","displayFrame":[{"duration":8,"value":2},{"duration":71},{"duration":0,"value":2}]},{"name":"pet6133_tx_skill_sj_00014","displayFrame":[{"duration":32,"value":-1},{"duration":2},{"duration":2,"value":1},{"duration":2,"value":2},{"duration":2,"value":3},{"duration":2,"value":4},{"duration":2,"value":5},{"duration":2,"value":6},{"duration":2,"value":7},{"duration":2,"value":8},{"duration":2,"value":9},{"duration":2,"value":10},{"duration":2,"value":11},{"duration":2,"value":12},{"duration":2,"value":13},{"duration":2,"value":14},{"duration":2,"value":15},{"duration":2,"value":16},{"duration":2,"value":17},{"duration":11,"value":-1}]},{"name":"pet6133_tx_skill_xl_00000","displayFrame":[{"duration":4,"value":-1},{"duration":2},{"duration":2,"value":1},{"duration":2,"value":2},{"duration":2,"value":3},{"duration":2,"value":4},{"duration":2,"value":5},{"duration":2,"value":6},{"duration":2,"value":7},{"duration":2,"value":8},{"duration":2,"value":9},{"duration":2,"value":10},{"duration":2,"value":11},{"duration":2,"value":12},{"duration":2,"value":13},{"duration":2,"value":14},{"duration":2,"value":15},{"duration":2,"value":16},{"duration":2,"value":17},{"duration":39,"value":-1}]}]},{"duration":30,"name":"stand","bone":[{"name":"bone","translateFrame":[{"duration":15,"tweenEasing":0},{"duration":15,"tweenEasing":0,"y":4},{"duration":0}]},{"name":"yz","scaleFrame":[{"duration":15,"tweenEasing":0},{"duration":15,"tweenEasing":0,"y":1.1},{"duration":0}]},{"name":"PET6133_duzi","rotateFrame":[{"duration":15,"tweenEasing":0},{"duration":15,"tweenEasing":0,"rotate":3.94},{"duration":0}]},{"name":"PET6133_youtui1","rotateFrame":[{"duration":15,"tweenEasing":0},{"duration":15,"tweenEasing":0,"rotate":-5.47},{"duration":0}]},{"name":"PET6133_zuotui1","translateFrame":[{"duration":15,"tweenEasing":0},{"duration":15,"tweenEasing":0,"x":-0.6,"y":-2.87},{"duration":0}]},{"name":"bone2","rotateFrame":[{"duration":15,"tweenEasing":0},{"duration":15,"tweenEasing":0,"rotate":0.46},{"duration":0}]},{"name":"PET6133_bozi","rotateFrame":[{"duration":7,"tweenEasing":0},{"duration":8,"tweenEasing":0,"rotate":-2.84},{"duration":8,"tweenEasing":0,"rotate":-1.3},{"duration":7,"tweenEasing":0,"rotate":1.22},{"duration":0}]},{"name":"PET6133_youshou1","rotateFrame":[{"duration":15,"tweenEasing":0},{"duration":15,"tweenEasing":0,"rotate":-1.63},{"duration":0}]},{"name":"PET6133_youtui5","rotateFrame":[{"duration":15,"tweenEasing":0},{"duration":15,"tweenEasing":0,"rotate":23.5},{"duration":0}]},{"name":"PET6133_zuoshou1","rotateFrame":[{"duration":15,"tweenEasing":0},{"duration":15,"tweenEasing":0,"rotate":5.37},{"duration":0}]},{"name":"PET6133_zuotui4","rotateFrame":[{"duration":15,"tweenEasing":0},{"duration":15,"tweenEasing":0,"rotate":-11},{"duration":0}]},{"name":"PET6133_tou","rotateFrame":[{"duration":7,"tweenEasing":0},{"duration":8,"tweenEasing":0,"rotate":-2.23},{"duration":8,"tweenEasing":0,"rotate":-1.45},{"duration":7,"tweenEasing":0,"rotate":1.15},{"duration":0}]},{"name":"PET6133_youshou2","translateFrame":[{"duration":15,"tweenEasing":0},{"duration":15,"tweenEasing":0,"x":-0.46,"y":-0.89},{"duration":0}],"rotateFrame":[{"duration":15,"tweenEasing":0},{"duration":15,"tweenEasing":0,"rotate":20.66},{"duration":0}]},{"name":"PET6133_youtui4","rotateFrame":[{"duration":15,"tweenEasing":0},{"duration":15,"tweenEasing":0,"rotate":-27.06},{"duration":0}]},{"name":"PET6133_zuoshou2","translateFrame":[{"duration":15,"tweenEasing":0},{"duration":15,"tweenEasing":0,"x":-2.8,"y":-0.48},{"duration":0}],"rotateFrame":[{"duration":15,"tweenEasing":0},{"duration":15,"tweenEasing":0,"rotate":-9.07},{"duration":0}]},{"name":"PET6133_xiaba","rotateFrame":[{"duration":15,"tweenEasing":0},{"duration":15,"tweenEasing":0,"rotate":22.07},{"duration":0}]},{"name":"PET6133_youshou3","translateFrame":[{"duration":15,"tweenEasing":0},{"duration":15,"tweenEasing":0,"x":-0.6,"y":0.7},{"duration":0}],"rotateFrame":[{"duration":15,"tweenEasing":0},{"duration":15,"tweenEasing":0,"rotate":-37.65},{"duration":0}]},{"name":"PET6133_youtui2","translateFrame":[{"duration":15,"tweenEasing":0},{"duration":15,"tweenEasing":0,"x":-0.29,"y":0.84},{"duration":0}],"rotateFrame":[{"duration":15,"tweenEasing":0},{"duration":15,"tweenEasing":0,"rotate":6.17},{"duration":0}]},{"name":"PET6133_zuoshou3","translateFrame":[{"duration":15,"tweenEasing":0},{"duration":15,"tweenEasing":0,"x":-1.23,"y":0.25},{"duration":0}],"rotateFrame":[{"duration":15,"tweenEasing":0},{"duration":15,"tweenEasing":0,"rotate":-15.53},{"duration":0}]},{"name":"PET6133_youshou4","rotateFrame":[{"duration":15,"tweenEasing":0},{"duration":15,"tweenEasing":0,"rotate":11.18},{"duration":0}]},{"name":"PET6133_zuoshou4","translateFrame":[{"duration":15,"tweenEasing":0},{"duration":15,"tweenEasing":0,"x":-1.66,"y":-0.54},{"duration":0}],"rotateFrame":[{"duration":15,"tweenEasing":0},{"duration":15,"tweenEasing":0,"rotate":14.17},{"duration":0}]},{"name":"pet6133_tx_attack_xl_00005","translateFrame":[{"duration":30,"x":1.01,"y":-1.52}]}],"slot":[{"name":"PET6133_fa1","displayFrame":[{"duration":3},{"duration":3,"value":1},{"duration":3,"value":2},{"duration":2,"value":3},{"duration":2,"value":4},{"duration":2,"value":5},{"duration":3},{"duration":3,"value":1},{"duration":3,"value":2},{"duration":3,"value":3},{"duration":3,"value":4},{"duration":0,"value":5}]},{"name":"PET6133_piaodaihou1","displayFrame":[{"duration":2},{"duration":2,"value":1},{"duration":2,"value":2},{"duration":2,"value":3},{"duration":2,"value":4},{"duration":2,"value":5},{"duration":2,"value":6},{"duration":2,"value":7},{"duration":2},{"duration":2,"value":1},{"duration":2,"value":2},{"duration":2,"value":3},{"duration":2,"value":4},{"duration":2,"value":5},{"duration":2,"value":6},{"duration":0,"value":7}]},{"name":"PET6133_piaodaiqian1","displayFrame":[{"duration":2},{"duration":2,"value":1},{"duration":2,"value":2},{"duration":2,"value":3},{"duration":2,"value":4},{"duration":2,"value":5},{"duration":2,"value":6},{"duration":2,"value":7},{"duration":2},{"duration":2,"value":1},{"duration":2,"value":2},{"duration":2,"value":3},{"duration":2,"value":4},{"duration":2,"value":5},{"duration":2,"value":6},{"duration":0,"value":7}]},{"name":"PET6133_yanjingputong","displayFrame":[{"duration":19,"value":2},{"duration":11},{"duration":0,"value":2}]}]},{"duration":26,"name":"walk","bone":[{"name":"PET6133_tou","rotateFrame":[{"duration":7,"tweenEasing":0},{"duration":6,"tweenEasing":0,"rotate":1.79},{"duration":7,"tweenEasing":0},{"duration":6,"tweenEasing":0,"rotate":1.79},{"duration":0}]},{"name":"PET6133_youtui4","rotateFrame":[{"duration":6,"tweenEasing":0,"rotate":-18.91},{"duration":7,"tweenEasing":0,"rotate":-18.2},{"duration":3,"tweenEasing":0,"rotate":-70.33},{"duration":4,"tweenEasing":0,"rotate":-27.2},{"duration":6,"tweenEasing":0,"rotate":-13.57},{"duration":0,"rotate":-18.91}],"scaleFrame":[{"duration":6,"tweenEasing":0},{"duration":7,"tweenEasing":0},{"duration":7,"tweenEasing":0,"x":0.9},{"duration":6,"tweenEasing":0,"x":0.9},{"duration":0}]},{"name":"PET6133_zuoshou1","translateFrame":[{"duration":6,"tweenEasing":0,"x":3.36,"y":-3.04},{"duration":7,"tweenEasing":0,"x":3.36,"y":-3.04},{"duration":6,"tweenEasing":0},{"duration":7,"tweenEasing":0},{"duration":0,"x":3.36,"y":-3.04}],"rotateFrame":[{"duration":6,"tweenEasing":0,"rotate":44.35},{"duration":7,"tweenEasing":0,"rotate":12.99},{"duration":6,"tweenEasing":0,"rotate":1.13},{"duration":7,"tweenEasing":0,"rotate":22.42},{"duration":0,"rotate":44.35}]},{"name":"PET6133_zuoshou4","translateFrame":[{"duration":6,"tweenEasing":0,"x":-0.97,"y":-1.42},{"duration":4,"tweenEasing":0,"x":-1.68,"y":0.7},{"duration":3,"tweenEasing":0,"x":-1.68,"y":0.7},{"duration":6,"tweenEasing":0},{"duration":7,"tweenEasing":0},{"duration":0,"x":-0.97,"y":-1.42}],"rotateFrame":[{"duration":6,"tweenEasing":0,"rotate":-35.44},{"duration":4,"tweenEasing":0,"rotate":55.28},{"duration":3,"tweenEasing":0,"rotate":38.84},{"duration":6,"tweenEasing":0},{"duration":7,"tweenEasing":0,"rotate":-18.07},{"duration":0,"rotate":-35.44}]},{"name":"PET6133_zuoshou3","rotateFrame":[{"duration":6,"tweenEasing":0,"rotate":7.2},{"duration":4,"tweenEasing":0,"rotate":88},{"duration":3,"tweenEasing":0,"rotate":31.22},{"duration":6,"tweenEasing":0},{"duration":7,"tweenEasing":0,"rotate":5.24},{"duration":0,"rotate":7.2}],"scaleFrame":[{"duration":6,"tweenEasing":0},{"duration":4,"tweenEasing":0,"x":0.9},{"duration":3,"tweenEasing":0,"x":0.8},{"duration":13}]},{"name":"PET6133_zuoshou6","translateFrame":[{"duration":7,"tweenEasing":0},{"duration":6,"tweenEasing":0},{"duration":5,"tweenEasing":0,"x":1.51,"y":-0.97},{"duration":8,"tweenEasing":0,"x":1.51,"y":-0.97},{"duration":0}],"rotateFrame":[{"duration":7,"tweenEasing":0,"rotate":-0.37},{"duration":6,"tweenEasing":0,"rotate":-6.97},{"duration":5,"tweenEasing":0,"rotate":-19.78},{"duration":8,"tweenEasing":0,"rotate":6.18},{"duration":0,"rotate":-0.37}]},{"name":"PET6133_xiaba","rotateFrame":[{"duration":6,"tweenEasing":0},{"duration":7,"tweenEasing":0,"rotate":15.6},{"duration":6,"tweenEasing":0},{"duration":7,"tweenEasing":0,"rotate":15.6},{"duration":0}]},{"name":"PET6133_youshou1","translateFrame":[{"duration":7,"tweenEasing":0,"x":1.46,"y":2.74},{"duration":6,"tweenEasing":0,"x":1.46,"y":2.74},{"duration":13,"tweenEasing":0},{"duration":0,"x":1.46,"y":2.74}],"rotateFrame":[{"duration":7,"tweenEasing":0,"rotate":-24.8},{"duration":6,"tweenEasing":0,"rotate":-2.92},{"duration":13,"tweenEasing":0,"rotate":13.35},{"duration":0,"rotate":-24.8}]},{"name":"PET6133_youtui1","translateFrame":[{"duration":13,"tweenEasing":0,"x":0.19,"y":3.03},{"duration":4,"tweenEasing":0,"x":-1.11,"y":4.92},{"duration":9,"tweenEasing":0,"x":-1.11,"y":4.92},{"duration":0,"x":0.19,"y":3.03}],"rotateFrame":[{"duration":13,"tweenEasing":0,"rotate":-6.89},{"duration":4,"tweenEasing":0,"rotate":-50.79},{"duration":9,"tweenEasing":0,"rotate":-50.79},{"duration":0,"rotate":-6.89}]},{"name":"PET6133_zuoshou2","rotateFrame":[{"duration":6,"tweenEasing":0,"rotate":4.92},{"duration":7,"tweenEasing":0,"rotate":-8.91},{"duration":6,"tweenEasing":0,"rotate":1.13},{"duration":7,"tweenEasing":0,"rotate":4.81},{"duration":0,"rotate":4.92}]},{"name":"bone","translateFrame":[{"duration":7,"tweenEasing":0},{"duration":6,"tweenEasing":0,"y":-5},{"duration":6,"tweenEasing":0},{"duration":7,"tweenEasing":0,"y":-5},{"duration":0}]},{"name":"PET6133_youshou4","rotateFrame":[{"duration":7,"tweenEasing":0,"rotate":32.38},{"duration":6,"tweenEasing":0,"rotate":10.72},{"duration":6,"tweenEasing":0,"rotate":-7.05},{"duration":7,"tweenEasing":0,"rotate":51.46},{"duration":0,"rotate":32.38}]},{"name":"PET6133_zuotui4","translateFrame":[{"duration":7,"tweenEasing":0},{"duration":6,"tweenEasing":0,"x":2.89,"y":-0.93},{"duration":5,"tweenEasing":0},{"duration":8,"tweenEasing":0,"x":-0.04,"y":-1.92},{"duration":0}],"rotateFrame":[{"duration":7,"tweenEasing":0,"rotate":3.35},{"duration":6,"tweenEasing":0,"rotate":9.71},{"duration":5,"tweenEasing":0,"rotate":8.01},{"duration":8,"tweenEasing":0,"rotate":56.09},{"duration":0,"rotate":3.35}]},{"name":"PET6133_youshou2","translateFrame":[{"duration":7,"tweenEasing":0,"x":1.5,"y":0.1},{"duration":6,"tweenEasing":0,"x":1.5,"y":0.1},{"duration":10,"tweenEasing":0},{"duration":3,"tweenEasing":0},{"duration":0,"x":1.5,"y":0.1}],"rotateFrame":[{"duration":7,"tweenEasing":0,"rotate":-34.43},{"duration":6,"tweenEasing":0,"rotate":-20.79},{"duration":6,"tweenEasing":0,"rotate":-11.57},{"duration":4,"tweenEasing":0,"rotate":-41.04},{"duration":3,"tweenEasing":0,"rotate":-51.81},{"duration":0,"rotate":-34.43}]},{"name":"PET6133_bozi","rotateFrame":[{"duration":7,"tweenEasing":0},{"duration":6,"tweenEasing":0,"rotate":1.79},{"duration":7,"tweenEasing":0},{"duration":6,"tweenEasing":0,"rotate":1.79},{"duration":0}]},{"name":"PET6133_zuotui1","rotateFrame":[{"duration":13,"tweenEasing":0,"rotate":-1.9},{"duration":13,"tweenEasing":0,"rotate":27.76},{"duration":0,"rotate":-1.9}]},{"name":"PET6133_youtui2","translateFrame":[{"duration":6,"tweenEasing":0},{"duration":7,"tweenEasing":0,"x":0.18,"y":1.13},{"duration":7,"tweenEasing":0},{"duration":6,"tweenEasing":0,"x":-0.02,"y":0.83},{"duration":0}],"rotateFrame":[{"duration":6,"tweenEasing":0,"rotate":14.01},{"duration":7,"tweenEasing":0,"rotate":44.21},{"duration":7,"tweenEasing":0,"rotate":23.58},{"duration":6,"tweenEasing":0,"rotate":19.94},{"duration":0,"rotate":14.01}]},{"name":"PET6133_youshou3","translateFrame":[{"duration":13,"tweenEasing":0},{"duration":6,"tweenEasing":0},{"duration":4,"tweenEasing":0,"x":0.71,"y":0.3},{"duration":3,"tweenEasing":0,"x":0.71,"y":0.3},{"duration":0}],"rotateFrame":[{"duration":7,"tweenEasing":0,"rotate":21.04},{"duration":6,"tweenEasing":0,"rotate":17.48},{"duration":6,"tweenEasing":0,"rotate":11.96},{"duration":4,"tweenEasing":0,"rotate":92.28},{"duration":3,"tweenEasing":0,"rotate":47.3},{"duration":0,"rotate":21.04}],"scaleFrame":[{"duration":13,"tweenEasing":0},{"duration":6,"tweenEasing":0},{"duration":4,"tweenEasing":0,"x":0.8},{"duration":3,"tweenEasing":0,"x":0.8},{"duration":0}]},{"name":"PET6133_youtui5","translateFrame":[{"duration":6,"tweenEasing":0},{"duration":7,"tweenEasing":0},{"duration":7,"tweenEasing":0,"x":2.18,"y":-0.55},{"duration":6,"tweenEasing":0,"x":2.18,"y":-0.55},{"duration":0}],"rotateFrame":[{"duration":6,"tweenEasing":0,"rotate":19.11},{"duration":7,"tweenEasing":0,"rotate":63.49},{"duration":3,"tweenEasing":0,"rotate":73.95},{"duration":4,"tweenEasing":0,"rotate":32.71},{"duration":6,"tweenEasing":0,"rotate":24.19},{"duration":0,"rotate":19.11}]},{"name":"pet6133_tx_attack_xl_00005","translateFrame":[{"duration":26,"x":1.01,"y":-1.52}]}],"slot":[{"name":"PET6133_fa1","displayFrame":[{"duration":3},{"duration":2,"value":1},{"duration":2,"value":2},{"duration":3,"value":3},{"duration":3,"value":4},{"duration":2,"value":5},{"duration":2},{"duration":2,"value":1},{"duration":3,"value":2},{"duration":2,"value":3},{"duration":2,"value":4},{"duration":0,"value":5}]},{"name":"PET6133_piaodaihou1","displayFrame":[{},{"duration":2,"value":1},{"duration":2,"value":2},{"duration":2,"value":3},{"duration":2,"value":4},{"duration":2,"value":5},{"duration":2,"value":6},{"duration":2,"value":7},{"duration":2},{"duration":2,"value":1},{"duration":2,"value":2},{"duration":2,"value":3},{"duration":2,"value":4},{"value":5},{"duration":0,"value":6}]},{"name":"PET6133_piaodaiqian1","displayFrame":[{},{"duration":2,"value":1},{"duration":2,"value":2},{"duration":2,"value":3},{"duration":2,"value":4},{"duration":2,"value":5},{"duration":2,"value":6},{"duration":2,"value":7},{"duration":2},{"duration":2,"value":1},{"duration":2,"value":2},{"duration":2,"value":3},{"duration":2,"value":4},{"value":5},{"duration":0,"value":6}]}]},{"duration":42,"name":"win","bone":[{"name":"PET6133_tou","rotateFrame":[{"duration":7,"tweenEasing":0},{"duration":9,"tweenEasing":0,"rotate":12.04},{"duration":6,"tweenEasing":0,"rotate":7.58},{"duration":13,"tweenEasing":0,"rotate":16.48},{"duration":7,"tweenEasing":0,"rotate":3.47},{"duration":0}]},{"name":"PET6133_youtui4","rotateFrame":[{"duration":7,"tweenEasing":0},{"duration":9,"tweenEasing":0,"rotate":7.38},{"duration":6,"tweenEasing":0,"rotate":-27.06},{"duration":13,"tweenEasing":0,"rotate":12.24},{"duration":7,"tweenEasing":0,"rotate":27.96},{"duration":0}]},{"name":"PET6133_zuoshou4","translateFrame":[{"duration":7},{"duration":9,"tweenEasing":0},{"duration":6,"tweenEasing":0,"x":-1.66,"y":-0.54},{"duration":13,"tweenEasing":0,"x":-0.47,"y":-0.15},{"duration":7}],"rotateFrame":[{"duration":7},{"duration":9,"tweenEasing":0},{"duration":6,"tweenEasing":0,"rotate":14.17},{"duration":13,"tweenEasing":0,"rotate":4.05},{"duration":7}]},{"name":"PET6133_zuoshou3","translateFrame":[{"duration":7,"tweenEasing":0},{"duration":9,"tweenEasing":0},{"duration":6,"tweenEasing":0,"x":-1.23,"y":0.25},{"duration":13,"tweenEasing":0,"x":-0.35,"y":0.07},{"duration":7}],"rotateFrame":[{"duration":7,"tweenEasing":0},{"duration":9,"tweenEasing":0,"rotate":0.92},{"duration":6,"tweenEasing":0,"rotate":-15.53},{"duration":13,"tweenEasing":0,"rotate":-3.77},{"duration":7,"tweenEasing":0,"rotate":0.92},{"duration":0}]},{"name":"PET6133_duzi","rotateFrame":[{"duration":7,"tweenEasing":0},{"duration":9,"tweenEasing":0,"rotate":-4.87},{"duration":6,"tweenEasing":0,"rotate":3.94},{"duration":13,"tweenEasing":0,"rotate":-2.35},{"duration":7,"tweenEasing":0,"rotate":-4.87},{"duration":0}]},{"name":"PET6133_xiaba","rotateFrame":[{"duration":7,"tweenEasing":0},{"duration":9,"tweenEasing":0,"rotate":14.53},{"duration":6,"tweenEasing":0,"rotate":7.82},{"duration":13,"tweenEasing":0,"rotate":33.21},{"duration":7,"tweenEasing":0,"rotate":37.9},{"duration":0}]},{"name":"PET6133_zuoshou6","rotateFrame":[{"duration":7,"tweenEasing":0},{"duration":28,"rotate":4.89},{"duration":7,"tweenEasing":0,"rotate":4.89},{"duration":0}]},{"name":"PET6133_youshou1","translateFrame":[{"duration":16,"tweenEasing":0},{"duration":6,"tweenEasing":0},{"duration":13,"tweenEasing":0,"x":-0.9,"y":0.45},{"duration":7,"tweenEasing":0,"x":-1.26,"y":0.63},{"duration":0}],"rotateFrame":[{"duration":7,"tweenEasing":0},{"duration":9,"tweenEasing":0,"rotate":13.01},{"duration":6,"tweenEasing":0,"rotate":-1.63},{"duration":13,"tweenEasing":0,"rotate":18.49},{"duration":7,"tweenEasing":0,"rotate":26.54},{"duration":0}]},{"name":"PET6133_youtui1","rotateFrame":[{"duration":7,"tweenEasing":0},{"duration":9,"tweenEasing":0,"rotate":0.55},{"duration":6,"tweenEasing":0,"rotate":-5.47},{"duration":13,"tweenEasing":0,"rotate":4.23},{"duration":7,"tweenEasing":0,"rotate":8.11},{"duration":0}]},{"name":"PET6133_zuoshou2","translateFrame":[{"duration":7,"tweenEasing":0},{"duration":9,"tweenEasing":0,"x":1.42,"y":-0.51},{"duration":6,"tweenEasing":0,"x":-2.8,"y":-0.48},{"duration":13,"tweenEasing":0,"x":0.21,"y":-0.5},{"duration":7,"tweenEasing":0,"x":1.42,"y":-0.51},{"duration":0}],"rotateFrame":[{"duration":7,"tweenEasing":0},{"duration":9,"tweenEasing":0,"rotate":8.18},{"duration":6,"tweenEasing":0,"rotate":-9.07},{"duration":13,"tweenEasing":0,"rotate":0.85},{"duration":7,"tweenEasing":0,"rotate":4.83},{"duration":0}]},{"name":"bone","translateFrame":[{"duration":7},{"duration":9,"tweenEasing":0},{"duration":6,"tweenEasing":0,"y":4},{"duration":13,"tweenEasing":0,"x":7.14,"y":1.14},{"duration":7,"tweenEasing":0,"x":10},{"duration":0}]},{"name":"PET6133_youshou4","rotateFrame":[{"duration":7,"tweenEasing":0},{"duration":9,"tweenEasing":0,"rotate":6.98},{"duration":6,"tweenEasing":0,"rotate":11.18},{"duration":13,"tweenEasing":0,"rotate":8.18},{"duration":7,"tweenEasing":0,"rotate":6.98},{"duration":0}]},{"name":"PET6133_zuotui4","rotateFrame":[{"duration":7,"tweenEasing":0},{"duration":9,"tweenEasing":0,"rotate":4.89},{"duration":6,"tweenEasing":0,"rotate":-11},{"duration":13,"tweenEasing":0,"rotate":0.35},{"duration":7,"tweenEasing":0,"rotate":4.89},{"duration":0}]},{"name":"PET6133_bozi","rotateFrame":[{"duration":7,"tweenEasing":0},{"duration":9,"tweenEasing":0,"rotate":4.65},{"duration":6,"tweenEasing":0,"rotate":8.85},{"duration":13,"tweenEasing":0,"rotate":-3.73},{"duration":7,"tweenEasing":0,"rotate":-2.29},{"duration":0}]},{"name":"PET6133_zuotui1","translateFrame":[{"duration":7,"tweenEasing":0},{"duration":9,"tweenEasing":0},{"duration":6,"tweenEasing":0,"x":-0.6,"y":-2.87},{"duration":13,"tweenEasing":0,"x":-0.17,"y":-0.82},{"duration":7}],"rotateFrame":[{"duration":7,"tweenEasing":0},{"duration":9,"tweenEasing":0,"rotate":1.81},{"duration":6,"tweenEasing":0},{"duration":13,"tweenEasing":0,"rotate":6.75},{"duration":7,"tweenEasing":0,"rotate":9.46},{"duration":0}]},{"name":"PET6133_zuoshou1","translateFrame":[{"duration":7,"tweenEasing":0},{"duration":28,"tweenEasing":0,"x":-0.66,"y":2.99},{"duration":7,"tweenEasing":0,"x":-0.66,"y":2.99},{"duration":0}],"rotateFrame":[{"duration":7,"tweenEasing":0},{"duration":9,"tweenEasing":0,"rotate":3.59},{"duration":6,"tweenEasing":0,"rotate":5.37},{"duration":13,"tweenEasing":0,"rotate":16.81},{"duration":7,"tweenEasing":0,"rotate":21.39},{"duration":0}]},{"name":"PET6133_youtui2","translateFrame":[{"duration":7,"tweenEasing":0},{"duration":9,"tweenEasing":0},{"duration":6,"tweenEasing":0,"x":-0.29,"y":0.84},{"duration":13,"tweenEasing":0,"x":-0.08,"y":0.24},{"duration":7}],"rotateFrame":[{"duration":7,"tweenEasing":0},{"duration":9,"tweenEasing":0,"rotate":-3.28},{"duration":6,"tweenEasing":0,"rotate":6.17},{"duration":13,"tweenEasing":0,"rotate":-2.17},{"duration":7,"tweenEasing":0,"rotate":-5.51},{"duration":0}]},{"name":"PET6133_youshou3","translateFrame":[{"duration":7,"tweenEasing":0},{"duration":9,"tweenEasing":0},{"duration":6,"tweenEasing":0,"x":-0.6,"y":0.7},{"duration":13,"tweenEasing":0,"x":-0.17,"y":0.2},{"duration":7}],"rotateFrame":[{"duration":7,"tweenEasing":0},{"duration":9,"tweenEasing":0,"rotate":14.67},{"duration":6,"tweenEasing":0,"rotate":-37.65},{"duration":13,"tweenEasing":0,"rotate":0.58},{"duration":7,"tweenEasing":0,"rotate":15.88},{"duration":0}]},{"name":"yz","scaleFrame":[{"duration":7,"tweenEasing":0},{"duration":9,"tweenEasing":0,"y":0.9},{"duration":19,"tweenEasing":0,"y":1.1},{"duration":7,"tweenEasing":0,"y":0.9},{"duration":0}]},{"name":"bone2","rotateFrame":[{"duration":7,"tweenEasing":0},{"duration":9,"tweenEasing":0,"rotate":-4.87},{"duration":6,"tweenEasing":0,"rotate":0.46},{"duration":13,"tweenEasing":0,"rotate":-7.57},{"duration":7,"tweenEasing":0,"rotate":-10.78},{"duration":0}]},{"name":"PET6133_youtui5","rotateFrame":[{"duration":7,"tweenEasing":0},{"duration":9,"tweenEasing":0,"rotate":1.54},{"duration":6,"tweenEasing":0,"rotate":23.5},{"duration":13,"tweenEasing":0,"rotate":-1.76},{"duration":7,"tweenEasing":0,"rotate":-11.87},{"duration":0}]},{"name":"PET6133_youshou2","translateFrame":[{"duration":7,"tweenEasing":0},{"duration":9,"tweenEasing":0,"x":2.97,"y":-0.5},{"duration":6,"tweenEasing":0,"x":-0.46,"y":-0.89},{"duration":13,"tweenEasing":0,"x":1.98,"y":-0.61},{"duration":7,"tweenEasing":0,"x":2.97,"y":-0.5},{"duration":0}],"rotateFrame":[{"duration":7,"tweenEasing":0},{"duration":9,"tweenEasing":0,"rotate":-17.77},{"duration":6,"tweenEasing":0,"rotate":20.66},{"duration":13,"tweenEasing":0,"rotate":-7.75},{"duration":7,"tweenEasing":0,"rotate":-19.11},{"duration":0}]},{"name":"pet6133_tx_attack_xl_00005","translateFrame":[{"duration":42,"x":1.01,"y":-1.52}]}],"slot":[{"name":"PET6133_fa1","displayFrame":[{"duration":2},{"duration":2,"value":1},{"duration":2,"value":2},{"duration":2,"value":3},{"duration":2,"value":4},{"duration":2,"value":5},{"duration":2},{"duration":2,"value":1},{"duration":2,"value":2},{"duration":3,"value":3},{"duration":2,"value":4},{"duration":2,"value":5},{"duration":3},{"duration":3,"value":1},{"duration":3,"value":2},{"duration":3,"value":3},{"duration":3,"value":4},{"duration":2,"value":5},{"duration":0}]},{"name":"PET6133_piaodaihou1","displayFrame":[{},{"duration":2,"value":1},{"duration":2,"value":2},{"duration":2,"value":3},{"duration":2,"value":4},{"duration":2,"value":5},{"duration":2,"value":6},{"duration":2,"value":7},{},{"duration":2,"value":1},{"duration":2,"value":2},{"duration":2,"value":3},{"duration":2,"value":4},{"duration":2,"value":5},{"duration":2,"value":6},{"duration":2,"value":7},{},{"duration":2,"value":1},{"duration":2,"value":2},{"duration":2,"value":3},{"duration":2,"value":4},{"duration":2,"value":5},{"value":6},{"duration":0}]},{"name":"PET6133_piaodaiqian1","displayFrame":[{},{"duration":2,"value":1},{"duration":2,"value":2},{"duration":2,"value":3},{"duration":2,"value":4},{"duration":2,"value":5},{"duration":2,"value":6},{"duration":2,"value":7},{},{"duration":2,"value":1},{"duration":2,"value":2},{"duration":2,"value":3},{"duration":2,"value":4},{"duration":2,"value":5},{"duration":2,"value":6},{"duration":2,"value":7},{},{"duration":2,"value":1},{"duration":2,"value":2},{"duration":2,"value":3},{"duration":2,"value":4},{"duration":2,"value":5},{"value":6},{"duration":0}]},{"name":"PET6133_yanjingputong","displayFrame":[{"duration":7,"value":2},{"duration":35,"value":3},{"duration":0,"value":2}]}]}],"defaultActions":[{"gotoAndPlay":"attack"}]}]}