{"imagePath":"P6133_tex.png","width":1024,"height":2048,"name":"P6133","SubTexture":[{"width":120,"y":612,"height":24,"name":"pet_yinying","x":1},{"frameY":-20,"y":1572,"frameWidth":199,"frameHeight":93,"width":153,"height":62,"name":"PET6133_piaodaihou3","frameX":-30,"x":748},{"frameY":-18,"y":923,"frameWidth":199,"frameHeight":93,"width":153,"height":65,"name":"PET6133_piaodaihou4","frameX":-22,"x":307},{"frameY":-18,"y":1672,"frameWidth":199,"frameHeight":93,"width":143,"height":61,"name":"PET6133_piaodaihou5","frameX":-18,"x":573},{"frameY":-14,"y":1815,"frameWidth":199,"frameHeight":93,"width":151,"height":45,"name":"PET6133_piaodaihou6","frameX":-9,"x":706},{"frameY":-15,"y":828,"frameWidth":199,"frameHeight":93,"width":176,"height":55,"name":"PET6133_piaodaihou1","frameX":-3,"x":820},{"frameY":-10,"y":1614,"frameWidth":199,"frameHeight":93,"width":161,"height":56,"name":"PET6133_piaodaihou7","frameX":-4,"x":573},{"frameY":-13,"y":1551,"frameWidth":199,"frameHeight":93,"width":173,"height":61,"name":"PET6133_piaodaihou2","frameX":-18,"x":573},{"frameY":-17,"y":1705,"frameWidth":199,"frameHeight":93,"width":169,"height":50,"name":"PET6133_piaodaihou8","frameX":-6,"x":718},{"frameY":-2,"y":799,"frameWidth":33,"frameHeight":37,"width":23,"height":30,"name":"PET6133_zuoshou3","frameX":-4,"x":481},{"frameY":-3,"y":765,"frameWidth":29,"frameHeight":40,"width":22,"height":32,"name":"PET6133_zuoshou2","frameX":-3,"x":481},{"frameY":-6,"y":828,"frameWidth":36,"frameHeight":40,"width":24,"height":30,"name":"PET6133_zuoshou1","frameX":-6,"x":998},{"frameY":-7,"y":973,"frameWidth":29,"frameHeight":31,"width":17,"height":14,"name":"PET6133_zuoshou4","frameX":-8,"x":462},{"frameY":-5,"y":860,"frameWidth":29,"frameHeight":40,"width":17,"height":27,"name":"PET6133_zuotui4","frameX":-4,"x":998},{"frameY":-6,"y":1665,"frameWidth":36,"frameHeight":62,"width":27,"height":48,"name":"PET6133_zuotui1","frameX":-5,"x":181},{"frameY":-7,"y":1554,"frameWidth":29,"frameHeight":31,"width":17,"height":14,"name":"PET6133_zuoshou6","frameX":-8,"x":1003},{"frameY":-4,"y":1551,"frameWidth":36,"frameHeight":26,"width":19,"height":17,"name":"PET6133_youtui2","frameX":-10,"x":748},{"frameY":-4,"y":1685,"frameWidth":155,"frameHeight":71,"width":136,"height":60,"name":"PET6133_fa2","frameX":-14,"x":430},{"frameY":-7,"y":1757,"frameWidth":155,"frameHeight":71,"width":124,"height":56,"name":"PET6133_fa3","frameX":-21,"x":706},{"frameY":-10,"y":1735,"frameWidth":155,"frameHeight":71,"width":135,"height":52,"name":"PET6133_fa4","frameX":-10,"x":569},{"frameY":-8,"y":1747,"frameWidth":155,"frameHeight":71,"width":137,"height":55,"name":"PET6133_fa5","frameX":-8,"x":430},{"frameY":-6,"y":1636,"frameWidth":155,"frameHeight":71,"width":139,"height":65,"name":"PET6133_fa6","frameX":-8,"x":736},{"frameY":-4,"y":1636,"frameWidth":155,"frameHeight":71,"width":132,"height":67,"name":"PET6133_fa1","frameX":-13,"x":877},{"frameY":-3,"y":954,"frameWidth":30,"frameHeight":24,"width":16,"height":17,"name":"PET6133_youshou4","frameX":-12,"x":462},{"width":97,"y":1763,"height":62,"name":"PET6133_duzi","x":859},{"frameY":-6,"y":1523,"frameWidth":38,"frameHeight":41,"width":31,"height":29,"name":"PET6133_bozi","frameX":-3,"x":983},{"frameY":-1,"y":1672,"frameWidth":26,"frameHeight":38,"width":16,"height":31,"name":"PET6133_youtui4","frameX":-5,"x":718},{"frameY":-4,"y":1791,"frameWidth":36,"frameHeight":32,"width":25,"height":22,"name":"PET6133_youtui5","frameX":-5,"x":832},{"frameY":-3,"y":923,"frameWidth":23,"frameHeight":37,"width":14,"height":29,"name":"PET6133_youshou3","frameX":-5,"x":462},{"frameY":-4,"y":1757,"frameWidth":31,"frameHeight":42,"width":23,"height":32,"name":"PET6133_youshou2","frameX":-4,"x":832},{"frameY":-3,"y":1435,"frameWidth":48,"frameHeight":59,"width":34,"height":48,"name":"PET6133_youtui1","frameX":-10,"x":983},{"frameY":-2,"y":989,"frameWidth":27,"frameHeight":16,"width":17,"height":12,"name":"PET6133_xiaba","frameX":-3,"x":462},{"frameY":-4,"y":1485,"frameWidth":38,"frameHeight":47,"width":28,"height":36,"name":"PET6133_youshou1","frameX":-4,"x":983},{"frameY":-5,"y":608,"frameWidth":43,"frameHeight":37,"width":32,"height":26,"name":"PET6133_tou","frameX":-5,"x":933},{"frameY":-6,"y":1621,"frameWidth":26,"frameHeight":20,"width":10,"height":5,"name":"PET6133_yanjingbiyan","frameX":-8,"x":736},{"frameY":-6,"y":1614,"frameWidth":26,"frameHeight":20,"width":10,"height":5,"name":"PET6133_yanjingshengli","frameX":-8,"x":736},{"frameY":-2,"y":1554,"frameWidth":26,"frameHeight":20,"width":18,"height":14,"name":"PET6133_yanjinggongji","frameX":-3,"x":983},{"frameY":-5,"y":1715,"frameWidth":26,"frameHeight":20,"width":11,"height":7,"name":"PET6133_yanjingshouji","frameX":-7,"x":181},{"frameY":-6,"y":1715,"frameWidth":26,"frameHeight":20,"width":10,"height":5,"name":"PET6133_yanjingputong","frameX":-8,"x":194},{"frameY":-10,"y":1763,"frameWidth":76,"frameHeight":83,"width":45,"height":58,"name":"PET6133_shuijing1","frameX":-16,"x":958},{"frameY":-14,"y":1726,"frameWidth":140,"frameHeight":87,"width":104,"height":50,"name":"PET6133_piaodaiqian6","frameX":-12,"x":131},{"frameY":-10,"y":1789,"frameWidth":140,"frameHeight":87,"width":126,"height":54,"name":"PET6133_piaodaiqian1","frameX":-3,"x":569},{"frameY":-12,"y":1827,"frameWidth":140,"frameHeight":87,"width":109,"height":55,"name":"PET6133_piaodaiqian7","frameX":-27,"x":859},{"frameY":-12,"y":1572,"frameWidth":140,"frameHeight":87,"width":107,"height":59,"name":"PET6133_piaodaiqian2","frameX":-11,"x":903},{"frameY":-7,"y":1705,"frameWidth":140,"frameHeight":87,"width":131,"height":56,"name":"PET6133_piaodaiqian8","frameX":-1,"x":889},{"frameY":-11,"y":538,"frameWidth":140,"frameHeight":87,"width":80,"height":68,"name":"PET6133_piaodaiqian3","frameX":-17,"x":933},{"frameY":-18,"y":1172,"frameWidth":140,"frameHeight":87,"width":72,"height":65,"name":"PET6133_piaodaiqian4","frameX":-25,"x":446},{"frameY":-16,"y":471,"frameWidth":140,"frameHeight":87,"width":90,"height":65,"name":"PET6133_piaodaiqian5","frameX":-18,"x":933},{"frameY":-15,"y":1268,"frameWidth":198,"frameHeight":205,"width":168,"height":165,"name":"pet6133_tx_attack_xl_00010","frameX":-12,"x":850},{"frameY":-75,"y":1665,"frameWidth":198,"frameHeight":205,"width":48,"height":49,"name":"pet6133_tx_attack_xl_00005","frameX":-73,"x":131},{"frameY":-32,"y":1551,"frameWidth":198,"frameHeight":205,"width":137,"height":132,"name":"pet6133_tx_attack_xl_00011","frameX":-27,"x":434},{"frameY":-15,"y":1268,"frameWidth":198,"frameHeight":205,"width":183,"height":182,"name":"pet6133_tx_attack_xl_00006","frameX":-9,"x":665},{"frameY":-9,"y":639,"frameWidth":198,"frameHeight":205,"width":190,"height":187,"name":"pet6133_tx_attack_xl_00007","frameX":-5,"x":820},{"frameY":-6,"y":890,"frameWidth":198,"frameHeight":205,"width":192,"height":190,"name":"pet6133_tx_attack_xl_00008","frameX":-2,"x":809},{"frameY":-7,"y":1082,"frameWidth":198,"frameHeight":205,"width":186,"height":184,"name":"pet6133_tx_attack_xl_00009","frameX":-5,"x":805},{"frameY":-8,"y":528,"frameWidth":243,"frameHeight":100,"width":221,"height":82,"name":"pet6133_tx_attack_zd_00013","frameX":-15,"x":1},{"frameY":-8,"y":1642,"frameWidth":243,"frameHeight":100,"width":218,"height":82,"name":"pet6133_tx_attack_zd_00012","frameX":-18,"x":210},{"frameY":-8,"y":639,"frameWidth":361,"frameHeight":140,"width":304,"height":125,"name":"pet6133_tx_skill_sj_00024","frameX":-12,"x":509},{"frameY":-13,"y":1452,"frameWidth":361,"frameHeight":140,"width":195,"height":118,"name":"pet6133_tx_skill_sj_00014","frameX":-12,"x":786},{"frameY":-6,"y":1004,"frameWidth":361,"frameHeight":140,"width":276,"height":126,"name":"pet6133_tx_skill_sj_00025","frameX":-12,"x":527},{"frameY":-7,"y":924,"frameWidth":361,"frameHeight":140,"width":304,"height":119,"name":"pet6133_tx_skill_sj_00015","frameX":-12,"x":1},{"frameY":-10,"y":125,"frameWidth":361,"frameHeight":140,"width":349,"height":119,"name":"pet6133_tx_skill_sj_00026","frameX":-12,"x":352},{"frameY":-8,"y":1132,"frameWidth":361,"frameHeight":140,"width":276,"height":124,"name":"pet6133_tx_skill_sj_00016","frameX":-12,"x":527},{"frameY":-13,"y":250,"frameWidth":361,"frameHeight":140,"width":340,"height":119,"name":"pet6133_tx_skill_sj_00027","frameX":-12,"x":1},{"frameY":-6,"y":1,"frameWidth":361,"frameHeight":140,"width":349,"height":126,"name":"pet6133_tx_skill_sj_00017","frameX":-12,"x":1},{"frameY":-10,"y":1,"frameWidth":361,"frameHeight":140,"width":348,"height":122,"name":"pet6133_tx_skill_sj_00028","frameX":-12,"x":352},{"frameY":-10,"y":246,"frameWidth":361,"frameHeight":140,"width":340,"height":119,"name":"pet6133_tx_skill_sj_00018","frameX":-12,"x":351},{"frameY":-11,"y":644,"frameWidth":361,"frameHeight":140,"width":309,"height":121,"name":"pet6133_tx_skill_sj_00029","frameX":-12,"x":1},{"frameY":-13,"y":129,"frameWidth":361,"frameHeight":140,"width":348,"height":119,"name":"pet6133_tx_skill_sj_00019","frameX":-12,"x":1},{"frameY":-17,"y":890,"frameWidth":361,"frameHeight":140,"width":326,"height":112,"name":"pet6133_tx_skill_sj_00030","frameX":-12,"x":481},{"frameY":-10,"y":766,"frameWidth":361,"frameHeight":140,"width":309,"height":122,"name":"pet6133_tx_skill_sj_00020","frameX":-12,"x":509},{"frameY":-15,"y":1452,"frameWidth":361,"frameHeight":140,"width":338,"height":97,"name":"pet6133_tx_skill_sj_00031","frameX":-12,"x":446},{"frameY":-11,"y":348,"frameWidth":361,"frameHeight":140,"width":326,"height":121,"name":"pet6133_tx_skill_sj_00021","frameX":-12,"x":693},{"frameY":-13,"y":367,"frameWidth":361,"frameHeight":140,"width":338,"height":118,"name":"pet6133_tx_skill_sj_00022","frameX":-12,"x":343},{"frameY":-7,"y":644,"frameWidth":361,"frameHeight":140,"width":195,"height":119,"name":"pet6133_tx_skill_sj_00023","frameX":-12,"x":312},{"frameY":-11,"y":1004,"frameWidth":265,"frameHeight":197,"width":218,"height":166,"name":"pet6133_tx_skill_xl_00005","frameX":-46,"x":307},{"frameY":-21,"y":1486,"frameWidth":265,"frameHeight":197,"width":213,"height":154,"name":"pet6133_tx_skill_xl_00006","frameX":-47,"x":219},{"frameY":-38,"y":487,"frameWidth":265,"frameHeight":197,"width":159,"height":129,"name":"pet6133_tx_skill_xl_00016","frameX":-94,"x":509},{"frameY":-21,"y":1329,"frameWidth":265,"frameHeight":197,"width":216,"height":155,"name":"pet6133_tx_skill_xl_00007","frameX":-39,"x":220},{"frameY":-37,"y":1665,"frameWidth":265,"frameHeight":197,"width":128,"height":128,"name":"pet6133_tx_skill_xl_00017","frameX":-100,"x":1},{"frameY":-20,"y":1172,"frameWidth":265,"frameHeight":197,"width":217,"height":155,"name":"pet6133_tx_skill_xl_00008","frameX":-47,"x":227},{"frameY":-20,"y":767,"frameWidth":265,"frameHeight":197,"width":238,"height":155,"name":"pet6133_tx_skill_xl_00009","frameX":-26,"x":1},{"frameY":-31,"y":1516,"frameWidth":265,"frameHeight":197,"width":207,"height":147,"name":"pet6133_tx_skill_xl_00015","frameX":-55,"x":1},{"frameY":-13,"y":1,"frameWidth":265,"frameHeight":197,"width":238,"height":172,"name":"pet6133_tx_skill_xl_00010","frameX":-27,"x":703},{"frameY":-20,"y":371,"frameWidth":265,"frameHeight":197,"width":254,"height":155,"name":"pet6133_tx_skill_xl_00000","frameX":-10,"x":1},{"frameY":-27,"y":1359,"frameWidth":265,"frameHeight":197,"width":216,"height":155,"name":"pet6133_tx_skill_xl_00011","frameX":-39,"x":1},{"frameY":-20,"y":487,"frameWidth":265,"frameHeight":197,"width":250,"height":155,"name":"pet6133_tx_skill_xl_00001","frameX":-14,"x":257},{"frameY":-29,"y":1258,"frameWidth":265,"frameHeight":197,"width":217,"height":154,"name":"pet6133_tx_skill_xl_00012","frameX":-47,"x":446},{"frameY":-20,"y":1202,"frameWidth":265,"frameHeight":197,"width":217,"height":155,"name":"pet6133_tx_skill_xl_00002","frameX":-47,"x":1},{"frameY":-29,"y":767,"frameWidth":265,"frameHeight":197,"width":238,"height":154,"name":"pet6133_tx_skill_xl_00013","frameX":-26,"x":241},{"frameY":-21,"y":1045,"frameWidth":265,"frameHeight":197,"width":224,"height":155,"name":"pet6133_tx_skill_xl_00003","frameX":-41,"x":1},{"frameY":-19,"y":175,"frameWidth":265,"frameHeight":197,"width":238,"height":171,"name":"pet6133_tx_skill_xl_00014","frameX":-27,"x":703},{"frameY":-14,"y":471,"frameWidth":265,"frameHeight":197,"width":238,"height":166,"name":"pet6133_tx_skill_xl_00004","frameX":-27,"x":693}]}