{"imagePath":"205_tex.png","width":512,"height":256,"name":"205","SubTexture":[{"frameY":0,"y":128,"frameWidth":99,"frameHeight":128,"width":80,"height":126,"name":"buff_zhuoshao/buff_zhuoshao_00052","frameX":-19,"x":1},{"frameY":-4,"y":1,"frameWidth":99,"frameHeight":128,"width":66,"height":122,"name":"buff_zhuoshao/buff_zhuoshao_00055","frameX":-20,"x":236},{"frameY":-13,"y":122,"frameWidth":99,"frameHeight":128,"width":61,"height":113,"name":"buff_zhuoshao/buff_zhuoshao_00057","frameX":-20,"x":305},{"frameY":-2,"y":126,"frameWidth":99,"frameHeight":128,"width":71,"height":124,"name":"buff_zhuoshao/buff_zhuoshao_00049","frameX":-19,"x":165},{"frameY":-1,"y":1,"frameWidth":99,"frameHeight":128,"width":82,"height":125,"name":"buff_zhuoshao/buff_zhuoshao_00054","frameX":-17,"x":1},{"frameY":-6,"y":1,"frameWidth":99,"frameHeight":128,"width":63,"height":119,"name":"buff_zhuoshao/buff_zhuoshao_00048","frameX":-20,"x":304},{"frameY":-3,"y":1,"frameWidth":99,"frameHeight":128,"width":72,"height":123,"name":"buff_zhuoshao/buff_zhuoshao_00051","frameX":-19,"x":162},{"frameY":-3,"y":1,"frameWidth":99,"frameHeight":128,"width":75,"height":123,"name":"buff_zhuoshao/buff_zhuoshao_00050","frameX":-18,"x":85},{"frameY":-5,"y":125,"frameWidth":99,"frameHeight":128,"width":65,"height":121,"name":"buff_zhuoshao/buff_zhuoshao_00056","frameX":-21,"x":238},{"frameY":0,"y":128,"frameWidth":99,"frameHeight":128,"width":80,"height":126,"name":"buff_zhuoshao/buff_zhuoshao_00053","frameX":-19,"x":83}]}