{"frameRate":60,"name":"205","version":"5.5","compatibleVersion":"5.5","armature":[{"type":"Armature","frameRate":60,"name":"Armature","aabb":{"x":-49.5,"y":-103,"width":99,"height":128},"bone":[{"inheritScale":false,"name":"Layer1","transform":{"y":-39}}],"slot":[{"name":"Layer1","parent":"Layer1"}],"skin":[{"slot":[{"name":"Layer1","display":[{"name":"buff_zhuoshao/buff_zhuoshao_00048"},{"name":"buff_zhuoshao/buff_zhuoshao_00049"},{"name":"buff_zhuoshao/buff_zhuoshao_00050"},{"name":"buff_zhuoshao/buff_zhuoshao_00051"},{"name":"buff_zhuoshao/buff_zhuoshao_00052"},{"name":"buff_zhuoshao/buff_zhuoshao_00053"},{"name":"buff_zhuoshao/buff_zhuoshao_00054"},{"name":"buff_zhuoshao/buff_zhuoshao_00055"},{"name":"buff_zhuoshao/buff_zhuoshao_00056"},{"name":"buff_zhuoshao/buff_zhuoshao_00057"}]}]}],"animation":[{"duration":36,"playTimes":0,"name":"buff","bone":[{"name":"Layer1","scaleFrame":[{"duration":36,"x":2,"y":2}]}],"slot":[{"name":"Layer1","displayFrame":[{"duration":4},{"duration":4,"value":1},{"duration":4,"value":2},{"duration":4,"value":3},{"duration":4,"value":4},{"duration":4,"value":5},{"duration":4,"value":6},{"duration":4,"value":7},{"duration":4,"value":8},{"duration":0,"value":9}]}]}],"defaultActions":[{"gotoAndPlay":"buff"}]}]}