{"frameRate":60,"name":"Frame","version":"5.5","compatibleVersion":"5.5","armature":[{"type":"Armature","frameRate":60,"name":"Armature","aabb":{"x":-75,"y":-75,"width":150,"height":150},"bone":[{"inheritScale":false,"name":"Layer1"}],"slot":[{"name":"Layer1","parent":"Layer1"}],"skin":[{"slot":[{"name":"Layer1","display":[{"name":"UI_zhuangbei_15"},{"name":"UI_zhuangbei_16"},{"name":"UI_zhuangbei_17"},{"name":"UI_zhuangbei_18"},{"name":"UI_zhuangbei_19"},{"name":"UI_zhuangbei_20"},{"name":"UI_zhuangbei_21"},{"name":"UI_zhuangbei_22"},{"name":"UI_zhuangbei_23"},{"name":"UI_zhuangbei_24"},{"name":"UI_zhuangbei_25"},{"name":"UI_zhuangbei_26"},{"name":"UI_zhuangbei_27"},{"name":"UI_zhuangbei_28"},{"name":"UI_zhuangbei_29"},{"name":"UI_zhuangbei_30"},{"name":"UI_zhuangbei_31"},{"name":"UI_zhuangbei_32"},{"name":"UI_zhuangbei_33"},{"name":"UI_zhuangbei_34"}]}]}],"animation":[{"duration":76,"playTimes":0,"name":"run","slot":[{"name":"Layer1","displayFrame":[{"duration":4},{"duration":4,"value":1},{"duration":4,"value":2},{"duration":4,"value":3},{"duration":4,"value":4},{"duration":4,"value":5},{"duration":4,"value":6},{"duration":4,"value":7},{"duration":4,"value":8},{"duration":4,"value":9},{"duration":4,"value":10},{"duration":4,"value":11},{"duration":4,"value":12},{"duration":4,"value":13},{"duration":4,"value":14},{"duration":4,"value":15},{"duration":4,"value":16},{"duration":4,"value":17},{"duration":4,"value":18},{"duration":0,"value":19}]}]}],"defaultActions":[{"gotoAndPlay":"run"}]}]}