{"imagePath":"Frame_tex.png","width":512,"height":1024,"name":"Frame","SubTexture":[{"frameY":-24,"y":350,"frameWidth":150,"frameHeight":150,"width":125,"height":113,"name":"UI_zhuangbei_30","frameX":-13,"x":258},{"frameY":-24,"y":348,"frameWidth":150,"frameHeight":150,"width":126,"height":113,"name":"UI_zhuangbei_19","frameX":-15,"x":1},{"frameY":-24,"y":463,"frameWidth":150,"frameHeight":150,"width":121,"height":113,"name":"UI_zhuangbei_29","frameX":-15,"x":1},{"frameY":-23,"y":234,"frameWidth":150,"frameHeight":150,"width":126,"height":114,"name":"UI_zhuangbei_18","frameX":-15,"x":260},{"frameY":-23,"y":578,"frameWidth":150,"frameHeight":150,"width":119,"height":114,"name":"UI_zhuangbei_28","frameX":-16,"x":1},{"frameY":-22,"y":118,"frameWidth":150,"frameHeight":150,"width":126,"height":115,"name":"UI_zhuangbei_17","frameX":-15,"x":132},{"frameY":-22,"y":587,"frameWidth":150,"frameHeight":150,"width":120,"height":115,"name":"UI_zhuangbei_27","frameX":-15,"x":129},{"frameY":-21,"y":351,"frameWidth":150,"frameHeight":150,"width":120,"height":116,"name":"UI_zhuangbei_16","frameX":-15,"x":129},{"frameY":-21,"y":469,"frameWidth":150,"frameHeight":150,"width":120,"height":116,"name":"UI_zhuangbei_26","frameX":-15,"x":129},{"frameY":-21,"y":465,"frameWidth":150,"frameHeight":150,"width":121,"height":116,"name":"UI_zhuangbei_15","frameX":-14,"x":385},{"frameY":-21,"y":119,"frameWidth":150,"frameHeight":150,"width":120,"height":116,"name":"UI_zhuangbei_25","frameX":-15,"x":391},{"frameY":-22,"y":1,"frameWidth":150,"frameHeight":150,"width":127,"height":115,"name":"UI_zhuangbei_24","frameX":-14,"x":132},{"frameY":-21,"y":1,"frameWidth":150,"frameHeight":150,"width":123,"height":116,"name":"UI_zhuangbei_34","frameX":-14,"x":387},{"frameY":-23,"y":232,"frameWidth":150,"frameHeight":150,"width":127,"height":114,"name":"UI_zhuangbei_23","frameX":-14,"x":1},{"frameY":-20,"y":1,"frameWidth":150,"frameHeight":150,"width":124,"height":117,"name":"UI_zhuangbei_33","frameX":-14,"x":261},{"frameY":-23,"y":1,"frameWidth":150,"frameHeight":150,"width":129,"height":114,"name":"UI_zhuangbei_22","frameX":-13,"x":1},{"frameY":-23,"y":235,"frameWidth":150,"frameHeight":150,"width":126,"height":114,"name":"UI_zhuangbei_32","frameX":-13,"x":130},{"frameY":-24,"y":120,"frameWidth":150,"frameHeight":150,"width":129,"height":112,"name":"UI_zhuangbei_21","frameX":-13,"x":260},{"frameY":-24,"y":351,"frameWidth":150,"frameHeight":150,"width":126,"height":112,"name":"UI_zhuangbei_31","frameX":-13,"x":385},{"frameY":-24,"y":117,"frameWidth":150,"frameHeight":150,"width":129,"height":113,"name":"UI_zhuangbei_20","frameX":-13,"x":1}]}