{"frameRate":30,"name":"P6113","version":"5.5","compatibleVersion":"5.5","armature":[{"type":"Armature","frameRate":30,"name":"Armature","aabb":{"x":-115.51,"y":-155.07,"width":208.01,"height":194.74},"bone":[{"name":"root"},{"length":68,"name":"6113_xl_00001","parent":"root","transform":{"x":126.52,"y":-67.51,"skX":-84.6,"skY":-84.6,"scX":2,"scY":2}},{"name":"bf","parent":"root","transform":{"x":1.09,"y":-168.96}},{"name":"bone","parent":"root","transform":{"x":5,"y":-55}},{"name":"fs","parent":"root","transform":{"x":122.1,"y":-82.51}},{"name":"mz","parent":"root","transform":{"x":6.77,"y":-62.58}},{"length":61,"name":"pet6113_tx_skill_dq_00006","parent":"root","transform":{"x":117.4,"y":-81.62,"skX":3.15,"skY":3.15}},{"length":120,"name":"pet6113_tx_skill_xl_00000","parent":"root","transform":{"x":123.64,"y":-74.93,"skX":-39.04,"skY":-39.04,"scX":2,"scY":2}},{"length":31,"name":"yz","parent":"root","transform":{"x":0.49,"y":-0.23,"skX":90,"skY":90}},{"length":34,"name":"PET6113_duzi","parent":"bone","transform":{"x":-11.99,"y":17.15,"skX":-45.45,"skY":-45.45}},{"name":"bone4","parent":"pet6113_tx_skill_dq_00006","transform":{"x":-224.07,"y":371.94}},{"length":31,"name":"PET6113_bozi","parent":"PET6113_duzi","transform":{"x":35.36,"y":-0.27,"skX":-3.6,"skY":-3.6}},{"length":36,"name":"PET6113_weiba","parent":"PET6113_duzi","transform":{"x":7.45,"y":-5.86,"skX":-124.41,"skY":-124.41}},{"length":115,"name":"PET6113_youchi1","parent":"PET6113_duzi","transform":{"x":31.02,"y":-6.12,"skX":-90,"skY":-90}},{"length":24,"name":"PET6113_youtui1","parent":"PET6113_duzi","transform":{"x":13.57,"y":-7.85,"skX":-174.15,"skY":-174.15}},{"length":85,"name":"PET6113_zuochi1","parent":"PET6113_duzi","transform":{"x":41.48,"y":-2.83,"skX":-27.94,"skY":-27.94}},{"length":24,"name":"PET6113_zuotui1","parent":"PET6113_duzi","transform":{"x":29.96,"y":3.56,"skX":124.71,"skY":124.71}},{"length":32,"name":"bone2","parent":"PET6113_weiba","transform":{"x":36.15,"y":-0.08,"skX":30.22,"skY":30.22}},{"length":23,"name":"PET6113_youtui2","parent":"PET6113_youtui1","transform":{"x":24.77,"y":0.44,"skX":-34.93,"skY":-34.93}},{"length":19,"name":"PET6113_zuotui2","parent":"PET6113_zuotui1","transform":{"x":23.93,"y":0.27,"skX":51.5,"skY":51.5}},{"length":36,"name":"PET6113_tou","parent":"PET6113_bozi","transform":{"x":31.87,"y":0.77,"skX":-12.43,"skY":-12.43}},{"length":39,"name":"PET6113_xiaba","parent":"PET6113_tou","transform":{"x":5.26,"y":-0.17,"skX":125.91,"skY":125.91}},{"length":13,"name":"PET6113_yangjingzhengchang","parent":"PET6113_tou","transform":{"x":11.87,"y":-2.27,"skX":90.45,"skY":90.45}},{"length":34,"name":"bone3","parent":"bone2","transform":{"x":32.68,"y":0.05,"skX":-14.25,"skY":-14.25}}],"slot":[{"name":"pet_yinying","parent":"yz"},{"displayIndex":2,"name":"PET6113_zuochi1","parent":"PET6113_zuochi1"},{"name":"PET6113_zuotui2","parent":"PET6113_zuotui2"},{"name":"PET6113_zuotui1","parent":"PET6113_zuotui1"},{"name":"PET6113_duzi","parent":"PET6113_duzi"},{"name":"PET6113_bozi","parent":"PET6113_bozi"},{"name":"PET6113_xiaba","parent":"PET6113_xiaba"},{"name":"PET6113_tou","parent":"PET6113_tou"},{"name":"PET6113_weiba","parent":"PET6113_weiba"},{"name":"PET6113_youtui2","parent":"PET6113_youtui2"},{"name":"PET6113_youtui1","parent":"PET6113_youtui1"},{"displayIndex":4,"name":"PET6113_yangjingzhengchang","parent":"PET6113_yangjingzhengchang"},{"displayIndex":2,"name":"PET6113_youchi1","parent":"PET6113_youchi1"},{"displayIndex":-1,"name":"pet6113_tx_skill_xl_00000","parent":"pet6113_tx_skill_xl_00000"},{"displayIndex":-1,"name":"pet6113_tx_skill_dq_00006","parent":"pet6113_tx_skill_dq_00006"},{"displayIndex":-1,"name":"6113_xl_00001","parent":"6113_xl_00001"}],"skin":[{"slot":[{"name":"PET6113_youchi1","display":[{"name":"PET6113_youchi1","transform":{"x":36.07,"y":-45.21,"skX":135.45,"skY":135.45}},{"name":"PET6113_youchi2","transform":{"x":36.07,"y":-45.21,"skX":135.45,"skY":135.45}},{"name":"PET6113_youchi3","transform":{"x":36.07,"y":-45.21,"skX":135.45,"skY":135.45}},{"name":"PET6113_youchi4","transform":{"x":36.07,"y":-45.21,"skX":135.45,"skY":135.45}},{"name":"PET6113_youchi5","transform":{"x":36.07,"y":-45.21,"skX":135.45,"skY":135.45}},{"name":"PET6113_youchi6","transform":{"x":36.07,"y":-45.21,"skX":135.45,"skY":135.45}}]},{"name":"6113_xl_00001","display":[{"name":"6113_xl_00001","transform":{"x":16.32,"y":5.31,"skX":84.6,"skY":84.6}},{"name":"6113_xl_00002","transform":{"x":16.32,"y":5.31,"skX":84.6,"skY":84.6}},{"name":"6113_xl_00003","transform":{"x":16.32,"y":5.31,"skX":84.6,"skY":84.6}},{"name":"6113_xl_00004","transform":{"x":16.32,"y":5.31,"skX":84.6,"skY":84.6}},{"name":"6113_xl_00005","transform":{"x":16.32,"y":5.31,"skX":84.6,"skY":84.6}},{"name":"6113_xl_00006","transform":{"x":16.32,"y":5.31,"skX":84.6,"skY":84.6}},{"name":"6113_xl_00007","transform":{"x":16.32,"y":5.31,"skX":84.6,"skY":84.6}},{"name":"6113_xl_00008","transform":{"x":16.32,"y":5.31,"skX":84.6,"skY":84.6}},{"name":"6113_xl_00009","transform":{"x":16.32,"y":5.31,"skX":84.6,"skY":84.6}},{"name":"6113_xl_00010","transform":{"x":16.32,"y":5.31,"skX":84.6,"skY":84.6}},{"name":"6113_xl_00011","transform":{"x":16.32,"y":5.31,"skX":84.6,"skY":84.6}},{"name":"6113_xl_00012","transform":{"x":16.32,"y":5.31,"skX":84.6,"skY":84.6}}]},{"name":"pet_yinying","display":[{"name":"pet_yinying","transform":{"x":1.11,"y":1.11,"skX":-90,"skY":-90}}]},{"name":"PET6113_duzi","display":[{"name":"PET6113_duzi","transform":{"x":27.69,"y":-7.2,"skX":45.45,"skY":45.45}}]},{"name":"PET6113_zuotui1","display":[{"name":"PET6113_zuotui1","transform":{"x":16.16,"y":0.22,"skX":-79.26,"skY":-79.26}}]},{"name":"PET6113_bozi","display":[{"name":"PET6113_bozi","transform":{"x":15.69,"y":3.12,"skX":49.05,"skY":49.05}}]},{"name":"PET6113_tou","display":[{"name":"PET6113_tou","transform":{"x":15.91,"y":4.2,"skX":61.49,"skY":61.49}}]},{"name":"PET6113_youtui2","display":[{"name":"PET6113_youtui2","transform":{"x":8.94,"y":0.4,"skX":-105.45,"skY":-105.45}}]},{"name":"PET6113_yangjingzhengchang","display":[{"name":"PET6113_yangjingbiyan","transform":{"x":4.37,"y":-1.38,"skX":-28.95,"skY":-28.95}},{"name":"PET6113_yangjingshengli","transform":{"x":4.37,"y":-1.38,"skX":-28.95,"skY":-28.95}},{"name":"PET6113_yangjingshouji","transform":{"x":4.37,"y":-1.38,"skX":-28.95,"skY":-28.95}},{"name":"PET6113_yangjingsiwang","transform":{"x":4.37,"y":-1.38,"skX":-28.95,"skY":-28.95}},{"name":"PET6113_yangjingzhengchang","transform":{"x":4.37,"y":-1.38,"skX":-28.95,"skY":-28.95}}]},{"name":"pet6113_tx_skill_dq_00006","display":[{"name":"pet6113_tx_skill_dq_00006","transform":{"x":2.92,"y":-2.6,"skX":-3.15,"skY":-3.15}},{"name":"pet6113_tx_skill_dq_00007","transform":{"x":2.92,"y":-2.6,"skX":-3.15,"skY":-3.15}},{"name":"pet6113_tx_skill_dq_00008","transform":{"x":2.92,"y":-2.6,"skX":-3.15,"skY":-3.15}},{"name":"pet6113_tx_skill_dq_00009","transform":{"x":2.92,"y":-2.6,"skX":-3.15,"skY":-3.15}},{"name":"pet6113_tx_skill_dq_00010","transform":{"x":2.92,"y":-2.6,"skX":-3.15,"skY":-3.15}},{"name":"pet6113_tx_skill_dq_00011","transform":{"x":2.92,"y":-2.6,"skX":-3.15,"skY":-3.15}},{"name":"pet6113_tx_skill_dq_00012","transform":{"x":2.92,"y":-2.6,"skX":-3.15,"skY":-3.15}},{"name":"pet6113_tx_skill_dq_00013","transform":{"x":2.92,"y":-2.6,"skX":-3.15,"skY":-3.15}},{"name":"pet6113_tx_skill_dq_00014","transform":{"x":2.92,"y":-2.6,"skX":-3.15,"skY":-3.15}}]},{"name":"pet6113_tx_skill_xl_00000","display":[{"name":"pet6113_tx_skill_xl_00000","transform":{"x":8.23,"y":0.77,"skX":39.04,"skY":39.04}},{"name":"pet6113_tx_skill_xl_00001","transform":{"x":8.23,"y":0.77,"skX":39.04,"skY":39.04}},{"name":"pet6113_tx_skill_xl_00002","transform":{"x":8.23,"y":0.77,"skX":39.04,"skY":39.04}},{"name":"pet6113_tx_skill_xl_00003","transform":{"x":8.23,"y":0.77,"skX":39.04,"skY":39.04}},{"name":"pet6113_tx_skill_xl_00004","transform":{"x":8.23,"y":0.77,"skX":39.04,"skY":39.04}},{"name":"pet6113_tx_skill_xl_00005","transform":{"x":8.23,"y":0.77,"skX":39.04,"skY":39.04}},{"name":"pet6113_tx_skill_xl_00006","transform":{"x":8.23,"y":0.77,"skX":39.04,"skY":39.04}},{"name":"pet6113_tx_skill_xl_00007","transform":{"x":8.23,"y":0.77,"skX":39.04,"skY":39.04}},{"name":"pet6113_tx_skill_xl_00008","transform":{"x":8.23,"y":0.77,"skX":39.04,"skY":39.04}}]},{"name":"PET6113_zuotui2","display":[{"name":"PET6113_zuotui2","transform":{"x":5.3,"y":4.37,"skX":-130.76,"skY":-130.76}}]},{"name":"PET6113_weiba","display":[{"type":"mesh","name":"PET6113_weiba","width":105,"height":62,"vertices":[-73.36,-74.71,-66.59,-67.22,-57.49,-57.14,-48.17,-50.24,-37.62,-42.42,-15.45,-36.71,-2.16,-37.86,-2.6,-46.71,-7.02,-59.73,-18.17,-56,-33.55,-61.18,-42.76,-64.28,-59.21,-76.58,-61.9,-79.18,-68.22,-85.29,-85.24,-91.57,-100.11,-90.29,-100.69,-86.71,-89.24,-77.72,-78.94,-70.71,-41.2,-53.28,-65.65,-74.43],"uvs":[0.29174,0.2966,0.3562,0.41757,0.44291,0.58029,0.53166,0.69167,0.63222,0.81786,0.84331,0.91011,0.96997,0.89166,0.96588,0.74866,0.92366,0.53878,0.81744,0.59874,0.67095,0.51509,0.58319,0.46497,0.42657,0.26662,0.40098,0.22465,0.34077,0.12592,0.1787,0.02444,0.03707,0.0452,0.03162,0.10286,0.14057,0.24816,0.23863,0.36118,0.59814,0.64263,0.36533,0.30112],"triangles":[8,9,7,7,5,6,11,20,10,20,3,4,13,21,12,14,21,13,0,1,21,18,19,0,9,20,7,10,20,9,20,5,7,20,4,5,11,21,20,12,21,11,2,3,20,21,2,20,21,1,2,14,15,21,15,16,21,16,18,0,16,0,21,16,17,18],"weights":[2,17,0.00789,23,0.9921,2,17,0.93975,23,0.06024,1,17,1,2,12,0.12646,17,0.87353,2,12,0.98615,17,0.01384,1,12,1,1,12,1,1,12,1,1,12,1,1,12,1,2,12,0.84438,17,0.15561,2,12,0.10726,17,0.89273,2,17,0.9003,23,0.09969,2,17,0.57059,23,0.42939,2,17,0.01273,23,0.98726,1,23,1,1,23,1,1,23,1,1,23,1,1,23,1,2,12,0.5,17,0.5,2,17,0.5,23,0.5],"slotPose":[1,0,0,1,0,0],"bonePose":[12,-0.984381,-0.176054,0.176054,-0.984381,-5.939653,-47.270131,17,-0.761991,-0.647588,0.647588,-0.761991,-41.539092,-53.555733,23,-0.897951,-0.440096,0.440096,-0.897951,-66.408566,-74.757011],"edges":[17,18,18,19,19,0,0,1,1,2,2,3,3,4,4,5,5,6,6,7,7,8,8,9,9,10,10,11,11,12,12,13,13,14,14,15,15,16,16,17],"userEdges":[7,20,20,21,21,16]}]},{"name":"PET6113_zuochi1","display":[{"name":"PET6113_zuochi1","transform":{"x":3.28,"y":15.62,"skX":73.4,"skY":73.4}},{"name":"PET6113_zuochi2","transform":{"x":3.28,"y":15.62,"skX":73.4,"skY":73.4}},{"name":"PET6113_zuochi3","transform":{"x":3.28,"y":15.62,"skX":73.4,"skY":73.4}},{"name":"PET6113_zuochi4","transform":{"x":3.28,"y":15.62,"skX":73.4,"skY":73.4}},{"name":"PET6113_zuochi5","transform":{"x":3.28,"y":15.62,"skX":73.4,"skY":73.4}},{"name":"PET6113_zuochi6","transform":{"x":3.28,"y":15.62,"skX":73.4,"skY":73.4}}]},{"name":"PET6113_youtui1","display":[{"name":"PET6113_youtui1","transform":{"x":12.14,"y":0.16,"skX":-140.38,"skY":-140.38}}]},{"name":"PET6113_xiaba","display":[{"name":"PET6113_xiaba","transform":{"x":21.83,"y":0.13,"skX":-64.42,"skY":-64.42}}]}]}],"animation":[{"duration":45,"name":"attack","frame":[{"duration":24},{"duration":0,"events":[{"name":"0"}]}],"bone":[{"name":"PET6113_duzi","rotateFrame":[{"duration":8,"tweenEasing":0},{"duration":16,"tweenEasing":0,"rotate":2.21},{"duration":21,"tweenEasing":0,"rotate":2.66},{"duration":0}]},{"name":"PET6113_weiba","rotateFrame":[{"duration":8,"tweenEasing":0},{"duration":15,"tweenEasing":0,"rotate":11.22},{"duration":15,"tweenEasing":0,"rotate":-4.1},{"duration":7,"tweenEasing":0,"rotate":19.92},{"duration":0}]},{"name":"PET6113_tou","rotateFrame":[{"duration":8,"tweenEasing":0},{"duration":15,"tweenEasing":0,"rotate":11.01},{"tweenEasing":0,"rotate":-9.74},{"duration":14,"tweenEasing":0,"rotate":-7.05},{"duration":7,"tweenEasing":0,"rotate":-2.52},{"duration":0}]},{"name":"PET6113_bozi","rotateFrame":[{"duration":8,"tweenEasing":0},{"duration":15,"tweenEasing":0,"rotate":13.22},{"duration":15,"tweenEasing":0,"rotate":-15.63},{"duration":7,"tweenEasing":0,"rotate":-13.34},{"duration":0}]},{"name":"PET6113_youchi1","rotateFrame":[{"duration":23},{"tweenEasing":0},{"duration":14,"tweenEasing":0,"rotate":23.52},{"duration":7,"tweenEasing":0,"rotate":19.61},{"duration":0}]},{"name":"PET6113_youtui1","rotateFrame":[{"duration":8,"tweenEasing":0},{"duration":15,"tweenEasing":0,"rotate":7.95},{"tweenEasing":0,"rotate":-8.71},{"duration":14,"tweenEasing":0,"rotate":-8.7},{"duration":7,"tweenEasing":0,"rotate":10.94},{"duration":0}]},{"name":"bone","translateFrame":[{"duration":8,"tweenEasing":0},{"duration":9,"tweenEasing":0,"y":15},{"duration":6,"tweenEasing":0,"x":-32.09,"y":-32.85},{"tweenEasing":0,"x":-37.03,"y":-40.22},{"duration":14,"tweenEasing":0,"x":2.84,"y":-37.44},{"duration":7,"tweenEasing":0,"x":11.67,"y":-32.01},{"duration":0}],"rotateFrame":[{"duration":8,"tweenEasing":0},{"duration":9,"tweenEasing":0},{"duration":6,"tweenEasing":0,"rotate":-10.92},{"duration":15,"tweenEasing":0,"rotate":-12.6},{"duration":7,"tweenEasing":0,"rotate":-12.6},{"duration":0}]},{"name":"PET6113_zuotui1","rotateFrame":[{"duration":8,"tweenEasing":0},{"duration":15,"tweenEasing":0,"rotate":-19.72},{"rotate":7.72},{"duration":14,"tweenEasing":0,"rotate":7.72},{"duration":7,"tweenEasing":0,"rotate":-11.81},{"duration":0}]},{"name":"PET6113_xiaba","rotateFrame":[{"duration":8,"tweenEasing":0},{"duration":15,"tweenEasing":0,"rotate":-20.91},{"tweenEasing":0,"rotate":-29.97},{"duration":14,"tweenEasing":0,"rotate":-1.95},{"duration":7,"tweenEasing":0,"rotate":-0.39},{"duration":0}]},{"name":"yz","translateFrame":[{"duration":8,"tweenEasing":0},{"duration":15,"tweenEasing":0},{"tweenEasing":0,"x":-29.5},{"duration":14,"tweenEasing":0,"x":17.01},{"duration":7,"tweenEasing":0,"x":17.01},{"duration":0}],"scaleFrame":[{"duration":8,"tweenEasing":0},{"duration":15,"tweenEasing":0,"y":1.1},{"tweenEasing":0,"y":0.9},{"duration":14,"tweenEasing":0},{"duration":7,"tweenEasing":0,"y":1.1},{"duration":0}]},{"name":"PET6113_zuochi1","rotateFrame":[{"duration":23},{"tweenEasing":0},{"duration":14,"tweenEasing":0,"rotate":-3.53},{"duration":7,"tweenEasing":0,"rotate":7.31},{"duration":0}]},{"name":"PET6113_youtui2","rotateFrame":[{"duration":8,"tweenEasing":0},{"duration":15,"tweenEasing":0,"rotate":7.95},{"rotate":-8.7},{"duration":14,"tweenEasing":0,"rotate":-8.7},{"duration":7,"tweenEasing":0,"rotate":10.94},{"duration":0}]},{"name":"bone3","rotateFrame":[{"duration":8,"tweenEasing":0},{"duration":15,"tweenEasing":0,"rotate":11.22},{"duration":15,"tweenEasing":0,"rotate":-7.93},{"duration":7,"tweenEasing":0,"rotate":-10.09},{"duration":0}]},{"name":"PET6113_zuotui2","rotateFrame":[{"duration":8,"tweenEasing":0},{"duration":15,"tweenEasing":0,"rotate":-19.72},{"rotate":-6.81},{"duration":14,"tweenEasing":0,"rotate":-6.81},{"duration":7,"tweenEasing":0,"rotate":-26.35},{"duration":0}]},{"name":"bone2","rotateFrame":[{"duration":8,"tweenEasing":0},{"duration":15,"tweenEasing":0,"rotate":11.22},{"duration":15,"tweenEasing":0,"rotate":26.87},{"duration":7,"tweenEasing":0,"rotate":24.71},{"duration":0}]},{"name":"6113_xl_00001","translateFrame":[{"duration":45,"x":-18.14,"y":3.38}]}],"slot":[{"name":"PET6113_yangjingzhengchang","displayFrame":[{"duration":7,"value":4},{"duration":17},{"duration":21,"value":4}]},{"name":"PET6113_youchi1","displayFrame":[{"duration":2},{"duration":2,"value":1},{"duration":2,"value":2},{"duration":2,"value":3},{"duration":2,"value":4},{"duration":2,"value":5},{"duration":2},{"duration":2,"value":1},{"duration":2,"value":2},{"duration":2,"value":3},{"value":4},{"duration":2,"value":5},{},{"duration":2,"value":1},{"duration":14,"value":2},{"duration":2,"value":3},{"duration":2,"value":4},{"value":5},{"duration":0}]},{"name":"PET6113_zuochi1","displayFrame":[{"duration":2},{"duration":2,"value":1},{"duration":2,"value":2},{"duration":2,"value":3},{"duration":2,"value":4},{"duration":2,"value":5},{"duration":2},{"duration":2,"value":1},{"duration":2,"value":2},{"duration":2,"value":3},{"value":4},{"duration":2,"value":5},{},{"duration":2,"value":1},{"duration":14,"value":2},{"duration":2,"value":3},{"duration":2,"value":4},{"value":5},{"duration":0}]}]},{"duration":39,"name":"dead","bone":[{"name":"PET6113_duzi","rotateFrame":[{"duration":8,"tweenEasing":0},{"duration":9,"tweenEasing":0,"rotate":2.21},{"duration":2,"tweenEasing":0,"rotate":-7.62},{"duration":2,"tweenEasing":0,"rotate":-15.23},{"tweenEasing":0,"rotate":-16.91},{"duration":17,"rotate":-7.85}]},{"name":"PET6113_weiba","rotateFrame":[{"duration":8,"tweenEasing":0},{"duration":9,"tweenEasing":0,"rotate":7.63},{"duration":2,"tweenEasing":0,"rotate":0.9},{"duration":3,"tweenEasing":0,"rotate":-2.67},{"duration":5,"tweenEasing":0,"rotate":-72.13},{"duration":5,"tweenEasing":0,"rotate":-73.43},{"duration":7,"tweenEasing":0,"rotate":-70.42},{"duration":0,"rotate":-72.12}]},{"name":"PET6113_tou","rotateFrame":[{"duration":8,"tweenEasing":0},{"duration":11,"tweenEasing":0,"rotate":4.03},{"duration":2,"tweenEasing":0,"rotate":8.15},{"tweenEasing":0,"rotate":5.96},{"duration":5,"tweenEasing":0,"rotate":58.54},{"duration":5,"tweenEasing":0,"rotate":61.53},{"duration":7,"tweenEasing":0,"rotate":58.08},{"duration":0,"rotate":58.54}]},{"name":"PET6113_bozi","rotateFrame":[{"duration":8,"tweenEasing":0},{"duration":9,"tweenEasing":0,"rotate":6.24},{"duration":2,"tweenEasing":0,"rotate":-3.58},{"duration":2,"tweenEasing":0,"rotate":-24.38},{"tweenEasing":0,"rotate":-26.92},{"duration":5,"tweenEasing":0,"rotate":-18.71},{"duration":5,"tweenEasing":0,"rotate":-15.72},{"duration":7,"tweenEasing":0,"rotate":-19.17},{"duration":0,"rotate":-18.71}]},{"name":"PET6113_youchi1","rotateFrame":[{"duration":17},{"duration":5,"tweenEasing":0},{"duration":17,"rotate":5.43}]},{"name":"PET6113_youtui1","rotateFrame":[{"duration":8,"tweenEasing":0},{"duration":9,"tweenEasing":0,"rotate":4.6},{"duration":2,"tweenEasing":0,"rotate":-20.11},{"duration":3,"tweenEasing":0,"rotate":-8.32},{"duration":5,"tweenEasing":0,"rotate":-45.03},{"duration":5,"tweenEasing":0,"rotate":-48.46},{"duration":7,"tweenEasing":0,"rotate":-43.68},{"duration":0,"rotate":-45.02}]},{"name":"bone","translateFrame":[{"duration":8,"tweenEasing":0},{"duration":9,"tweenEasing":0,"y":10},{"duration":2,"tweenEasing":0,"x":-3,"y":-15},{"duration":2,"tweenEasing":0,"x":-6.01,"y":-8.51},{"tweenEasing":0,"x":-12.02,"y":3.43},{"duration":5,"tweenEasing":0,"x":-18.04,"y":37},{"duration":5,"tweenEasing":0,"x":-18.04,"y":34},{"duration":7,"tweenEasing":0,"x":-18.04,"y":38},{"duration":0,"x":-18.04,"y":37}],"rotateFrame":[{"duration":19,"tweenEasing":0},{"duration":2,"tweenEasing":0},{"tweenEasing":0,"rotate":48.11},{"duration":17,"rotate":56.79}]},{"name":"yz","translateFrame":[{"duration":17,"tweenEasing":0},{"duration":5,"tweenEasing":0},{"duration":17,"x":-11.98}],"scaleFrame":[{"duration":8,"tweenEasing":0},{"duration":9,"tweenEasing":0,"y":1.1},{"duration":5,"tweenEasing":0,"y":0.9},{"duration":5,"tweenEasing":0,"y":1.8},{"duration":6,"tweenEasing":0,"y":1.7},{"duration":6,"tweenEasing":0,"y":1.8},{"duration":0,"y":1.7}]},{"name":"PET6113_zuotui1","rotateFrame":[{"duration":8,"tweenEasing":0},{"duration":9,"tweenEasing":0,"rotate":-7.91},{"duration":2,"tweenEasing":0,"rotate":12.44},{"duration":3,"tweenEasing":0,"rotate":-20.04},{"duration":5,"tweenEasing":0,"rotate":20.62},{"duration":5,"tweenEasing":0,"rotate":17.19},{"duration":7,"tweenEasing":0,"rotate":21.98},{"duration":0,"rotate":20.62}]},{"name":"PET6113_xiaba","rotateFrame":[{"duration":8,"tweenEasing":0},{"duration":9,"tweenEasing":0,"rotate":4.47},{"duration":4,"tweenEasing":0,"rotate":-9.06},{"tweenEasing":0,"rotate":-6.02},{"duration":5,"tweenEasing":0,"rotate":-19.14},{"duration":5,"tweenEasing":0,"rotate":-16.15},{"duration":7,"tweenEasing":0,"rotate":-19.6},{"duration":0,"rotate":-19.14}]},{"name":"PET6113_zuochi1","rotateFrame":[{"duration":17},{"duration":5,"tweenEasing":0},{"duration":17,"rotate":-61.32}]},{"name":"PET6113_youtui2","rotateFrame":[{"duration":8,"tweenEasing":0},{"duration":9,"tweenEasing":0,"rotate":4.6},{"duration":5,"tweenEasing":0,"rotate":-17.45},{"duration":5,"tweenEasing":0,"rotate":5.98},{"duration":5,"tweenEasing":0,"rotate":2.55},{"duration":7,"tweenEasing":0,"rotate":7.34},{"duration":0,"rotate":5.98}]},{"name":"bone3","rotateFrame":[{"duration":8,"tweenEasing":0},{"duration":9,"tweenEasing":0,"rotate":7.63},{"duration":2,"tweenEasing":0,"rotate":-11.32},{"duration":3,"tweenEasing":0,"rotate":-2.01},{"duration":5,"tweenEasing":0,"rotate":-7.02},{"duration":5,"tweenEasing":0,"rotate":-8.33},{"duration":7,"tweenEasing":0,"rotate":-5.31},{"duration":0,"rotate":-7.02}]},{"name":"PET6113_zuotui2","rotateFrame":[{"duration":8,"tweenEasing":0},{"duration":9,"tweenEasing":0,"rotate":-7.91},{"duration":5,"tweenEasing":0,"rotate":-27.05},{"duration":5,"tweenEasing":0,"rotate":-9.46},{"duration":5,"tweenEasing":0,"rotate":-12.89},{"duration":7,"tweenEasing":0,"rotate":-8.1},{"duration":0,"rotate":-9.46}]},{"name":"bone2","rotateFrame":[{"duration":8,"tweenEasing":0},{"duration":9,"tweenEasing":0,"rotate":7.63},{"duration":2,"tweenEasing":0,"rotate":-11.32},{"duration":3,"tweenEasing":0,"rotate":-2.59},{"duration":5,"tweenEasing":0,"rotate":-8.76},{"duration":5,"tweenEasing":0,"rotate":-10.07},{"duration":7,"tweenEasing":0,"rotate":-7.05},{"duration":0,"rotate":-8.76}]},{"name":"6113_xl_00001","translateFrame":[{"duration":39,"x":-18.14,"y":3.38}]}],"slot":[{"name":"PET6113_yangjingzhengchang","displayFrame":[{"duration":9,"value":4},{"duration":30,"value":3}]},{"name":"PET6113_youchi1","displayFrame":[{"duration":2},{"duration":2,"value":1},{"duration":2,"value":2},{"duration":2,"value":3},{"duration":2,"value":4},{"duration":2,"value":5},{"duration":2},{"duration":2,"value":1},{"duration":2,"value":2},{"duration":2,"value":3},{"duration":19,"value":1}]},{"name":"PET6113_zuochi1","displayFrame":[{"duration":2},{"duration":2,"value":1},{"duration":2,"value":2},{"duration":2,"value":3},{"duration":2,"value":4},{"duration":2,"value":5},{"duration":2},{"duration":2,"value":1},{"duration":2,"value":2},{"duration":2,"value":3},{"duration":19,"value":4}]}]},{"duration":24,"name":"hurt","bone":[{"name":"PET6113_duzi","rotateFrame":[{"duration":3,"tweenEasing":0},{"duration":2,"tweenEasing":0,"rotate":2.21},{"duration":12,"tweenEasing":0,"rotate":-7.62},{"duration":7,"tweenEasing":0,"rotate":-11.81},{"duration":0}]},{"name":"PET6113_weiba","rotateFrame":[{"duration":3,"tweenEasing":0},{"duration":2,"tweenEasing":0,"rotate":7.63},{"duration":12,"tweenEasing":0,"rotate":11.91},{"duration":7,"tweenEasing":0,"rotate":-5.24},{"duration":0}]},{"name":"PET6113_tou","rotateFrame":[{"duration":3,"tweenEasing":0},{"duration":2,"tweenEasing":0,"rotate":4.03},{"duration":12,"tweenEasing":0,"rotate":2.23},{"duration":7,"tweenEasing":0,"rotate":-8.28},{"duration":0}]},{"name":"PET6113_bozi","rotateFrame":[{"duration":3,"tweenEasing":0},{"duration":2,"tweenEasing":0,"rotate":6.24},{"duration":12,"tweenEasing":0,"rotate":-27.91},{"duration":7,"tweenEasing":0,"rotate":-38.42},{"duration":0}]},{"name":"PET6113_youtui1","rotateFrame":[{"duration":3,"tweenEasing":0},{"duration":2,"tweenEasing":0,"rotate":4.6},{"duration":12,"tweenEasing":0,"rotate":-20.11},{"duration":7,"tweenEasing":0,"rotate":-11.91},{"duration":0}]},{"name":"bone","translateFrame":[{"duration":3,"tweenEasing":0},{"duration":2,"tweenEasing":0,"y":10},{"duration":12,"tweenEasing":0,"x":-17,"y":-15},{"duration":7,"tweenEasing":0,"x":-25,"y":-15},{"duration":0}]},{"name":"yz","translateFrame":[{"duration":3,"tweenEasing":0},{"duration":2,"tweenEasing":0},{"duration":12,"tweenEasing":0,"x":-12.96},{"duration":7,"tweenEasing":0,"x":-22.22},{"duration":0}],"scaleFrame":[{"duration":3,"tweenEasing":0},{"duration":2,"tweenEasing":0,"y":1.1},{"duration":12,"tweenEasing":0,"y":0.9},{"duration":7,"tweenEasing":0,"y":0.9},{"duration":0}]},{"name":"PET6113_zuotui1","rotateFrame":[{"duration":3,"tweenEasing":0},{"duration":2,"tweenEasing":0,"rotate":-7.91},{"duration":12,"tweenEasing":0,"rotate":12.44},{"duration":7,"tweenEasing":0,"rotate":-11.76},{"duration":0}]},{"name":"PET6113_xiaba","rotateFrame":[{"duration":3,"tweenEasing":0},{"duration":2,"tweenEasing":0,"rotate":4.47},{"duration":12,"tweenEasing":0,"rotate":-17.33},{"duration":7,"tweenEasing":0,"rotate":4.15},{"duration":0}]},{"name":"PET6113_youtui2","rotateFrame":[{"duration":3,"tweenEasing":0},{"duration":2,"tweenEasing":0,"rotate":4.6},{"duration":12,"tweenEasing":0,"rotate":-17.45},{"duration":7,"tweenEasing":0,"rotate":0.58},{"duration":0}]},{"name":"PET6113_zuotui2","rotateFrame":[{"duration":3,"tweenEasing":0},{"duration":2,"tweenEasing":0,"rotate":-7.91},{"duration":12,"tweenEasing":0,"rotate":-27.05},{"duration":7,"tweenEasing":0,"rotate":-52.8},{"duration":0}]},{"name":"bone2","rotateFrame":[{"duration":3,"tweenEasing":0},{"duration":2,"tweenEasing":0,"rotate":7.63},{"duration":12,"tweenEasing":0,"rotate":-16.75},{"duration":7,"tweenEasing":0,"rotate":31.51},{"duration":0}]},{"name":"bone3","rotateFrame":[{"duration":3,"tweenEasing":0},{"duration":2,"tweenEasing":0,"rotate":7.63},{"duration":12,"tweenEasing":0,"rotate":-16.75},{"duration":7,"tweenEasing":0,"rotate":-16.5},{"duration":0}]},{"name":"6113_xl_00001","translateFrame":[{"duration":24,"x":-18.14,"y":3.38}]}],"slot":[{"name":"PET6113_yangjingzhengchang","displayFrame":[{"duration":3,"value":4},{"duration":21,"value":2},{"duration":0,"value":4}]},{"name":"PET6113_youchi1","displayFrame":[{"duration":2},{"duration":2,"value":1},{"duration":2,"value":2},{"duration":2,"value":3},{"duration":2,"value":4},{"duration":2,"value":5},{"duration":2},{"duration":2,"value":1},{"duration":2,"value":2},{"duration":2,"value":3},{"duration":2,"value":4},{"duration":2,"value":5},{"duration":0}]},{"name":"PET6113_zuochi1","displayFrame":[{"duration":2},{"duration":2,"value":1},{"duration":2,"value":2},{"duration":2,"value":3},{"duration":2,"value":4},{"duration":2,"value":5},{"duration":2},{"duration":2,"value":1},{"duration":2,"value":2},{"duration":2,"value":3},{"duration":2,"value":4},{"duration":2,"value":5},{"duration":0}]}]},{"duration":66,"name":"skill","frame":[{"duration":29},{"duration":2,"events":[{"name":"0"}]},{"duration":2,"events":[{"name":"1"}]},{"duration":2,"events":[{"name":"2"}]},{"duration":2,"events":[{"name":"3"}]},{"duration":2,"events":[{"name":"4"}]},{"duration":2,"events":[{"name":"5"}]},{"duration":2,"events":[{"name":"6"}]},{"duration":2,"events":[{"name":"7"}]},{"duration":2,"events":[{"name":"8"}]},{"duration":2,"events":[{"name":"9"}]},{"duration":0,"events":[{"name":"10"}]}],"bone":[{"name":"PET6113_duzi","rotateFrame":[{"duration":8,"tweenEasing":0},{"duration":12,"tweenEasing":0,"rotate":2.21},{"duration":8,"tweenEasing":0,"rotate":5.33},{"tweenEasing":0,"rotate":1.37},{"duration":37,"tweenEasing":0,"rotate":2.66},{"duration":0}]},{"name":"PET6113_weiba","rotateFrame":[{"duration":8,"tweenEasing":0},{"duration":12,"tweenEasing":0,"rotate":11.22},{"duration":8,"tweenEasing":0,"rotate":-4.1},{"duration":31,"tweenEasing":0,"rotate":22.9},{"duration":7,"tweenEasing":0,"rotate":0.65},{"duration":0}]},{"name":"PET6113_tou","rotateFrame":[{"duration":20,"tweenEasing":0},{"duration":8,"tweenEasing":0,"rotate":3.37},{"tweenEasing":0,"rotate":-0.83},{"duration":20,"tweenEasing":0,"rotate":-7.05},{"duration":7,"tweenEasing":0,"rotate":-6.16},{"duration":10}]},{"name":"PET6113_bozi","rotateFrame":[{"duration":8,"tweenEasing":0},{"duration":12,"tweenEasing":0,"rotate":13.22},{"duration":8,"tweenEasing":0,"rotate":-13.85},{"duration":31,"tweenEasing":0,"rotate":-16.47},{"duration":7,"tweenEasing":0,"rotate":-16.98},{"duration":0}]},{"name":"PET6113_youtui1","rotateFrame":[{"duration":8,"tweenEasing":0},{"duration":12,"tweenEasing":0,"rotate":7.95},{"duration":8,"tweenEasing":0,"rotate":-8.71},{"tweenEasing":0,"rotate":-3.44},{"duration":30,"tweenEasing":0,"rotate":-8.7},{"duration":7,"tweenEasing":0,"rotate":15.6},{"duration":0}]},{"name":"bone","translateFrame":[{"duration":8,"tweenEasing":0},{"duration":6,"tweenEasing":0,"y":15},{"duration":6,"tweenEasing":0,"x":-27.77,"y":-26.41},{"duration":8,"tweenEasing":0,"x":-37.03,"y":-40.22},{"tweenEasing":0,"x":-38.25,"y":-27.45},{"duration":5,"tweenEasing":0,"x":2.84,"y":-18.38},{"duration":5,"tweenEasing":0,"x":4.16,"y":-24.16},{"duration":5,"tweenEasing":0,"x":2.84,"y":-18.38},{"duration":5,"tweenEasing":0,"x":4.16,"y":-24.16},{"duration":5,"tweenEasing":0,"x":2.84,"y":-18.38},{"duration":5,"tweenEasing":0,"x":4.16,"y":-24.16},{"duration":7,"tweenEasing":0,"x":2.84,"y":-18.38},{"duration":0}],"rotateFrame":[{"duration":8,"tweenEasing":0},{"duration":6,"tweenEasing":0},{"duration":6,"tweenEasing":0,"rotate":-9.45},{"duration":8,"tweenEasing":0,"rotate":-12.6},{"tweenEasing":0,"rotate":-12.6},{"duration":25,"tweenEasing":0,"rotate":17.77},{"duration":5,"tweenEasing":0,"rotate":17.77},{"duration":7,"tweenEasing":0,"rotate":19.57},{"duration":0}]},{"name":"PET6113_zuotui1","rotateFrame":[{"duration":8,"tweenEasing":0},{"duration":12,"tweenEasing":0,"rotate":-19.72},{"duration":8,"tweenEasing":0,"rotate":7.72},{"tweenEasing":0,"rotate":-12.79},{"duration":30,"tweenEasing":0,"rotate":7.72},{"duration":7,"tweenEasing":0,"rotate":-20.84},{"duration":0}]},{"name":"PET6113_xiaba","rotateFrame":[{"duration":8,"tweenEasing":0},{"duration":12,"tweenEasing":0,"rotate":-20.91},{"duration":8,"tweenEasing":0,"rotate":-28.18},{"tweenEasing":0,"rotate":-30.8},{"duration":30,"tweenEasing":0,"rotate":-1.95},{"duration":7,"tweenEasing":0,"rotate":-2.08},{"duration":0}]},{"name":"yz","translateFrame":[{"duration":8,"tweenEasing":0},{"duration":12,"tweenEasing":0},{"duration":8,"tweenEasing":0,"x":-29.5},{"tweenEasing":0,"x":-29.5},{"duration":30,"tweenEasing":0,"x":17.01},{"duration":7,"tweenEasing":0,"x":17.01},{"duration":0}],"scaleFrame":[{"duration":8,"tweenEasing":0},{"duration":12,"tweenEasing":0,"y":1.1},{"duration":8,"tweenEasing":0,"y":0.9},{"tweenEasing":0},{"duration":30,"tweenEasing":0},{"duration":7,"tweenEasing":0,"y":1.1},{"duration":0}]},{"name":"PET6113_youtui2","rotateFrame":[{"duration":8,"tweenEasing":0},{"duration":12,"tweenEasing":0,"rotate":7.95},{"duration":8,"tweenEasing":0,"rotate":-8.7},{"tweenEasing":0,"rotate":-3.44},{"duration":30,"tweenEasing":0,"rotate":-8.7},{"duration":7,"tweenEasing":0,"rotate":15.6},{"duration":0}]},{"name":"bone3","rotateFrame":[{"duration":8,"tweenEasing":0},{"duration":12,"tweenEasing":0,"rotate":11.22},{"duration":8,"tweenEasing":0,"rotate":-7.93},{"duration":6,"tweenEasing":0,"rotate":3.18},{"duration":9,"tweenEasing":0,"rotate":-32.01},{"duration":8,"tweenEasing":0,"rotate":7.32},{"duration":8,"tweenEasing":0,"rotate":-29.27},{"duration":7,"tweenEasing":0,"rotate":-5.9},{"duration":0}]},{"name":"PET6113_zuotui2","rotateFrame":[{"duration":8,"tweenEasing":0},{"duration":12,"tweenEasing":0,"rotate":-19.72},{"duration":8,"tweenEasing":0,"rotate":-6.81},{"tweenEasing":0,"rotate":-27.32},{"duration":30,"tweenEasing":0,"rotate":-6.81},{"duration":7,"tweenEasing":0,"rotate":-35.38},{"duration":0}]},{"name":"bone2","rotateFrame":[{"duration":8,"tweenEasing":0},{"duration":12,"tweenEasing":0,"rotate":11.22},{"duration":8,"tweenEasing":0,"rotate":26.87},{"duration":6,"tweenEasing":0,"rotate":8.16},{"duration":9,"tweenEasing":0,"rotate":-21.25},{"duration":8,"tweenEasing":0,"rotate":26.73},{"duration":8,"tweenEasing":0,"rotate":-2.15},{"duration":7,"tweenEasing":0,"rotate":28.9},{"duration":0}]},{"name":"pet6113_tx_skill_xl_00000","translateFrame":[{"duration":28,"x":-7.93,"y":2.43},{"duration":38,"tweenEasing":0,"x":-7.93,"y":2.43},{"duration":0}]},{"name":"6113_xl_00001","translateFrame":[{"duration":66,"x":-18.14,"y":3.38}]}],"slot":[{"name":"6113_xl_00001","displayFrame":[{"duration":5,"value":-1},{"duration":2},{"duration":2,"value":1},{"duration":2,"value":2},{"duration":2,"value":3},{"duration":2,"value":4},{"duration":2,"value":5},{"duration":2,"value":6},{"duration":2,"value":7},{"duration":2,"value":8},{"duration":2,"value":9},{"duration":2,"value":10},{"duration":2,"value":11},{"duration":37,"value":-1}]},{"name":"PET6113_youchi1","displayFrame":[{"duration":2},{"duration":2,"value":1},{"duration":2,"value":2},{"duration":2,"value":3},{"duration":2,"value":4},{"duration":2,"value":5},{"duration":2},{"duration":2,"value":1},{"duration":2,"value":2},{"duration":2,"value":3},{"duration":2,"value":4},{"duration":2,"value":5},{"duration":2},{"duration":2,"value":1},{"duration":2,"value":4},{"value":5},{},{"value":1},{"value":2},{"value":3},{"value":4},{"value":5},{},{"value":1},{"value":2},{"value":3},{"value":4},{"value":5},{},{"value":1},{"value":2},{"value":3},{"value":4},{"value":5},{},{"value":1},{"value":2},{"value":3},{"value":4},{"value":5},{"duration":2},{"duration":3,"value":2},{"duration":2,"value":3},{"duration":2,"value":4},{"duration":2,"value":5},{"duration":0}]},{"name":"PET6113_zuochi1","displayFrame":[{"duration":2},{"duration":2,"value":1},{"duration":2,"value":2},{"duration":2,"value":3},{"duration":2,"value":4},{"duration":2,"value":5},{"duration":2},{"duration":2,"value":1},{"duration":2,"value":2},{"duration":2,"value":3},{"duration":2,"value":4},{"duration":2,"value":5},{"duration":2},{"duration":2,"value":1},{"duration":2,"value":4},{"value":5},{},{"value":1},{"value":2},{"value":3},{"value":4},{"value":5},{},{"value":1},{"value":2},{"value":3},{"value":4},{"value":5},{},{"value":1},{"value":2},{"value":3},{"value":4},{"value":5},{},{"value":1},{"value":2},{"value":3},{"value":4},{"value":5},{"duration":2},{"duration":3,"value":2},{"duration":2,"value":3},{"duration":2,"value":4},{"duration":2,"value":5},{"duration":0}]},{"name":"pet6113_tx_skill_dq_00006","displayFrame":[{"duration":29,"value":-1},{"duration":2},{"duration":2,"value":1},{"duration":2,"value":2},{"duration":2,"value":3},{"duration":2,"value":4},{"duration":2,"value":5},{"duration":2,"value":6},{"duration":2,"value":7},{"duration":2,"value":8},{"duration":2},{"duration":2,"value":1},{"duration":15,"value":-1}]},{"name":"pet6113_tx_skill_xl_00000","displayFrame":[{"duration":11,"value":-1},{"duration":2},{"duration":2,"value":1},{"duration":2,"value":2},{"duration":2,"value":3},{"duration":2,"value":4},{"duration":2,"value":5},{"duration":2,"value":6},{"duration":2,"value":7},{"duration":2,"value":8},{"duration":37,"value":-1}]}]},{"duration":36,"name":"stand","bone":[{"name":"bone","translateFrame":[{"duration":8,"tweenEasing":0},{"duration":9,"tweenEasing":0,"y":-10},{"duration":10,"tweenEasing":0,"y":7},{"duration":9,"tweenEasing":0,"y":-10},{"duration":0}]},{"name":"yz","scaleFrame":[{"duration":8,"tweenEasing":0},{"duration":8,"tweenEasing":0,"y":0.9},{"duration":9,"tweenEasing":0},{"duration":11,"tweenEasing":0,"y":0.9},{"duration":0}]},{"name":"PET6113_bozi","rotateFrame":[{"duration":8,"tweenEasing":0},{"duration":9,"tweenEasing":0,"rotate":4.03},{"duration":9,"tweenEasing":0,"rotate":-1.76},{"duration":10,"tweenEasing":0,"rotate":4.03},{"duration":0}]},{"name":"PET6113_weiba","rotateFrame":[{"duration":9,"tweenEasing":0},{"duration":9,"tweenEasing":0,"rotate":-6.65},{"duration":9,"tweenEasing":0,"rotate":10.6},{"duration":9,"tweenEasing":0,"rotate":-6.65},{"duration":0}]},{"name":"PET6113_youtui1","rotateFrame":[{"duration":8,"tweenEasing":0},{"duration":10,"tweenEasing":0,"rotate":4.6},{"duration":10,"tweenEasing":0,"rotate":-5.97},{"duration":8,"tweenEasing":0,"rotate":4.6},{"duration":0}]},{"name":"PET6113_zuotui1","rotateFrame":[{"duration":7,"tweenEasing":0},{"duration":9,"tweenEasing":0,"rotate":-7.91},{"duration":10,"tweenEasing":0,"rotate":4.18},{"duration":10,"tweenEasing":0,"rotate":-7.91},{"duration":0}]},{"name":"PET6113_tou","rotateFrame":[{"duration":8,"tweenEasing":0},{"duration":9,"tweenEasing":0,"rotate":4.03},{"duration":9,"tweenEasing":0,"rotate":-1.76},{"duration":10,"tweenEasing":0,"rotate":4.03},{"duration":0}]},{"name":"PET6113_youtui2","rotateFrame":[{"duration":8,"tweenEasing":0},{"duration":10,"tweenEasing":0,"rotate":4.6},{"duration":10,"tweenEasing":0,"rotate":-5.96},{"duration":8,"tweenEasing":0,"rotate":4.6},{"duration":0}]},{"name":"PET6113_zuotui2","rotateFrame":[{"duration":7,"tweenEasing":0},{"duration":9,"tweenEasing":0,"rotate":-7.91},{"duration":10,"tweenEasing":0,"rotate":4.18},{"duration":10,"tweenEasing":0,"rotate":-7.91},{"duration":0}]},{"name":"bone2","rotateFrame":[{"duration":9,"tweenEasing":0},{"duration":9,"tweenEasing":0,"rotate":-19.35},{"duration":9,"tweenEasing":0,"rotate":-4.98},{"duration":9,"tweenEasing":0,"rotate":-19.35},{"duration":0}]},{"name":"PET6113_xiaba","rotateFrame":[{"duration":10,"tweenEasing":0},{"duration":11,"tweenEasing":0,"rotate":4.47},{"duration":15,"tweenEasing":0,"rotate":-8.04},{"duration":0}]},{"name":"bone3","rotateFrame":[{"duration":9,"tweenEasing":0},{"duration":9,"tweenEasing":0,"rotate":-19.35},{"duration":9,"tweenEasing":0,"rotate":-4.98},{"duration":9,"tweenEasing":0,"rotate":-19.35},{"duration":0}]},{"name":"6113_xl_00001","translateFrame":[{"duration":36,"x":-18.14,"y":3.38}]}],"slot":[{"name":"PET6113_yangjingzhengchang","displayFrame":[{"duration":24,"value":4},{"duration":12},{"duration":0,"value":4}]},{"name":"PET6113_youchi1","displayFrame":[{"duration":2},{"duration":2,"value":1},{"duration":2,"value":2},{"duration":2,"value":3},{"duration":2,"value":4},{"duration":2,"value":5},{"duration":2},{"duration":2,"value":1},{"duration":2,"value":2},{"duration":2,"value":3},{"duration":2,"value":4},{"duration":2,"value":5},{"duration":2},{"duration":2,"value":1},{"duration":2,"value":2},{"duration":2,"value":3},{"duration":2,"value":4},{"duration":2,"value":5},{"duration":0}]},{"name":"PET6113_zuochi1","displayFrame":[{"duration":2},{"duration":2,"value":1},{"duration":2,"value":2},{"duration":2,"value":3},{"duration":2,"value":4},{"duration":2,"value":5},{"duration":2},{"duration":2,"value":1},{"duration":2,"value":2},{"duration":2,"value":3},{"duration":2,"value":4},{"duration":2,"value":5},{"duration":2},{"duration":2,"value":1},{"duration":2,"value":2},{"duration":2,"value":3},{"duration":2,"value":4},{"duration":2,"value":5},{"duration":0}]}]},{"duration":24,"name":"walk","bone":[{"name":"PET6113_youtui1","rotateFrame":[{"duration":8,"tweenEasing":0},{"duration":10,"tweenEasing":0,"rotate":4.6},{"duration":6,"tweenEasing":0,"rotate":-5.97},{"duration":0}]},{"name":"PET6113_tou","rotateFrame":[{"duration":8,"tweenEasing":0},{"duration":9,"tweenEasing":0,"rotate":4.03},{"duration":7,"tweenEasing":0,"rotate":-1.76},{"duration":0}]},{"name":"bone","translateFrame":[{"duration":6,"tweenEasing":0},{"duration":10,"tweenEasing":0,"y":-10},{"duration":8,"tweenEasing":0,"y":10},{"duration":0}],"rotateFrame":[{"duration":6,"tweenEasing":0,"rotate":2.35},{"duration":10,"tweenEasing":0,"rotate":2.35},{"duration":8,"tweenEasing":0,"rotate":2.11},{"duration":0,"rotate":2.35}]},{"name":"PET6113_weiba","rotateFrame":[{"duration":9,"tweenEasing":0},{"duration":9,"tweenEasing":0,"rotate":-6.65},{"duration":6,"tweenEasing":0,"rotate":10.6},{"duration":0}]},{"name":"PET6113_zuotui1","rotateFrame":[{"duration":7,"tweenEasing":0},{"duration":9,"tweenEasing":0,"rotate":-7.91},{"duration":8,"tweenEasing":0,"rotate":4.18},{"duration":0}]},{"name":"PET6113_youtui2","rotateFrame":[{"duration":8,"tweenEasing":0},{"duration":10,"tweenEasing":0,"rotate":4.6},{"duration":6,"tweenEasing":0,"rotate":-5.96},{"duration":0}]},{"name":"yz","scaleFrame":[{"duration":6,"tweenEasing":0},{"duration":10,"tweenEasing":0,"y":0.9},{"duration":8,"tweenEasing":0,"y":1.1},{"duration":0}]},{"name":"PET6113_bozi","rotateFrame":[{"duration":8,"tweenEasing":0},{"duration":9,"tweenEasing":0,"rotate":4.03},{"duration":7,"tweenEasing":0,"rotate":-1.76},{"duration":0}]},{"name":"PET6113_xiaba","rotateFrame":[{"duration":10,"tweenEasing":0},{"duration":11,"tweenEasing":0,"rotate":4.47},{"duration":3,"tweenEasing":0,"rotate":-8.04},{"duration":0}]},{"name":"bone3","rotateFrame":[{"duration":9,"tweenEasing":0},{"duration":9,"tweenEasing":0,"rotate":-19.35},{"duration":6,"tweenEasing":0,"rotate":-4.98},{"duration":0}]},{"name":"PET6113_zuotui2","rotateFrame":[{"duration":7,"tweenEasing":0},{"duration":9,"tweenEasing":0,"rotate":-7.91},{"duration":8,"tweenEasing":0,"rotate":4.18},{"duration":0}]},{"name":"bone2","rotateFrame":[{"duration":9,"tweenEasing":0},{"duration":9,"tweenEasing":0,"rotate":-19.35},{"duration":6,"tweenEasing":0,"rotate":-4.98},{"duration":0}]},{"name":"6113_xl_00001","translateFrame":[{"duration":24,"x":-18.14,"y":3.38}]}],"slot":[{"name":"PET6113_youchi1","displayFrame":[{"duration":2},{"duration":2,"value":1},{"duration":2,"value":2},{"duration":2,"value":3},{"duration":2,"value":4},{"duration":2,"value":5},{"duration":2},{"duration":2,"value":1},{"duration":2,"value":2},{"duration":2,"value":3},{"duration":2,"value":4},{"duration":2,"value":5},{"duration":0}]},{"name":"PET6113_zuochi1","displayFrame":[{"duration":2},{"duration":2,"value":1},{"duration":2,"value":2},{"duration":2,"value":3},{"duration":2,"value":4},{"duration":2,"value":5},{"duration":2},{"duration":2,"value":1},{"duration":2,"value":2},{"duration":2,"value":3},{"duration":2,"value":4},{"duration":2,"value":5},{"duration":0}]}]},{"duration":41,"name":"win","bone":[{"name":"PET6113_duzi","rotateFrame":[{"duration":8,"tweenEasing":0},{"duration":33,"tweenEasing":0,"rotate":2.21},{"duration":0}]},{"name":"PET6113_weiba","rotateFrame":[{"duration":8,"tweenEasing":0},{"duration":10,"tweenEasing":0,"rotate":7.63},{"duration":14,"tweenEasing":0,"rotate":-4.1},{"duration":9,"tweenEasing":0,"rotate":-16.38},{"duration":0}]},{"name":"PET6113_bozi","rotateFrame":[{"duration":8,"tweenEasing":0},{"duration":10,"tweenEasing":0,"rotate":10.36},{"duration":7,"tweenEasing":0,"rotate":10.46},{"duration":7,"tweenEasing":0,"rotate":-14.19},{"duration":9,"tweenEasing":0,"rotate":-17.38},{"duration":0}]},{"name":"PET6113_tou","rotateFrame":[{"duration":8,"tweenEasing":0},{"duration":10,"tweenEasing":0,"rotate":8.15},{"duration":7,"tweenEasing":0,"rotate":16.35},{"duration":7,"tweenEasing":0,"rotate":-8.29},{"duration":9,"tweenEasing":0,"rotate":-11.49},{"duration":0}]},{"name":"PET6113_youtui1","rotateFrame":[{"duration":8,"tweenEasing":0},{"duration":10,"tweenEasing":0,"rotate":4.6},{"duration":14,"tweenEasing":0,"rotate":-8.71},{"duration":9,"tweenEasing":0,"rotate":-21.08},{"duration":0}]},{"name":"bone","translateFrame":[{"duration":8,"tweenEasing":0},{"duration":10,"tweenEasing":0,"y":15},{"duration":14,"tweenEasing":0,"y":-10},{"duration":9,"tweenEasing":0,"y":-28},{"duration":0}]},{"name":"yz","scaleFrame":[{"duration":8,"tweenEasing":0},{"duration":10,"tweenEasing":0,"y":1.1},{"duration":14,"tweenEasing":0,"y":0.9},{"duration":9,"tweenEasing":0,"y":0.8},{"duration":0}]},{"name":"PET6113_zuotui1","rotateFrame":[{"duration":8,"tweenEasing":0},{"duration":10,"tweenEasing":0,"rotate":-7.91},{"duration":14,"tweenEasing":0,"rotate":7.72},{"duration":9,"tweenEasing":0,"rotate":-18.12},{"duration":0}]},{"name":"PET6113_xiaba","rotateFrame":[{"duration":8,"tweenEasing":0},{"duration":10,"tweenEasing":0,"rotate":-20.91},{"duration":14,"tweenEasing":0,"rotate":-24.33},{"duration":9,"tweenEasing":0,"rotate":5.63},{"duration":0}]},{"name":"PET6113_youtui2","rotateFrame":[{"duration":8,"tweenEasing":0},{"duration":10,"tweenEasing":0,"rotate":4.6},{"duration":23,"tweenEasing":0,"rotate":-8.7},{"duration":0}]},{"name":"bone3","rotateFrame":[{"duration":8,"tweenEasing":0},{"duration":10,"tweenEasing":0,"rotate":7.63},{"duration":14,"tweenEasing":0,"rotate":-7.93},{"duration":9,"tweenEasing":0,"rotate":-20.2},{"duration":0}]},{"name":"PET6113_zuotui2","rotateFrame":[{"duration":8,"tweenEasing":0},{"duration":10,"tweenEasing":0,"rotate":-7.91},{"duration":23,"tweenEasing":0,"rotate":-6.81},{"duration":0}]},{"name":"bone2","rotateFrame":[{"duration":8,"tweenEasing":0},{"duration":10,"tweenEasing":0,"rotate":7.63},{"duration":14,"tweenEasing":0,"rotate":26.87},{"duration":9,"tweenEasing":0,"rotate":14.6},{"duration":0}]},{"name":"6113_xl_00001","translateFrame":[{"duration":41,"x":-18.14,"y":3.38}]}],"slot":[{"name":"PET6113_yangjingzhengchang","displayFrame":[{"duration":7,"value":4},{"duration":34,"value":1},{"duration":0,"value":4}]},{"name":"PET6113_youchi1","displayFrame":[{"duration":3},{"duration":3,"value":1},{"duration":2,"value":2},{"duration":2,"value":3},{"duration":2,"value":4},{"duration":2,"value":5},{"duration":2},{"duration":2,"value":1},{"duration":2,"value":2},{"duration":2,"value":3},{"duration":2,"value":4},{"duration":2,"value":5},{"duration":2},{"duration":2,"value":1},{"duration":2,"value":2},{"duration":3,"value":3},{"duration":3,"value":4},{"duration":3,"value":5},{"duration":0}]},{"name":"PET6113_zuochi1","displayFrame":[{"duration":3},{"duration":3,"value":1},{"duration":2,"value":2},{"duration":2,"value":3},{"duration":2,"value":4},{"duration":2,"value":5},{"duration":2},{"duration":2,"value":1},{"duration":2,"value":2},{"duration":2,"value":3},{"duration":2,"value":4},{"duration":2,"value":5},{"duration":2},{"duration":2,"value":1},{"duration":2,"value":2},{"duration":3,"value":3},{"duration":3,"value":4},{"duration":3,"value":5},{"duration":0}]}]}],"defaultActions":[{"gotoAndPlay":"attack"}]}]}