{"width":1024,"imagePath":"P6113_tex.png","height":1024,"name":"P6113","SubTexture":[{"width":120,"y":712,"height":24,"name":"pet_yinying","x":1},{"frameY":-74,"y":578,"frameWidth":113,"frameX":-43,"frameHeight":174,"width":64,"height":80,"name":"PET6113_zuochi2","x":170},{"frameY":-57,"y":595,"frameWidth":113,"frameX":-40,"frameHeight":174,"width":68,"height":60,"name":"PET6113_zuochi5","x":1},{"frameY":-32,"y":629,"frameWidth":113,"frameX":-4,"frameHeight":174,"width":74,"height":57,"name":"PET6113_zuochi6","x":236},{"frameY":-75,"y":578,"frameWidth":113,"frameX":-39,"frameHeight":174,"width":60,"height":95,"name":"PET6113_zuochi4","x":108},{"frameY":-4,"y":1,"frameWidth":113,"frameX":-18,"frameHeight":174,"width":69,"height":84,"name":"PET6113_zuochi1","x":951},{"frameY":-75,"y":600,"frameWidth":113,"frameX":-38,"frameHeight":174,"width":63,"height":91,"name":"PET6113_zuochi3","x":346},{"frameY":-2,"y":474,"frameWidth":22,"frameX":-1,"frameHeight":41,"width":18,"height":35,"name":"PET6113_zuotui2","x":445},{"frameY":-4,"y":489,"frameWidth":27,"frameX":-3,"frameHeight":41,"width":21,"height":33,"name":"PET6113_zuotui1","x":108},{"frameY":-1,"y":660,"frameWidth":59,"frameX":-3,"frameHeight":64,"width":53,"height":60,"name":"PET6113_duzi","x":170},{"frameY":-3,"y":657,"frameWidth":49,"frameX":-4,"frameHeight":46,"width":42,"height":39,"name":"PET6113_bozi","x":63},{"frameY":-4,"y":595,"frameWidth":41,"frameX":-5,"frameHeight":55,"width":32,"height":45,"name":"PET6113_xiaba","x":71},{"frameY":-6,"y":657,"frameWidth":69,"frameX":-5,"frameHeight":62,"width":60,"height":53,"name":"PET6113_tou","x":1},{"width":105,"y":565,"height":62,"name":"PET6113_weiba","x":239},{"frameY":-1,"y":524,"frameWidth":22,"frameX":0,"frameHeight":42,"width":18,"height":35,"name":"PET6113_youtui2","x":108},{"frameY":-3,"y":268,"frameWidth":33,"frameX":-5,"frameHeight":43,"width":25,"height":36,"name":"PET6113_youtui1","x":133},{"frameY":-4,"y":565,"frameWidth":25,"frameX":-3,"frameHeight":27,"width":18,"height":19,"name":"PET6113_yangjingbiyan","x":346},{"frameY":-4,"y":511,"frameWidth":25,"frameX":-3,"frameHeight":27,"width":18,"height":19,"name":"PET6113_yangjingzhengchang","x":445},{"frameY":-4,"y":327,"frameWidth":25,"frameX":-3,"frameHeight":27,"width":18,"height":19,"name":"PET6113_yangjingsiwang","x":133},{"frameY":-4,"y":306,"frameWidth":25,"frameX":-3,"frameHeight":27,"width":18,"height":19,"name":"PET6113_yangjingshengli","x":133},{"frameY":-4,"y":532,"frameWidth":25,"frameX":-3,"frameHeight":27,"width":18,"height":19,"name":"PET6113_yangjingshouji","x":445},{"frameY":-74,"y":483,"frameWidth":137,"frameX":-53,"frameHeight":194,"width":77,"height":115,"name":"PET6113_youchi3","x":366},{"frameY":-25,"y":570,"frameWidth":137,"frameX":-2,"frameHeight":194,"width":127,"height":67,"name":"PET6113_youchi6","x":445},{"frameY":-75,"y":131,"frameWidth":137,"frameX":-72,"frameHeight":194,"width":56,"height":116,"name":"PET6113_youchi2","x":950},{"frameY":-2,"y":380,"frameWidth":137,"frameX":-10,"frameHeight":194,"width":119,"height":90,"name":"PET6113_youchi1","x":465},{"frameY":-56,"y":570,"frameWidth":137,"frameX":-40,"frameHeight":194,"width":89,"height":81,"name":"PET6113_youchi5","x":574},{"frameY":-74,"y":472,"frameWidth":137,"frameX":-20,"frameHeight":194,"width":109,"height":96,"name":"PET6113_youchi4","x":465},{"frameY":-22,"y":261,"frameWidth":201,"frameX":-20,"frameHeight":151,"width":162,"height":108,"name":"pet6113_tx_skill_xl_00005","x":163},{"frameY":-18,"y":134,"frameWidth":201,"frameX":-16,"frameHeight":151,"width":171,"height":115,"name":"pet6113_tx_skill_xl_00004","x":544},{"frameY":-65,"y":87,"frameWidth":201,"frameX":-77,"frameHeight":151,"width":59,"height":35,"name":"pet6113_tx_skill_xl_00007","x":951},{"frameY":-11,"y":131,"frameWidth":201,"frameX":-11,"frameHeight":151,"width":185,"height":128,"name":"pet6113_tx_skill_xl_00003","x":763},{"frameY":-12,"y":1,"frameWidth":201,"frameX":-7,"frameHeight":151,"width":187,"height":131,"name":"pet6113_tx_skill_xl_00001","x":385},{"frameY":-30,"y":380,"frameWidth":201,"frameX":-30,"frameHeight":151,"width":148,"height":90,"name":"pet6113_tx_skill_xl_00006","x":133},{"frameY":-11,"y":1,"frameWidth":201,"frameX":-7,"frameHeight":151,"width":186,"height":128,"name":"pet6113_tx_skill_xl_00000","x":763},{"frameY":-11,"y":1,"frameWidth":201,"frameX":-8,"frameHeight":151,"width":187,"height":131,"name":"pet6113_tx_skill_xl_00002","x":574},{"frameY":-72,"y":675,"frameWidth":201,"frameX":-87,"frameHeight":151,"width":41,"height":25,"name":"pet6113_tx_skill_xl_00008","x":107},{"frameY":-7,"y":367,"frameWidth":117,"frameX":-7,"frameHeight":114,"width":105,"height":103,"name":"pet6113_tx_skill_dq_00007","x":802},{"frameY":-8,"y":472,"frameWidth":117,"frameX":-9,"frameHeight":114,"width":105,"height":104,"name":"pet6113_tx_skill_dq_00009","x":132},{"frameY":-8,"y":475,"frameWidth":117,"frameX":-9,"frameHeight":114,"width":102,"height":103,"name":"pet6113_tx_skill_dq_00011","x":693},{"frameY":-7,"y":489,"frameWidth":117,"frameX":-9,"frameHeight":114,"width":105,"height":104,"name":"pet6113_tx_skill_dq_00014","x":1},{"frameY":-5,"y":261,"frameWidth":117,"frameX":-9,"frameHeight":114,"width":103,"height":106,"name":"pet6113_tx_skill_dq_00008","x":697},{"frameY":-9,"y":380,"frameWidth":117,"frameX":-9,"frameHeight":114,"width":105,"height":101,"name":"pet6113_tx_skill_dq_00010","x":586},{"frameY":-6,"y":261,"frameWidth":117,"frameX":-9,"frameHeight":114,"width":104,"height":104,"name":"pet6113_tx_skill_dq_00013","x":908},{"frameY":-7,"y":261,"frameWidth":117,"frameX":-9,"frameHeight":114,"width":104,"height":104,"name":"pet6113_tx_skill_dq_00006","x":802},{"frameY":-7,"y":369,"frameWidth":117,"frameX":-8,"frameHeight":114,"width":103,"height":104,"name":"pet6113_tx_skill_dq_00012","x":697},{"frameY":-16,"y":1,"frameWidth":209,"frameX":-8,"frameHeight":153,"width":192,"height":133,"name":"6113_xl_00008","x":1},{"frameY":-33,"y":392,"frameWidth":209,"frameX":-38,"frameHeight":153,"width":129,"height":95,"name":"6113_xl_00002","x":1},{"frameY":-19,"y":1,"frameWidth":209,"frameX":-7,"frameHeight":153,"width":188,"height":131,"name":"6113_xl_00007","x":195},{"frameY":-53,"y":483,"frameWidth":209,"frameX":-39,"frameHeight":153,"width":125,"height":80,"name":"6113_xl_00001","x":239},{"frameY":-18,"y":251,"frameWidth":209,"frameX":-27,"frameHeight":153,"width":151,"height":127,"name":"6113_xl_00006","x":544},{"frameY":-18,"y":136,"frameWidth":209,"frameX":-22,"frameHeight":153,"width":160,"height":130,"name":"6113_xl_00005","x":1},{"frameY":-41,"y":483,"frameWidth":209,"frameX":-58,"frameHeight":153,"width":87,"height":81,"name":"6113_xl_00012","x":576},{"frameY":-21,"y":134,"frameWidth":209,"frameX":-18,"frameHeight":153,"width":168,"height":121,"name":"6113_xl_00004","x":374},{"frameY":-20,"y":268,"frameWidth":209,"frameX":-35,"frameHeight":153,"width":130,"height":122,"name":"6113_xl_00011","x":1},{"frameY":-29,"y":366,"frameWidth":209,"frameX":-37,"frameHeight":153,"width":136,"height":106,"name":"6113_xl_00010","x":327},{"frameY":-23,"y":257,"frameWidth":209,"frameX":-20,"frameHeight":153,"width":164,"height":107,"name":"6113_xl_00003","x":374},{"frameY":-21,"y":134,"frameWidth":209,"frameX":-16,"frameHeight":153,"width":177,"height":123,"name":"6113_xl_00009","x":195}]}