{"width":512,"SubTexture":[{"frameWidth":21,"y":293,"frameHeight":21,"width":16,"frameX":-2,"height":16,"name":"pet6005_youshoubi","frameY":-2,"x":473},{"width":120,"y":485,"height":24,"name":"pet_yinying","x":1},{"frameWidth":17,"y":265,"frameHeight":28,"width":12,"frameX":-3,"height":26,"name":"pet6005_zuoshouzhang","frameY":-1,"x":476},{"width":39,"y":1,"height":63,"name":"pet6005_weib","x":438},{"frameWidth":31,"y":108,"frameHeight":25,"width":27,"frameX":-2,"height":24,"name":"pet6005_zuojiao","frameY":-1,"x":438},{"frameWidth":22,"y":265,"frameHeight":26,"width":18,"frameX":-2,"height":22,"name":"pet6005_zuotui","frameY":-2,"x":456},{"frameWidth":26,"y":47,"frameHeight":45,"width":26,"frameX":0,"height":40,"name":"pet6005_001-0001","frameY":-4,"x":481},{"frameWidth":26,"y":89,"frameHeight":45,"width":23,"frameX":-1,"height":43,"name":"pet6005_001-0002","frameY":-1,"x":481},{"frameWidth":26,"y":1,"frameHeight":45,"width":26,"frameX":0,"height":44,"name":"pet6005_001-0003","frameY":0,"x":479},{"frameWidth":26,"y":135,"frameHeight":45,"width":21,"frameX":-3,"height":35,"name":"pet6005_001-0004","frameY":-10,"x":130},{"width":51,"y":201,"height":62,"name":"pet6005_shenti","x":426},{"frameWidth":28,"y":314,"frameHeight":18,"width":24,"frameX":-2,"height":14,"name":"pet6005_zuiba","frameY":-2,"x":456},{"frameWidth":47,"y":66,"frameHeight":43,"width":41,"frameX":-3,"height":40,"name":"pet6005_naodai","frameY":-2,"x":438},{"width":21,"y":377,"height":20,"name":"pet6005_yanjing","x":437},{"frameWidth":18,"y":214,"frameHeight":15,"width":13,"frameX":-3,"height":11,"name":"pet6005_yangjingsl","frameY":-1,"x":479},{"frameWidth":18,"y":227,"frameHeight":15,"width":13,"frameX":-3,"height":11,"name":"pet6005_yangjisiwang","frameY":-1,"x":479},{"frameWidth":18,"y":240,"frameHeight":15,"width":13,"frameX":-3,"height":11,"name":"pet6005_yangjinggongji","frameY":-1,"x":479},{"frameWidth":18,"y":330,"frameHeight":15,"width":13,"frameX":-3,"height":12,"name":"pet6005_yangjishouji","frameY":-1,"x":456},{"frameWidth":18,"y":201,"frameHeight":15,"width":13,"frameX":-3,"height":11,"name":"pet6005_yangjingzc","frameY":-1,"x":479},{"width":22,"y":201,"height":22,"name":"pet6005_youjiao","x":130},{"frameWidth":20,"y":172,"frameHeight":31,"width":20,"frameX":0,"height":27,"name":"pet6005_youtui","frameY":-2,"x":130},{"frameWidth":20,"y":289,"frameHeight":26,"width":15,"frameX":-2,"height":23,"name":"pet6005_youshouza","frameY":-1,"x":456},{"frameWidth":19,"y":225,"frameHeight":28,"width":17,"frameX":-1,"height":27,"name":"pet6005_zuoshoubi","frameY":0,"x":130},{"frameWidth":91,"y":344,"frameHeight":89,"width":52,"frameX":-20,"height":54,"name":"pet6004_attack_xl_00004","frameY":-17,"x":383},{"frameWidth":91,"y":403,"frameHeight":89,"width":75,"frameX":-8,"height":77,"name":"pet6004_attack_xl_00001","frameY":-5,"x":254},{"frameWidth":91,"y":344,"frameHeight":89,"width":29,"frameX":-32,"height":31,"name":"pet6004_attack_xl_00006","frameY":-28,"x":437},{"frameWidth":91,"y":135,"frameHeight":89,"width":58,"frameX":-17,"height":64,"name":"pet6004_attack_xl_00003","frameY":-12,"x":426},{"frameWidth":91,"y":269,"frameHeight":89,"width":71,"frameX":-10,"height":73,"name":"pet6004_attack_xl_00000","frameY":-6,"x":383},{"frameWidth":91,"y":400,"frameHeight":89,"width":38,"frameX":-28,"height":40,"name":"pet6004_attack_xl_00005","frameY":-24,"x":407},{"frameWidth":91,"y":403,"frameHeight":89,"width":74,"frameX":-9,"height":77,"name":"pet6004_attack_xl_00002","frameY":-5,"x":331},{"frameWidth":177,"y":1,"frameHeight":132,"width":146,"frameX":-7,"height":131,"name":"pet6005_02_part01_00009","frameY":-1,"x":155},{"frameWidth":177,"y":394,"frameHeight":132,"width":125,"frameX":-52,"height":109,"name":"pet6005_02_part01_00018","frameY":-2,"x":127},{"frameWidth":177,"y":269,"frameHeight":132,"width":124,"frameX":-53,"height":132,"name":"pet6005_02_part01_00015","frameY":0,"x":257},{"frameWidth":177,"y":1,"frameHeight":132,"width":133,"frameX":-34,"height":132,"name":"pet6005_02_part01_00012","frameY":0,"x":303},{"frameWidth":177,"y":134,"frameHeight":132,"width":140,"frameX":0,"height":125,"name":"pet6005_02_part01_00008","frameY":-7,"x":155},{"frameWidth":177,"y":261,"frameHeight":132,"width":125,"frameX":-52,"height":131,"name":"pet6005_02_part01_00017","frameY":-1,"x":130},{"frameWidth":177,"y":135,"frameHeight":132,"width":127,"frameX":-50,"height":132,"name":"pet6005_02_part01_00014","frameY":0,"x":1},{"frameWidth":177,"y":1,"frameHeight":132,"width":152,"frameX":-18,"height":132,"name":"pet6005_02_part01_00010","frameY":0,"x":1},{"frameWidth":177,"y":403,"frameHeight":132,"width":117,"frameX":-60,"height":80,"name":"pet6005_02_part01_00020","frameY":-8,"x":1},{"frameWidth":177,"y":269,"frameHeight":132,"width":124,"frameX":-53,"height":132,"name":"pet6005_02_part01_00016","frameY":0,"x":1},{"frameWidth":177,"y":135,"frameHeight":132,"width":127,"frameX":-48,"height":132,"name":"pet6005_02_part01_00013","frameY":0,"x":297}],"height":512,"name":"P6005","imagePath":"P6005_tex.png"}