{"frameRate":30,"name":"P6005","version":"5.5","compatibleVersion":"5.5","armature":[{"type":"Armature","frameRate":30,"name":"Armature","aabb":{"x":-57.22,"y":-132.07,"width":346.97,"height":143.68},"bone":[{"name":"root"},{"name":"bf","parent":"root","transform":{"x":1,"y":-115}},{"name":"bone","parent":"root","transform":{"y":-40}},{"name":"fs","parent":"root","transform":{"x":75.36,"y":-66.71}},{"name":"mz","parent":"root","transform":{"x":-1.85,"y":-41.47}},{"length":101,"name":"pet6005_02_part01_00008","parent":"root","transform":{"x":61.92,"y":-64.81,"skX":1.8,"skY":1.8,"scX":2,"scY":2}},{"length":24,"name":"yz","parent":"root","transform":{"x":0.17,"y":-0.02,"skX":89.54,"skY":89.54}},{"length":25,"name":"pet6005_shenti","parent":"bone","transform":{"x":-10.1,"y":20.18,"skX":-45.45,"skY":-45.45}},{"length":27,"name":"bone65","parent":"pet6005_shenti","transform":{"x":25.51,"skX":-24.17,"skY":-24.17}},{"length":23,"name":"pet6005_weib","parent":"pet6005_shenti","transform":{"x":1.75,"y":1.08,"skX":-107.48,"skY":-107.48}},{"length":18,"name":"pet6005_youtui","parent":"pet6005_shenti","transform":{"x":6.66,"y":-13.14,"skX":127.37,"skY":127.37}},{"length":16,"name":"pet6005_zuotui","parent":"pet6005_shenti","transform":{"x":26.54,"y":8.73,"skX":132.65,"skY":132.65}},{"length":19,"name":"bone2","parent":"pet6005_weib","transform":{"x":24.03,"y":-0.11,"skX":41.4,"skY":41.4}},{"length":34,"name":"pet6005_naodai","parent":"bone65","transform":{"x":26.8,"y":-0.11,"skX":11.65,"skY":11.65}},{"length":14,"name":"pet6005_youjiao","parent":"pet6005_youtui","transform":{"x":18.04,"y":0.37,"skX":24.54,"skY":24.54}},{"length":18,"name":"pet6005_youshoubi","parent":"bone65","transform":{"x":20.53,"y":3.84,"skX":108.7,"skY":108.7}},{"length":14,"name":"pet6005_zuojiao","parent":"pet6005_zuotui","transform":{"x":15.18,"y":-0.04,"skX":28.16,"skY":28.16}},{"length":21,"name":"pet6005_zuoshoubi","parent":"bone65","transform":{"x":14.36,"y":-5.41,"skX":175.94,"skY":175.94}},{"length":17,"name":"pet6005_youshouza","parent":"pet6005_zuoshoubi","transform":{"x":21.36,"y":0.11,"skX":-25.09,"skY":-25.09}},{"length":30,"name":"pet6004_attack_xl_00000","parent":"pet6005_naodai","transform":{"x":13.63,"y":25.5,"skX":-31.13,"skY":-31.13}},{"length":12,"name":"pet6005_yangjinggongji","parent":"pet6005_naodai","transform":{"x":13.81,"y":-5.34,"skX":74.89,"skY":74.89}},{"length":24,"name":"bone3","parent":"bone2","transform":{"x":19.89,"y":0.01,"skX":41.4,"skY":41.4}},{"length":23,"name":"pet6005_zuiba","parent":"pet6005_naodai","transform":{"x":4.14,"y":-1.27,"skX":85.49,"skY":85.49}},{"length":23,"name":"pet6005_zuoshouzhang","parent":"pet6005_youshoubi","transform":{"x":18.05,"y":0.05,"skX":36.5,"skY":36.5}},{"length":29,"name":"pet6005_001-0001","parent":"bone3","transform":{"x":26.42,"y":0.7,"skX":-18.84,"skY":-18.84}}],"slot":[{"name":"pet6005_youshoubi","parent":"pet6005_youshoubi"},{"name":"pet_yinying","parent":"yz"},{"name":"pet6005_zuoshouzhang","parent":"pet6005_zuoshouzhang"},{"name":"pet6005_weib","parent":"pet6005_weib"},{"name":"pet6005_zuojiao","parent":"pet6005_zuojiao"},{"name":"pet6005_zuotui","parent":"pet6005_zuotui"},{"name":"pet6005_001-0001","parent":"pet6005_001-0001"},{"name":"pet6005_shenti","parent":"pet6005_shenti"},{"name":"pet6005_zuiba","parent":"pet6005_zuiba"},{"name":"pet6005_naodai","parent":"pet6005_naodai"},{"displayIndex":2,"name":"pet6005_yangjinggongji","parent":"pet6005_yangjinggongji"},{"name":"pet6005_youjiao","parent":"pet6005_youjiao"},{"name":"pet6005_youtui","parent":"pet6005_youtui"},{"name":"pet6005_youshouza","parent":"pet6005_youshouza"},{"name":"pet6005_zuoshoubi","parent":"pet6005_zuoshoubi"},{"displayIndex":-1,"name":"pet6004_attack_xl_00000","parent":"pet6004_attack_xl_00000"},{"displayIndex":1,"name":"pet6005_02_part01_00008","parent":"pet6005_02_part01_00008"}],"skin":[{"slot":[{"name":"pet6005_youshoubi","display":[{"name":"pet6005_youshoubi","transform":{"x":11.28,"y":-0.13,"skX":-39.07,"skY":-39.07}}]},{"name":"pet6005_zuoshoubi","display":[{"name":"pet6005_zuoshoubi","transform":{"x":11.76,"y":-0.12,"skX":-106.32,"skY":-106.32}}]},{"name":"pet6005_youtui","display":[{"name":"pet6005_youtui","transform":{"x":13.5,"y":-0.6,"skX":-81.91,"skY":-81.91}}]},{"name":"pet_yinying","display":[{"name":"pet_yinying","transform":{"x":-0.35,"y":-2.61,"skX":-89.54,"skY":-89.54,"scX":0.8}}]},{"name":"pet6005_001-0001","display":[{"name":"pet6005_001-0001","transform":{"x":16.08,"y":0.19,"skX":88.96,"skY":88.96}},{"name":"pet6005_001-0002","transform":{"x":16.08,"y":0.19,"skX":88.96,"skY":88.96}},{"name":"pet6005_001-0003","transform":{"x":16.08,"y":0.19,"skX":88.96,"skY":88.96}},{"name":"pet6005_001-0004","transform":{"x":16.08,"y":0.19,"skX":88.96,"skY":88.96}}]},{"name":"pet6005_yangjinggongji","display":[{"name":"pet6005_yangjinggongji","transform":{"x":1.1,"y":-0.13,"skX":-16.93,"skY":-16.93}},{"name":"pet6005_yangjingsl","transform":{"x":1.1,"y":-0.13,"skX":-16.93,"skY":-16.93}},{"name":"pet6005_yangjingzc","transform":{"x":1.1,"y":-0.13,"skX":-16.93,"skY":-16.93}},{"name":"pet6005_yangjishouji","transform":{"x":1.1,"y":-0.13,"skX":-16.93,"skY":-16.93}},{"name":"pet6005_yangjisiwang","transform":{"x":1.1,"y":-0.13,"skX":-16.93,"skY":-16.93}},{"name":"pet6005_yanjing","transform":{"x":1.96,"y":-3.9,"skX":-16.93,"skY":-16.93}}]},{"name":"pet6005_zuotui","display":[{"name":"pet6005_zuotui","transform":{"x":13.4,"y":0.34,"skX":-87.19,"skY":-87.19}}]},{"name":"pet6005_zuiba","display":[{"name":"pet6005_zuiba","transform":{"x":11.8,"y":-0.48,"skX":-27.53,"skY":-27.53}}]},{"name":"pet6005_weib","display":[{"type":"mesh","name":"pet6005_weib","width":39,"height":63,"vertices":[-22.29,-75.14,-28.54,-65.35,-30.99,-52.69,-24.99,-40.86,-10.71,-33.78,-5.26,-26.02,-3.94,-19.91,-7.44,-15.84,-12.73,-14.06,-21.45,-16.5,-30.01,-21.67,-38.85,-29.83,-42.53,-43.03,-40.63,-58.81,-34.12,-69.42,-25.96,-76.38,-8.39,-20.31,-28.8,-31.34,-37.09,-49.71,-29.34,-70.52,-26.08,-73.24],"uvs":[0.52988,0.01955,0.36939,0.17505,0.3066,0.3759,0.4601,0.5638,0.82642,0.6761,0.96597,0.79921,1,0.89639,0.91015,0.96118,0.77409,0.98926,0.55081,0.95039,0.33102,0.86832,0.10425,0.73873,0.01005,0.52924,0.05889,0.27871,0.22635,0.11026,0.43568,0,0.88549,0.89001,0.36228,0.71494,0.14965,0.42333,0.34871,0.09294,0.43247,0.04977],"triangles":[5,16,6,16,7,6,4,16,5,16,8,7,9,8,16,3,17,4,20,1,0,19,1,20,17,10,9,15,20,0,2,18,3,12,11,17,14,19,15,15,19,20,11,10,17,13,12,18,4,16,17,17,9,16,3,17,18,18,12,17,18,2,1,18,1,19,14,13,19,13,18,19],"weights":[1,21,1,1,21,1,2,12,0.14703,21,0.85295,2,9,0.19143,12,0.80856,2,9,0.99898,12,0.00101,1,9,1,1,9,1,1,9,1,1,9,1,1,9,1,2,9,0.9438,12,0.05619,2,9,0.11044,12,0.88955,2,12,0.98844,21,0.01155,1,21,1,1,21,1,1,21,1,1,9,1,2,9,0.5,12,0.5,2,12,0.5,21,0.5,1,21,1,1,21,1],"slotPose":[1,0,0,1,0,0],"bonePose":[21,0.339887,-0.940466,0.940466,0.339887,-36.840367,-49.652912,12,-0.366988,-0.930226,0.930226,-0.366988,-29.550272,-31.147056,9,-0.890451,-0.455079,0.455079,-0.890451,-8.10267,-20.309463],"edges":[12,11,11,10,10,9,9,8,8,7,7,6,6,5,5,4,4,3,3,2,2,1,1,0,0,15,15,14,14,13,13,12],"userEdges":[16,17,17,18,18,19,19,20]}]},{"name":"pet6005_shenti","display":[{"type":"mesh","name":"pet6005_shenti","width":51,"height":62,"vertices":[-21.04,-23,-15.34,-17.68,-4.78,-14.03,8.44,-14.79,20.59,-22.7,23.65,-27.78,26.67,-32.8,26.52,-49.52,24.47,-55.68,24.39,-63.12,20.69,-69.76,14.61,-71.6,10.65,-70.23,7.23,-62.33,-3.4,-57.47,-8.6,-53.24,-15.82,-47.38,-22.13,-36.51,-23.31,-29.68,-8.16,-20.11,7.86,-38.47,17.12,-62.97],"uvs":[0.04437,0.80038,0.15614,0.88619,0.36327,0.94503,0.62256,0.93277,0.86099,0.80528,0.92095,0.72329,0.98021,0.64225,0.97723,0.37258,0.93699,0.27329,0.9355,0.15316,0.86271,0.04576,0.74349,0.01634,0.666,0.0384,0.59895,0.16588,0.39032,0.24433,0.28838,0.31243,0.1468,0.40701,0.02312,0.5823,0,0.69262,0.29728,0.84699,0.61128,0.55072,0.79291,0.15569],"triangles":[7,20,6,20,5,6,8,20,7,21,8,9,10,21,9,20,4,5,20,3,4,11,21,10,13,14,20,11,12,21,12,13,21,20,19,3,14,15,20,19,2,3,15,16,20,16,19,20,16,17,19,18,0,19,17,18,19,19,1,2,0,1,19,8,20,21,13,20,21],"weights":[1,7,1,1,7,1,1,7,0.99999,2,7,0.96857,8,0.03142,2,7,0.68542,8,0.31457,2,7,0.50796,8,0.49203,2,7,0.33263,8,0.66736,3,7,0.01123,8,0.98799,13,0.00077,1,8,1,2,8,0.49258,13,0.50741,1,13,1,2,8,0.17101,13,0.82898,2,8,0.30919,13,0.6908,2,7,0.00284,8,0.99715,2,7,0.16401,8,0.83598,2,7,0.39511,8,0.60487,2,7,0.74148,8,0.25851,2,7,0.96677,8,0.03322,2,7,0.99627,8,0.00372,1,7,1,2,7,0.5,8,0.5,2,8,0.73283,13,0.26716],"slotPose":[1,0,0,1,0,0],"bonePose":[7,0.701531,-0.712639,0.712639,0.701531,-10.1,-19.82,13,0.530363,-0.847771,0.847771,0.530363,17.025914,-63.160132,8,0.348245,-0.937404,0.937404,0.348245,7.796067,-37.999409],"edges":[18,0,0,1,1,2,2,3,3,4,4,5,5,6,6,7,7,8,8,9,9,10,10,11,11,12,12,13,13,14,14,15,15,16,16,17,17,18],"userEdges":[19,20,20,21]}]},{"name":"pet6005_zuoshouzhang","display":[{"name":"pet6005_zuoshouzhang","transform":{"x":10.33,"y":0.54,"skX":-75.58,"skY":-75.58}}]},{"name":"pet6005_youshouza","display":[{"name":"pet6005_youshouza","transform":{"x":9.24,"y":-1.4,"skX":-81.22,"skY":-81.22}}]},{"name":"pet6005_youjiao","display":[{"name":"pet6005_youjiao","transform":{"x":7.77,"y":-2.15,"skX":-106.46,"skY":-106.46}}]},{"name":"pet6004_attack_xl_00000","display":[{"name":"pet6004_attack_xl_00000","transform":{"x":-1.36,"y":-2.15,"skX":89.09,"skY":89.09}},{"name":"pet6004_attack_xl_00001","transform":{"x":-1.36,"y":-2.15,"skX":89.09,"skY":89.09}},{"name":"pet6004_attack_xl_00002","transform":{"x":-1.36,"y":-2.15,"skX":89.09,"skY":89.09}},{"name":"pet6004_attack_xl_00003","transform":{"x":-1.36,"y":-2.15,"skX":89.09,"skY":89.09}},{"name":"pet6004_attack_xl_00004","transform":{"x":-1.36,"y":-2.15,"skX":89.09,"skY":89.09}},{"name":"pet6004_attack_xl_00005","transform":{"x":-1.36,"y":-2.15,"skX":89.09,"skY":89.09}},{"name":"pet6004_attack_xl_00006","transform":{"x":-1.36,"y":-2.15,"skX":89.09,"skY":89.09}}]},{"name":"pet6005_naodai","display":[{"name":"pet6005_naodai","transform":{"x":21.15,"y":-0.95,"skX":57.96,"skY":57.96}}]},{"name":"pet6005_zuojiao","display":[{"name":"pet6005_zuojiao","transform":{"x":7.13,"y":-5.24,"skX":-115.36,"skY":-115.36}}]},{"name":"pet6005_02_part01_00008","display":[{"name":"pet6005_02_part01_00008","transform":{"x":69.61,"y":-2.82,"skX":-1.8,"skY":-1.8}},{"name":"pet6005_02_part01_00009","transform":{"x":69.61,"y":-2.82,"skX":-1.8,"skY":-1.8}},{"name":"pet6005_02_part01_00010","transform":{"x":69.61,"y":-2.82,"skX":-1.8,"skY":-1.8}},{"name":"pet6005_02_part01_00012","transform":{"x":69.61,"y":-2.82,"skX":-1.8,"skY":-1.8}},{"name":"pet6005_02_part01_00013","transform":{"x":69.61,"y":-2.82,"skX":-1.8,"skY":-1.8}},{"name":"pet6005_02_part01_00014","transform":{"x":69.61,"y":-2.82,"skX":-1.8,"skY":-1.8}},{"name":"pet6005_02_part01_00015","transform":{"x":69.61,"y":-2.82,"skX":-1.8,"skY":-1.8}},{"name":"pet6005_02_part01_00016","transform":{"x":69.61,"y":-2.82,"skX":-1.8,"skY":-1.8}},{"name":"pet6005_02_part01_00017","transform":{"x":69.61,"y":-2.82,"skX":-1.8,"skY":-1.8}},{"name":"pet6005_02_part01_00018","transform":{"x":69.61,"y":-2.82,"skX":-1.8,"skY":-1.8}},{"name":"pet6005_02_part01_00020","transform":{"x":69.61,"y":-2.82,"skX":-1.8,"skY":-1.8}}]}]}],"animation":[{"duration":40,"name":"attack","frame":[{"duration":22},{"duration":0,"events":[{"name":"0"}]}],"bone":[{"name":"pet6005_zuiba","rotateFrame":[{"duration":8,"tweenEasing":0},{"duration":13,"rotate":-19.14},{"tweenEasing":0,"rotate":-19.14},{"duration":11,"tweenEasing":0,"rotate":15.6},{"duration":7,"tweenEasing":0,"rotate":18.25},{"duration":0}]},{"name":"pet6005_shenti","rotateFrame":[{"duration":8},{"duration":5,"tweenEasing":0},{"duration":8,"tweenEasing":0,"rotate":-29.71},{"tweenEasing":0,"rotate":-33.01},{"tweenEasing":0},{"duration":2,"tweenEasing":0,"rotate":-8.59},{"duration":8,"tweenEasing":0,"rotate":-0.32},{"duration":7,"tweenEasing":0,"rotate":-1.19},{"duration":0}]},{"name":"bone","translateFrame":[{"duration":8,"tweenEasing":0},{"duration":5,"tweenEasing":0,"y":6},{"duration":8,"tweenEasing":0,"x":-4.5,"y":0.59},{"tweenEasing":0,"x":-5},{"tweenEasing":0,"x":10},{"duration":2,"tweenEasing":0},{"duration":8,"tweenEasing":0,"x":10},{"duration":7,"tweenEasing":0,"x":12,"y":1},{"duration":0}]},{"name":"pet6005_youshoubi","rotateFrame":[{"duration":8,"tweenEasing":0},{"duration":13,"tweenEasing":0,"rotate":-39.35},{"tweenEasing":0,"rotate":18.33},{"duration":11,"tweenEasing":0,"rotate":-17.22},{"duration":7,"tweenEasing":0,"rotate":-23.8},{"duration":0}]},{"name":"bone3","rotateFrame":[{"duration":8,"tweenEasing":0},{"duration":13,"tweenEasing":0,"rotate":7.17},{"tweenEasing":0,"rotate":-12.94},{"duration":11,"tweenEasing":0,"rotate":18.85},{"duration":7,"tweenEasing":0,"rotate":-21.42},{"duration":0}]},{"name":"bone65","translateFrame":[{"duration":21,"tweenEasing":0},{"tweenEasing":0},{"duration":11,"tweenEasing":0,"x":3.26,"y":3.31},{"duration":7,"tweenEasing":0,"x":3.26,"y":3.31},{"duration":0}],"rotateFrame":[{"duration":8,"tweenEasing":0},{"duration":5,"tweenEasing":0,"rotate":17.44},{"duration":8,"tweenEasing":0,"rotate":-2.07},{"tweenEasing":0,"rotate":-4.24},{"tweenEasing":0,"rotate":11.89},{"duration":2,"tweenEasing":0,"rotate":25.59},{"duration":8,"tweenEasing":0,"rotate":11.57},{"duration":7,"tweenEasing":0,"rotate":10.69},{"duration":0}]},{"name":"bone2","rotateFrame":[{"duration":8,"tweenEasing":0},{"duration":13,"tweenEasing":0,"rotate":9.04},{"tweenEasing":0,"rotate":-5.82},{"duration":11,"tweenEasing":0,"rotate":10.14},{"duration":7,"tweenEasing":0,"rotate":-4.4},{"duration":0}]},{"name":"pet6005_naodai","translateFrame":[{"duration":21,"tweenEasing":0},{"tweenEasing":0},{"duration":11,"tweenEasing":0,"x":1.11,"y":1.75},{"duration":7,"tweenEasing":0,"x":1.11,"y":1.75},{"duration":0}],"rotateFrame":[{"duration":8,"tweenEasing":0},{"duration":5,"tweenEasing":0,"rotate":-0.4},{"duration":8,"tweenEasing":0,"rotate":-12.9},{"tweenEasing":0,"rotate":-15.09},{"tweenEasing":0,"rotate":-31.6},{"duration":2,"tweenEasing":0,"rotate":-26.64},{"duration":8,"tweenEasing":0,"rotate":-31.6},{"duration":7,"tweenEasing":0,"rotate":-35.55},{"duration":0}]},{"name":"pet6005_zuojiao","translateFrame":[{"duration":8,"tweenEasing":0},{"duration":5,"tweenEasing":0},{"duration":8,"tweenEasing":0,"x":5.11,"y":-1.09},{"tweenEasing":0,"x":5.68,"y":-1.21},{"duration":18}],"rotateFrame":[{"duration":8,"tweenEasing":0},{"duration":5,"tweenEasing":0,"rotate":33.16},{"duration":8,"tweenEasing":0,"rotate":4.87},{"tweenEasing":0,"rotate":1.73},{"duration":11,"rotate":5.11},{"duration":7,"tweenEasing":0,"rotate":5.11},{"duration":0}]},{"name":"pet6005_zuoshoubi","rotateFrame":[{"duration":8,"tweenEasing":0},{"duration":13,"tweenEasing":0,"rotate":33.01},{"tweenEasing":0,"rotate":-40.12},{"duration":11,"tweenEasing":0,"rotate":48.84},{"duration":7,"tweenEasing":0,"rotate":60.25},{"duration":0}]},{"name":"pet6005_youjiao","translateFrame":[{"duration":8,"tweenEasing":0},{"duration":5,"tweenEasing":0,"x":-4.2,"y":0.34},{"duration":8,"tweenEasing":0,"x":-0.42,"y":0.03},{"duration":19}],"rotateFrame":[{"duration":8,"tweenEasing":0},{"duration":5,"tweenEasing":0,"rotate":13.28},{"duration":8,"tweenEasing":0,"rotate":33.32},{"tweenEasing":0,"rotate":35.55},{"duration":11,"rotate":-29},{"duration":7,"tweenEasing":0,"rotate":-29},{"duration":0}]},{"name":"pet6005_zuoshouzhang","rotateFrame":[{"duration":8,"tweenEasing":0},{"duration":13,"tweenEasing":0,"rotate":33},{"tweenEasing":0,"rotate":-21.49},{"duration":11,"tweenEasing":0,"rotate":25.15},{"duration":7,"tweenEasing":0,"rotate":32.16},{"duration":0}]},{"name":"pet6005_weib","rotateFrame":[{"duration":8,"tweenEasing":0},{"duration":13,"tweenEasing":0,"rotate":-26.19},{"tweenEasing":0,"rotate":-10.81},{"duration":11,"tweenEasing":0,"rotate":-1.64},{"duration":7,"tweenEasing":0,"rotate":-12.02},{"duration":0}]},{"name":"pet6005_youtui","translateFrame":[{"duration":8,"tweenEasing":0},{"duration":5,"tweenEasing":0,"x":-0.74,"y":-1.91},{"duration":8,"tweenEasing":0,"x":-0.07,"y":-0.19},{"tweenEasing":0},{"duration":11,"tweenEasing":0,"x":-0.57,"y":0.56},{"duration":7,"tweenEasing":0,"x":-0.57,"y":0.56},{"duration":0}],"rotateFrame":[{"duration":8,"tweenEasing":0},{"duration":5,"tweenEasing":0,"rotate":-13.85},{"duration":8,"tweenEasing":0,"rotate":-6.46},{"tweenEasing":0,"rotate":-5.64},{"duration":11,"tweenEasing":0,"rotate":31.28},{"duration":7,"tweenEasing":0,"rotate":35.42},{"duration":0}]},{"name":"pet6005_youshouza","rotateFrame":[{"duration":8,"tweenEasing":0},{"duration":13,"tweenEasing":0,"rotate":-18.58},{"tweenEasing":0,"rotate":-1.32},{"duration":11,"tweenEasing":0,"rotate":-4.5},{"duration":7,"tweenEasing":0,"rotate":-15.59},{"duration":0}]},{"name":"yz","translateFrame":[{"duration":8,"tweenEasing":0},{"duration":13,"tweenEasing":0},{"tweenEasing":0,"x":-5.51},{"duration":11,"tweenEasing":0,"x":10.63},{"duration":7,"tweenEasing":0,"x":10.63},{"duration":0}],"scaleFrame":[{"duration":8,"tweenEasing":0},{"duration":13,"tweenEasing":0,"y":1.1},{"tweenEasing":0,"y":1.1},{"duration":11,"tweenEasing":0},{"duration":7,"tweenEasing":0,"y":1.1},{"duration":0}]},{"name":"pet6005_zuotui","translateFrame":[{"duration":8,"tweenEasing":0},{"duration":5,"tweenEasing":0,"x":-3.93,"y":-7.89},{"duration":8,"tweenEasing":0,"x":-5.41,"y":3.14},{"tweenEasing":0,"x":-5.58,"y":4.37},{"duration":18}],"rotateFrame":[{"duration":8,"tweenEasing":0},{"duration":5,"tweenEasing":0,"rotate":-32.91},{"duration":8,"tweenEasing":0,"rotate":15.67},{"tweenEasing":0,"rotate":21.06},{"tweenEasing":0,"rotate":-14.56},{"duration":2,"tweenEasing":0,"rotate":-7.46},{"duration":8,"tweenEasing":0,"rotate":-14.56},{"duration":7,"tweenEasing":0,"rotate":-10.48},{"duration":0}]},{"name":"fs","translateFrame":[{"duration":40,"x":0.33,"y":-0.33}]},{"name":"bf","translateFrame":[{"duration":40,"x":0.33,"y":-0.33}]},{"name":"mz","translateFrame":[{"duration":40,"x":0.33,"y":-0.34}]}],"slot":[{"name":"pet6005_001-0001","displayFrame":[{"duration":2},{"duration":2,"value":1},{"duration":2,"value":2},{"duration":2,"value":3},{"duration":2},{"duration":2,"value":1},{"duration":2,"value":2},{"duration":2,"value":3},{"duration":2},{"duration":2,"value":1},{"duration":2,"value":2},{"duration":2,"value":3},{"duration":2},{"duration":2,"value":1},{"duration":2,"value":2},{"duration":2,"value":3},{"duration":2},{"duration":2,"value":1},{"duration":2,"value":2},{"duration":2,"value":3},{"duration":0}]},{"name":"pet6005_02_part01_00008","displayFrame":[{"duration":40,"value":-1}]},{"name":"pet6005_yangjinggongji","displayFrame":[{"duration":8,"value":2},{"duration":14,"value":5},{"duration":18,"value":2}]}]},{"duration":39,"name":"dead","bone":[{"name":"pet6005_zuiba","rotateFrame":[{"duration":8,"tweenEasing":0},{"duration":31,"rotate":-19.14}]},{"name":"pet6005_shenti","rotateFrame":[{"duration":8},{"duration":9,"tweenEasing":0},{"duration":2,"tweenEasing":0,"rotate":-29.71},{"duration":2,"tweenEasing":0,"rotate":-65.92},{"tweenEasing":0,"rotate":-65.33},{"duration":17,"rotate":-46.73}]},{"name":"bone","translateFrame":[{"duration":8,"tweenEasing":0},{"duration":9,"tweenEasing":0,"y":3.75},{"duration":2,"tweenEasing":0,"y":0.59},{"duration":3,"tweenEasing":0,"x":-0.94,"y":-2.64},{"duration":5,"tweenEasing":0,"x":6.17,"y":13},{"duration":6,"tweenEasing":0,"x":6.17,"y":10},{"duration":6,"tweenEasing":0,"x":6.17,"y":12},{"duration":0,"x":6.17,"y":11}],"rotateFrame":[{"duration":17,"tweenEasing":0},{"duration":2,"tweenEasing":0},{"duration":3,"tweenEasing":0,"rotate":-34.37},{"duration":17,"rotate":-91.64}]},{"name":"pet6005_youshoubi","rotateFrame":[{"duration":8,"tweenEasing":0},{"duration":8,"rotate":-39.35},{"duration":6,"tweenEasing":0,"rotate":-39.35},{"duration":5,"tweenEasing":0,"rotate":41.16},{"duration":6,"tweenEasing":0,"rotate":49.01},{"duration":6,"tweenEasing":0,"rotate":43.94},{"duration":0,"rotate":41.16}]},{"name":"pet6005_zuoshoubi","rotateFrame":[{"duration":8,"tweenEasing":0},{"duration":14,"tweenEasing":0,"rotate":33.01},{"duration":5,"tweenEasing":0,"rotate":7.84},{"duration":6,"tweenEasing":0,"rotate":12.81},{"duration":6,"tweenEasing":0,"rotate":6.66},{"duration":0,"rotate":7.83}]},{"name":"bone65","rotateFrame":[{"duration":8,"tweenEasing":0,"rotate":2.92},{"duration":8,"tweenEasing":0,"rotate":4.87},{"tweenEasing":0,"rotate":18.61},{"duration":2,"tweenEasing":0,"rotate":-2.07},{"duration":2,"tweenEasing":0,"rotate":45.86},{"tweenEasing":0,"rotate":49.79},{"duration":5,"tweenEasing":0,"rotate":21.86},{"duration":5,"tweenEasing":0,"rotate":19.15},{"duration":7,"tweenEasing":0,"rotate":21.61},{"duration":0,"rotate":21.86}]},{"name":"bone2","rotateFrame":[{"duration":8,"tweenEasing":0},{"duration":14,"tweenEasing":0,"rotate":9.04},{"duration":17,"rotate":9.21}]},{"name":"pet6005_naodai","rotateFrame":[{"duration":8,"tweenEasing":0},{"duration":8,"tweenEasing":0,"rotate":-11.67},{"tweenEasing":0,"rotate":3.32},{"duration":2,"tweenEasing":0,"rotate":-12.9},{"duration":2,"tweenEasing":0,"rotate":15.88},{"tweenEasing":0,"rotate":15.38},{"duration":5,"tweenEasing":0,"rotate":-1.98},{"duration":5,"tweenEasing":0,"rotate":-4.69},{"duration":7,"tweenEasing":0,"rotate":-2.23},{"duration":0,"rotate":-1.98}]},{"name":"pet6005_zuojiao","translateFrame":[{"duration":8,"tweenEasing":0},{"duration":9,"tweenEasing":0},{"duration":22,"x":5.11,"y":-1.09}],"rotateFrame":[{"duration":8,"tweenEasing":0},{"duration":9,"tweenEasing":0,"rotate":20.73},{"duration":2,"tweenEasing":0,"rotate":4.87},{"duration":3,"tweenEasing":0,"rotate":-3.94},{"duration":5,"tweenEasing":0,"rotate":22.34},{"duration":5,"tweenEasing":0,"rotate":23.14},{"duration":7,"tweenEasing":0,"rotate":19.46},{"duration":0,"rotate":22.34}]},{"name":"pet6005_youjiao","translateFrame":[{"duration":8,"tweenEasing":0},{"duration":9,"tweenEasing":0,"x":-2.63,"y":0.21},{"duration":2,"tweenEasing":0,"x":-0.42,"y":0.03},{"duration":20,"x":2.71,"y":2.32}],"rotateFrame":[{"duration":8,"tweenEasing":0},{"duration":9,"tweenEasing":0,"rotate":8.3},{"duration":2,"tweenEasing":0,"rotate":33.32},{"duration":3,"tweenEasing":0,"rotate":56.38},{"duration":5,"tweenEasing":0,"rotate":23.16},{"duration":5,"tweenEasing":0,"rotate":26.34},{"duration":7,"tweenEasing":0,"rotate":22.82},{"duration":0,"rotate":23.16}]},{"name":"pet6005_weib","rotateFrame":[{"duration":8,"tweenEasing":0},{"duration":14,"tweenEasing":0,"rotate":-26.19},{"duration":17,"rotate":66.7}]},{"name":"pet6005_zuoshouzhang","rotateFrame":[{"duration":8,"tweenEasing":0},{"duration":8,"rotate":33},{"duration":6,"tweenEasing":0,"rotate":33},{"duration":5,"tweenEasing":0,"rotate":-12.39},{"duration":6,"tweenEasing":0,"rotate":-34.36},{"duration":6,"tweenEasing":0,"rotate":-29.79},{"duration":0,"rotate":-21.17}]},{"name":"pet6005_youtui","translateFrame":[{"duration":8,"tweenEasing":0},{"duration":9,"tweenEasing":0,"x":-0.46,"y":-1.19},{"duration":22,"x":-0.07,"y":-0.19}],"rotateFrame":[{"duration":8,"tweenEasing":0},{"duration":9,"tweenEasing":0,"rotate":-8.65},{"duration":2,"tweenEasing":0,"rotate":4.68},{"duration":3,"tweenEasing":0,"rotate":2.9},{"duration":5,"tweenEasing":0,"rotate":36.42},{"duration":5,"tweenEasing":0,"rotate":39.61},{"duration":7,"tweenEasing":0,"rotate":36.08},{"duration":0,"rotate":36.42}]},{"name":"bone3","rotateFrame":[{"duration":8,"tweenEasing":0},{"duration":14,"tweenEasing":0,"rotate":7.17},{"duration":17,"rotate":-39.18}]},{"name":"yz","scaleFrame":[{"duration":8,"tweenEasing":0},{"duration":9,"tweenEasing":0,"y":1.1},{"duration":5,"tweenEasing":0},{"duration":5,"tweenEasing":0,"y":1.4},{"duration":5,"tweenEasing":0,"y":1.3},{"duration":7,"tweenEasing":0,"y":1.4},{"duration":0,"y":1.3}]},{"name":"pet6005_zuotui","translateFrame":[{"duration":8,"tweenEasing":0},{"duration":9,"tweenEasing":0,"x":-2.46,"y":-4.93},{"duration":22,"x":-5.41,"y":3.14}],"rotateFrame":[{"duration":8,"tweenEasing":0},{"duration":9,"tweenEasing":0,"rotate":-20.57},{"duration":2,"tweenEasing":0,"rotate":15.67},{"duration":3,"tweenEasing":0,"rotate":31.23},{"duration":5,"tweenEasing":0,"rotate":54.53},{"duration":5,"tweenEasing":0,"rotate":55.33},{"duration":7,"tweenEasing":0,"rotate":51.65},{"duration":0,"rotate":54.52}]},{"name":"pet6005_youshouza","rotateFrame":[{"duration":8,"tweenEasing":0},{"duration":14,"tweenEasing":0,"rotate":-18.58},{"duration":5,"tweenEasing":0,"rotate":-16.55},{"duration":6,"tweenEasing":0,"rotate":-11.58},{"duration":6,"tweenEasing":0,"rotate":-17.73},{"duration":0,"rotate":-16.55}]},{"name":"fs","translateFrame":[{"duration":39,"x":0.33,"y":-0.33}]},{"name":"bf","translateFrame":[{"duration":39,"x":0.33,"y":-0.33}]},{"name":"mz","translateFrame":[{"duration":39,"x":0.33,"y":-0.34}]}],"slot":[{"name":"pet6005_001-0001","displayFrame":[{"duration":2},{"duration":2,"value":1},{"duration":2,"value":2},{"duration":2,"value":3},{"duration":2},{"duration":2,"value":1},{"duration":2,"value":2},{"duration":2,"value":3},{"duration":2,"value":2},{"duration":21,"value":-1}]},{"name":"pet6005_02_part01_00008","displayFrame":[{"duration":39,"value":-1}]},{"name":"pet6005_yangjinggongji","displayFrame":[{"duration":8,"value":2},{"duration":31,"value":4}]}]},{"duration":24,"name":"hurt","bone":[{"name":"pet6005_zuoshoubi","rotateFrame":[{"duration":3,"tweenEasing":0},{"duration":2,"tweenEasing":0,"rotate":33.01},{"duration":12,"tweenEasing":0,"rotate":15.55},{"duration":7,"tweenEasing":0,"rotate":-5.29},{"duration":0}]},{"name":"pet6005_youjiao","translateFrame":[{"duration":3,"tweenEasing":0},{"duration":2,"tweenEasing":0,"x":-4.2,"y":0.34},{"duration":12,"tweenEasing":0,"x":-0.42,"y":0.03},{"duration":7,"tweenEasing":0,"x":-0.42,"y":0.03},{"duration":0}],"rotateFrame":[{"duration":3,"tweenEasing":0},{"duration":2,"tweenEasing":0,"rotate":13.28},{"duration":12,"tweenEasing":0,"rotate":30.24},{"duration":7,"tweenEasing":0,"rotate":27.68},{"duration":0}]},{"name":"pet6005_weib","rotateFrame":[{"duration":3,"tweenEasing":0},{"duration":2,"tweenEasing":0,"rotate":-26.19},{"duration":12,"tweenEasing":0,"rotate":-4.24},{"duration":7,"tweenEasing":0,"rotate":-11.18},{"duration":0}]},{"name":"pet6005_shenti","rotateFrame":[{"duration":3},{"duration":2,"tweenEasing":0},{"duration":12,"tweenEasing":0,"rotate":-29.71},{"duration":7,"tweenEasing":0,"rotate":-30.57},{"duration":0}]},{"name":"bone3","rotateFrame":[{"duration":3,"tweenEasing":0},{"duration":2,"tweenEasing":0,"rotate":7.17},{"duration":12,"tweenEasing":0,"rotate":15.03},{"duration":7,"tweenEasing":0,"rotate":-4.95},{"duration":0}]},{"name":"pet6005_zuotui","translateFrame":[{"duration":3,"tweenEasing":0},{"duration":2,"tweenEasing":0,"x":-3.93,"y":-7.89},{"duration":12,"tweenEasing":0,"x":-5.41,"y":3.14},{"duration":7,"tweenEasing":0,"x":-5.41,"y":3.14},{"duration":0}],"rotateFrame":[{"duration":3,"tweenEasing":0},{"duration":2,"tweenEasing":0,"rotate":-32.91},{"duration":12,"tweenEasing":0,"rotate":17.32},{"duration":7,"tweenEasing":0,"rotate":10.21},{"duration":0}]},{"name":"bone2","rotateFrame":[{"duration":3,"tweenEasing":0},{"duration":2,"tweenEasing":0,"rotate":9.04},{"duration":12,"tweenEasing":0,"rotate":20.07},{"duration":7,"tweenEasing":0,"rotate":-1.4},{"duration":0}]},{"name":"bone65","rotateFrame":[{"duration":3,"tweenEasing":0},{"duration":2,"tweenEasing":0,"rotate":-0.25},{"duration":12,"tweenEasing":0,"rotate":22.89},{"duration":7,"tweenEasing":0,"rotate":6.86},{"duration":0}]},{"name":"pet6005_zuiba","rotateFrame":[{"duration":3,"tweenEasing":0},{"duration":21,"tweenEasing":0,"rotate":-19.14},{"duration":0}]},{"name":"pet6005_zuoshouzhang","rotateFrame":[{"duration":3,"tweenEasing":0},{"duration":2,"tweenEasing":0,"rotate":33},{"duration":12,"tweenEasing":0,"rotate":1.04},{"duration":7,"tweenEasing":0,"rotate":-20.89},{"duration":0}]},{"name":"pet6005_youshoubi","rotateFrame":[{"duration":3,"tweenEasing":0},{"duration":2,"tweenEasing":0,"rotate":-39.35},{"duration":12,"tweenEasing":0,"rotate":-25.63},{"duration":7,"tweenEasing":0,"rotate":-28.58},{"duration":0}]},{"name":"yz","translateFrame":[{"duration":3,"tweenEasing":0},{"duration":2,"tweenEasing":0},{"duration":12,"tweenEasing":0,"x":-11.52},{"duration":7,"tweenEasing":0,"x":-20.17},{"duration":0}],"scaleFrame":[{"duration":3,"tweenEasing":0},{"duration":2,"tweenEasing":0,"y":1.1},{"duration":19}]},{"name":"pet6005_zuojiao","translateFrame":[{"duration":3,"tweenEasing":0},{"duration":2,"tweenEasing":0},{"duration":12,"x":4.2,"y":-1.17},{"duration":7,"tweenEasing":0,"x":4.2,"y":-1.17},{"duration":0}],"rotateFrame":[{"duration":3,"tweenEasing":0},{"duration":2,"tweenEasing":0,"rotate":33.16},{"duration":12,"rotate":16.5},{"duration":7,"tweenEasing":0,"rotate":16.5},{"duration":0}]},{"name":"pet6005_naodai","rotateFrame":[{"duration":3,"tweenEasing":0},{"duration":2,"tweenEasing":0,"rotate":6.08},{"duration":12,"tweenEasing":0,"rotate":3.95},{"duration":7,"tweenEasing":0,"rotate":-9.56},{"duration":0}]},{"name":"pet6005_youshouza","rotateFrame":[{"duration":3,"tweenEasing":0},{"duration":2,"tweenEasing":0,"rotate":-18.58},{"duration":12,"tweenEasing":0,"rotate":-20.8},{"duration":7,"tweenEasing":0,"rotate":-30.03},{"duration":0}]},{"name":"bone","translateFrame":[{"duration":3,"tweenEasing":0},{"duration":2,"tweenEasing":0,"y":6},{"duration":12,"tweenEasing":0,"x":-10,"y":0.59},{"duration":7,"tweenEasing":0,"x":-20,"y":0.59},{"duration":0}]},{"name":"pet6005_youtui","translateFrame":[{"duration":3,"tweenEasing":0},{"duration":2,"tweenEasing":0,"x":-0.74,"y":-1.91},{"duration":12,"tweenEasing":0,"x":-0.07,"y":-0.19},{"duration":7,"tweenEasing":0,"x":-0.07,"y":-0.19},{"duration":0}],"rotateFrame":[{"duration":3,"tweenEasing":0},{"duration":2,"tweenEasing":0,"rotate":-13.85},{"duration":12,"tweenEasing":0,"rotate":4.07},{"duration":7,"tweenEasing":0,"rotate":-1.94},{"duration":0}]},{"name":"fs","translateFrame":[{"duration":24,"x":0.33,"y":-0.33}]},{"name":"bf","translateFrame":[{"duration":24,"x":0.33,"y":-0.33}]},{"name":"mz","translateFrame":[{"duration":24,"x":0.33,"y":-0.34}]}],"slot":[{"name":"pet6005_001-0001","displayFrame":[{"duration":2},{"duration":2,"value":1},{"duration":2,"value":2},{"duration":2,"value":3},{"duration":2},{"duration":2,"value":1},{"duration":2,"value":2},{"duration":2,"value":3},{"duration":2},{"duration":2,"value":1},{"duration":2,"value":2},{"duration":2,"value":3},{"duration":0}]},{"name":"pet6005_02_part01_00008","displayFrame":[{"duration":24,"value":-1}]},{"name":"pet6005_yangjinggongji","displayFrame":[{"duration":3,"value":2},{"duration":2,"value":5},{"duration":19,"value":3},{"duration":0,"value":2}]}]},{"duration":73,"name":"skill","frame":[{"duration":48},{"duration":0,"events":[{"name":"0"}]}],"bone":[{"name":"pet6005_youshoubi","rotateFrame":[{"duration":8,"tweenEasing":0},{"duration":9,"tweenEasing":0,"rotate":-39.35},{"duration":8,"tweenEasing":0,"rotate":54.91},{"duration":8,"tweenEasing":0,"rotate":47.38},{"duration":7,"tweenEasing":0,"rotate":54.91},{"duration":5,"tweenEasing":0,"rotate":47.38},{"tweenEasing":0,"rotate":39.05},{"duration":20,"tweenEasing":0,"rotate":-17.22},{"duration":7,"tweenEasing":0,"rotate":-23.8},{"duration":0}]},{"name":"pet6005_weib","rotateFrame":[{"duration":8,"tweenEasing":0},{"duration":9,"tweenEasing":0,"rotate":-26.19},{"duration":8,"tweenEasing":0,"rotate":-10.3},{"duration":8,"tweenEasing":0,"rotate":-7.28},{"duration":7,"tweenEasing":0,"rotate":-10.3},{"duration":5,"tweenEasing":0,"rotate":-7.28},{"tweenEasing":0,"rotate":-10.81},{"duration":20,"tweenEasing":0,"rotate":-1.64},{"duration":7,"tweenEasing":0,"rotate":-12.02},{"duration":0}]},{"name":"bone","translateFrame":[{"duration":8,"tweenEasing":0},{"duration":9,"tweenEasing":0,"y":6},{"duration":8,"tweenEasing":0,"x":-3,"y":-2},{"duration":8,"tweenEasing":0,"x":-2,"y":-1},{"duration":7,"tweenEasing":0,"x":-3,"y":-2},{"duration":5,"tweenEasing":0,"x":-2,"y":-1},{"tweenEasing":0,"x":-5},{"tweenEasing":0,"x":10},{"duration":2,"tweenEasing":0},{"duration":17,"tweenEasing":0,"x":10},{"duration":7,"tweenEasing":0,"x":12,"y":1},{"duration":0}]},{"name":"pet6005_zuotui","translateFrame":[{"duration":8,"tweenEasing":0},{"duration":9,"tweenEasing":0,"x":-3.93,"y":-7.89},{"duration":8,"tweenEasing":0,"x":-7.34,"y":3.65},{"duration":8,"tweenEasing":0,"x":-7.03,"y":1.25},{"duration":7,"tweenEasing":0,"x":-7.34,"y":3.65},{"duration":5,"tweenEasing":0,"x":-7.03,"y":1.25},{"tweenEasing":0,"x":-5.58,"y":4.37},{"duration":27}],"rotateFrame":[{"duration":8,"tweenEasing":0},{"duration":9,"tweenEasing":0,"rotate":-32.91},{"duration":8,"tweenEasing":0,"rotate":15.67},{"duration":8,"tweenEasing":0,"rotate":9.15},{"duration":7,"tweenEasing":0,"rotate":15.67},{"duration":5,"tweenEasing":0,"rotate":9.15},{"tweenEasing":0,"rotate":21.06},{"tweenEasing":0,"rotate":-14.56},{"duration":2,"tweenEasing":0,"rotate":-7.46},{"duration":17,"tweenEasing":0,"rotate":-14.56},{"duration":7,"tweenEasing":0,"rotate":-10.48},{"duration":0}]},{"name":"pet6005_youjiao","translateFrame":[{"duration":8,"tweenEasing":0},{"duration":9,"tweenEasing":0,"x":-4.2,"y":0.34},{"duration":23,"tweenEasing":0,"x":-0.42,"y":0.03},{"duration":5,"tweenEasing":0,"x":-0.42,"y":0.03},{"duration":28}],"rotateFrame":[{"duration":8,"tweenEasing":0},{"duration":9,"tweenEasing":0,"rotate":13.28},{"duration":8,"tweenEasing":0,"rotate":22.2},{"duration":8,"tweenEasing":0,"rotate":23.16},{"duration":7,"tweenEasing":0,"rotate":22.2},{"duration":5,"tweenEasing":0,"rotate":23.16},{"tweenEasing":0,"rotate":35.55},{"duration":20,"rotate":-29},{"duration":7,"tweenEasing":0,"rotate":-29},{"duration":0}]},{"name":"yz","translateFrame":[{"duration":40,"tweenEasing":0},{"duration":5,"tweenEasing":0},{"tweenEasing":0,"x":-5.51},{"duration":20,"tweenEasing":0,"x":10.63},{"duration":7,"tweenEasing":0,"x":10.63},{"duration":0}],"scaleFrame":[{"duration":8,"tweenEasing":0},{"duration":9,"tweenEasing":0,"y":1.1},{"duration":8,"tweenEasing":0},{"duration":8,"tweenEasing":0,"y":1.1},{"duration":7,"tweenEasing":0},{"duration":5,"tweenEasing":0,"y":1.1},{"tweenEasing":0,"y":1.1},{"duration":20,"tweenEasing":0},{"duration":7,"tweenEasing":0,"y":1.1},{"duration":0}]},{"name":"pet6005_youtui","translateFrame":[{"duration":8,"tweenEasing":0},{"duration":9,"tweenEasing":0,"x":-0.74,"y":-1.91},{"duration":8,"tweenEasing":0,"x":-0.07,"y":-0.19},{"duration":8,"tweenEasing":0,"x":-0.25,"y":-1.67},{"duration":7,"tweenEasing":0,"x":-0.07,"y":-0.19},{"duration":5,"tweenEasing":0,"x":-0.25,"y":-1.67},{"tweenEasing":0},{"duration":20,"tweenEasing":0,"x":-0.57,"y":0.56},{"duration":7,"tweenEasing":0,"x":-0.57,"y":0.56},{"duration":0}],"rotateFrame":[{"duration":8,"tweenEasing":0},{"duration":9,"tweenEasing":0,"rotate":-13.85},{"duration":8,"tweenEasing":0,"rotate":4.21},{"duration":8,"tweenEasing":0,"rotate":2.02},{"duration":7,"tweenEasing":0,"rotate":4.21},{"duration":5,"tweenEasing":0,"rotate":2.02},{"tweenEasing":0,"rotate":-5.64},{"duration":20,"tweenEasing":0,"rotate":31.28},{"duration":7,"tweenEasing":0,"rotate":35.42},{"duration":0}]},{"name":"pet6005_zuojiao","translateFrame":[{"duration":8,"tweenEasing":0},{"duration":9,"tweenEasing":0},{"duration":23,"tweenEasing":0,"x":5.11,"y":-1.09},{"duration":5,"tweenEasing":0,"x":5.11,"y":-1.09},{"tweenEasing":0,"x":5.68,"y":-1.21},{"duration":27}],"rotateFrame":[{"duration":8,"tweenEasing":0},{"duration":9,"tweenEasing":0,"rotate":33.16},{"duration":8,"tweenEasing":0,"rotate":4.87},{"duration":8,"tweenEasing":0,"rotate":16.17},{"duration":7,"tweenEasing":0,"rotate":4.87},{"duration":5,"tweenEasing":0,"rotate":16.17},{"tweenEasing":0,"rotate":1.73},{"duration":20,"rotate":5.11},{"duration":7,"tweenEasing":0,"rotate":5.11},{"duration":0}]},{"name":"pet6005_zuiba","rotateFrame":[{"duration":8,"tweenEasing":0},{"duration":9,"tweenEasing":0,"rotate":-19.14},{"duration":16,"rotate":-12.7},{"duration":12,"tweenEasing":0,"rotate":-12.7},{"tweenEasing":0,"rotate":-10.55},{"duration":20,"tweenEasing":0,"rotate":15.6},{"duration":7,"tweenEasing":0,"rotate":18.25},{"duration":0}]},{"name":"pet6005_shenti","rotateFrame":[{"duration":8},{"duration":9,"tweenEasing":0},{"duration":8,"tweenEasing":0,"rotate":-29.71},{"duration":8,"tweenEasing":0,"rotate":-28.15},{"duration":7,"tweenEasing":0,"rotate":-29.71},{"duration":5,"tweenEasing":0,"rotate":-28.15},{"tweenEasing":0,"rotate":-33.01},{"tweenEasing":0},{"duration":2,"tweenEasing":0,"rotate":-8.59},{"duration":7,"tweenEasing":0,"rotate":-0.32},{"duration":7,"tweenEasing":0,"rotate":-1.77},{"duration":3,"tweenEasing":0,"rotate":-0.51},{"duration":7,"tweenEasing":0,"rotate":-1.19},{"duration":0}]},{"name":"pet6005_naodai","translateFrame":[{"duration":45,"tweenEasing":0},{"tweenEasing":0},{"duration":20,"tweenEasing":0,"x":1.11,"y":1.75},{"duration":7,"tweenEasing":0,"x":1.11,"y":1.75},{"duration":0}],"rotateFrame":[{"duration":8,"tweenEasing":0},{"duration":9,"tweenEasing":0,"rotate":-0.4},{"duration":8,"tweenEasing":0,"rotate":-13.31},{"duration":8,"tweenEasing":0,"rotate":-17.45},{"duration":7,"tweenEasing":0,"rotate":-13.31},{"duration":5,"tweenEasing":0,"rotate":-17.45},{"tweenEasing":0,"rotate":-11.52},{"tweenEasing":0,"rotate":-31.6},{"duration":2,"tweenEasing":0,"rotate":-26.64},{"duration":7,"tweenEasing":0,"rotate":-31.6},{"duration":7,"tweenEasing":0,"rotate":-35.21},{"duration":3,"tweenEasing":0,"rotate":-32.17},{"duration":7,"tweenEasing":0,"rotate":-35.55},{"duration":0}]},{"name":"pet6005_zuoshoubi","rotateFrame":[{"duration":8,"tweenEasing":0},{"duration":9,"tweenEasing":0,"rotate":33.01},{"duration":8,"tweenEasing":0,"rotate":52.37},{"duration":8,"tweenEasing":0,"rotate":56.04},{"duration":7,"tweenEasing":0,"rotate":52.37},{"duration":5,"tweenEasing":0,"rotate":56.04},{"tweenEasing":0,"rotate":-10.33},{"duration":20,"tweenEasing":0,"rotate":48.84},{"duration":7,"tweenEasing":0,"rotate":60.25},{"duration":0}]},{"name":"bone65","translateFrame":[{"duration":45,"tweenEasing":0},{"tweenEasing":0},{"duration":20,"tweenEasing":0,"x":3.26,"y":3.31},{"duration":7,"tweenEasing":0,"x":3.26,"y":3.31},{"duration":0}],"rotateFrame":[{"duration":8,"tweenEasing":0},{"duration":9,"tweenEasing":0,"rotate":17.44},{"duration":8,"tweenEasing":0,"rotate":18.4},{"duration":8,"tweenEasing":0,"rotate":20.73},{"duration":7,"tweenEasing":0,"rotate":18.4},{"duration":5,"tweenEasing":0,"rotate":20.73},{"tweenEasing":0,"rotate":-4.24},{"tweenEasing":0,"rotate":11.89},{"duration":2,"tweenEasing":0,"rotate":25.59},{"duration":7,"tweenEasing":0,"rotate":11.57},{"duration":7,"tweenEasing":0,"rotate":9.07},{"duration":3,"tweenEasing":0,"rotate":13.23},{"duration":7,"tweenEasing":0,"rotate":10.69},{"duration":0}]},{"name":"bone2","rotateFrame":[{"duration":8,"tweenEasing":0},{"duration":9,"tweenEasing":0,"rotate":9.04},{"duration":8,"tweenEasing":0,"rotate":-4.16},{"duration":8,"tweenEasing":0,"rotate":5.05},{"duration":7,"tweenEasing":0,"rotate":-4.16},{"duration":5,"tweenEasing":0,"rotate":5.05},{"tweenEasing":0,"rotate":-5.82},{"duration":20,"tweenEasing":0,"rotate":10.14},{"duration":7,"tweenEasing":0,"rotate":-4.4},{"duration":0}]},{"name":"pet6005_youshouza","rotateFrame":[{"duration":8,"tweenEasing":0},{"duration":9,"tweenEasing":0,"rotate":-18.58},{"duration":8,"tweenEasing":0,"rotate":-22.98},{"duration":8,"tweenEasing":0,"rotate":-27.38},{"duration":7,"tweenEasing":0,"rotate":-22.98},{"duration":5,"tweenEasing":0,"rotate":-27.38},{"tweenEasing":0,"rotate":-9.18},{"duration":20,"tweenEasing":0,"rotate":-4.5},{"duration":7,"tweenEasing":0,"rotate":-15.59},{"duration":0}]},{"name":"bone3","rotateFrame":[{"duration":8,"tweenEasing":0},{"duration":9,"tweenEasing":0,"rotate":7.17},{"duration":8,"tweenEasing":0,"rotate":-3.97},{"duration":8,"tweenEasing":0,"rotate":2.81},{"duration":7,"tweenEasing":0,"rotate":-3.97},{"duration":5,"tweenEasing":0,"rotate":2.81},{"tweenEasing":0,"rotate":-12.94},{"duration":20,"tweenEasing":0,"rotate":18.85},{"duration":7,"tweenEasing":0,"rotate":-21.42},{"duration":0}]},{"name":"pet6005_zuoshouzhang","rotateFrame":[{"duration":8,"tweenEasing":0},{"duration":9,"tweenEasing":0,"rotate":33},{"duration":8,"tweenEasing":0,"rotate":-83.34},{"duration":8,"tweenEasing":0,"rotate":-85.48},{"duration":7,"tweenEasing":0,"rotate":-83.34},{"duration":5,"tweenEasing":0,"rotate":-85.48},{"tweenEasing":0,"rotate":-31.48},{"duration":20,"tweenEasing":0,"rotate":25.15},{"duration":7,"tweenEasing":0,"rotate":32.16},{"duration":0}]},{"name":"mz","translateFrame":[{"duration":73,"x":0.33,"y":-0.34}]},{"name":"fs","translateFrame":[{"duration":73,"x":0.33,"y":-0.33}]},{"name":"bf","translateFrame":[{"duration":73,"x":0.33,"y":-0.33}]}],"slot":[{"name":"pet6004_attack_xl_00000","displayFrame":[{"duration":32,"value":-1},{"duration":2},{"duration":2,"value":1},{"duration":2,"value":2},{"duration":2,"value":3},{"duration":2,"value":4},{"duration":2,"value":5},{"duration":2,"value":6},{"duration":27,"value":-1}]},{"name":"pet6005_001-0001","displayFrame":[{"duration":2},{"duration":2,"value":1},{"duration":2,"value":2},{"duration":2,"value":3},{"duration":2},{"duration":2,"value":1},{"duration":2,"value":2},{"duration":2,"value":3},{"duration":2},{"duration":2,"value":1},{"duration":2,"value":2},{"duration":2,"value":3},{"duration":2},{"duration":2,"value":1},{"duration":2,"value":2},{"duration":2,"value":3},{"duration":2},{"duration":2,"value":1},{"duration":2,"value":2},{"duration":2,"value":3},{"duration":2},{"duration":2,"value":1},{"duration":2,"value":2},{"duration":2,"value":3},{"duration":2},{"duration":2,"value":1},{"duration":2,"value":2},{"duration":2,"value":3},{"duration":2},{"duration":2,"value":1},{"duration":2,"value":2},{"duration":2,"value":3},{"duration":2},{"duration":2,"value":1},{"duration":2,"value":2},{"duration":3,"value":3},{"duration":0,"value":1}]},{"name":"pet6005_02_part01_00008","displayFrame":[{"duration":46,"value":-1},{"duration":2},{"duration":2,"value":1},{"duration":2,"value":2},{"duration":2,"value":3},{"duration":2,"value":4},{"duration":2,"value":5},{"duration":2,"value":6},{"duration":2,"value":7},{"duration":2,"value":8},{"duration":2,"value":9},{"duration":7,"value":10},{"duration":0,"value":-1}]},{"name":"pet6005_yangjinggongji","displayFrame":[{"duration":17,"value":2},{"duration":29,"value":5},{"duration":27,"value":2}]}],"ffd":[{"name":"pet6005_shenti","slot":"pet6005_shenti","frame":[{"duration":17},{"duration":8,"tweenEasing":0},{"duration":8,"tweenEasing":0,"offset":2,"vertices":[3.13,3.73,1.93,3.29,2.35,4.48,3.4,5.08,3.75,2.94,3.77,1.89,1.41,0.47,0,0,0,0,0,0,0,0,0,0,0,0,0,0,0,0,0,0,0,0,0,0,3.13,3.73]},{"duration":7,"tweenEasing":0,"offset":2,"vertices":[1.57,1.87,0.97,1.65,1.18,2.24,1.7,2.54,1.87,1.47,1.88,0.95,0.71,0.24,0,0,0,0,0,0,0,0,0,0,0,0,0,0,0,0,0,0,0,0,0,0,1.57,1.87]},{"duration":5,"tweenEasing":0,"offset":2,"vertices":[3.13,3.73,1.93,3.29,2.35,4.48,3.4,5.08,3.75,2.94,3.77,1.89,1.41,0.47,0,0,0,0,0,0,0,0,0,0,0,0,0,0,0,0,0,0,0,0,0,0,3.13,3.73]},{"duration":28}]}]},{"duration":30,"name":"stand","bone":[{"name":"yz","scaleFrame":[{"duration":15,"tweenEasing":0},{"duration":15,"tweenEasing":0,"y":1.1},{"duration":0}]},{"name":"bone65","rotateFrame":[{"duration":7,"tweenEasing":0},{"duration":8,"tweenEasing":0,"rotate":-2.44},{"duration":7,"tweenEasing":0,"rotate":2.71},{"duration":8,"tweenEasing":0,"rotate":3.83},{"duration":0}]},{"name":"pet6005_weib","rotateFrame":[{"duration":9,"tweenEasing":0},{"duration":12,"tweenEasing":0,"rotate":-17.86},{"duration":9,"tweenEasing":0,"rotate":-16.02},{"duration":0}]},{"name":"pet6005_youtui","translateFrame":[{"duration":7,"tweenEasing":0},{"duration":8,"tweenEasing":0,"x":-0.24,"y":-0.63},{"duration":7,"tweenEasing":0,"x":-0.74,"y":-1.91},{"duration":8,"tweenEasing":0,"x":-0.24,"y":-0.63},{"duration":0}],"rotateFrame":[{"duration":7,"tweenEasing":0},{"duration":8,"tweenEasing":0,"rotate":-4.61},{"duration":7,"tweenEasing":0,"rotate":-13.85},{"duration":8,"tweenEasing":0,"rotate":-4.61},{"duration":0}]},{"name":"pet6005_zuotui","translateFrame":[{"duration":7,"tweenEasing":0},{"duration":8,"tweenEasing":0,"x":-1.31,"y":-2.63},{"duration":7,"tweenEasing":0,"x":-3.93,"y":-7.89},{"duration":8,"tweenEasing":0,"x":-1.31,"y":-2.63},{"duration":0}],"rotateFrame":[{"duration":7,"tweenEasing":0},{"duration":8,"tweenEasing":0,"rotate":-10.97},{"duration":7,"tweenEasing":0,"rotate":-32.91},{"duration":8,"tweenEasing":0,"rotate":-10.97},{"duration":0}]},{"name":"bone2","rotateFrame":[{"duration":9,"tweenEasing":0},{"duration":12,"tweenEasing":0,"rotate":12.53},{"duration":9,"tweenEasing":0,"rotate":-15.68},{"duration":0}]},{"name":"pet6005_naodai","rotateFrame":[{"duration":7,"tweenEasing":0},{"duration":15,"tweenEasing":0,"rotate":-6.07},{"duration":8,"tweenEasing":0,"rotate":-0.48},{"duration":0}]},{"name":"pet6005_youjiao","translateFrame":[{"duration":7,"tweenEasing":0},{"duration":8,"tweenEasing":0,"x":-1.4,"y":0.11},{"duration":7,"tweenEasing":0,"x":-4.2,"y":0.34},{"duration":8,"tweenEasing":0,"x":-1.4,"y":0.11},{"duration":0}],"rotateFrame":[{"duration":7,"tweenEasing":0},{"duration":8,"tweenEasing":0,"rotate":4.42},{"duration":7,"tweenEasing":0,"rotate":13.28},{"duration":8,"tweenEasing":0,"rotate":4.42},{"duration":0}]},{"name":"pet6005_youshoubi","rotateFrame":[{"duration":15,"tweenEasing":0},{"duration":15,"tweenEasing":0,"rotate":-31.42},{"duration":0}]},{"name":"pet6005_zuojiao","rotateFrame":[{"duration":7,"tweenEasing":0},{"duration":8,"tweenEasing":0,"rotate":11.05},{"duration":7,"tweenEasing":0,"rotate":33.16},{"duration":8,"tweenEasing":0,"rotate":11.05},{"duration":0}]},{"name":"pet6005_zuoshoubi","rotateFrame":[{"duration":15,"tweenEasing":0},{"duration":15,"tweenEasing":0,"rotate":14.76},{"duration":0}]},{"name":"bone3","rotateFrame":[{"duration":9,"tweenEasing":0},{"duration":12,"tweenEasing":0,"rotate":17.74},{"duration":9,"tweenEasing":0,"rotate":-3.87},{"duration":0}]},{"name":"pet6005_youshouza","rotateFrame":[{"duration":15,"tweenEasing":0},{"duration":15,"tweenEasing":0,"rotate":-13.01},{"duration":0}]},{"name":"pet6005_zuiba","rotateFrame":[{"duration":15,"tweenEasing":0},{"duration":15,"tweenEasing":0,"rotate":-9.3},{"duration":0}]},{"name":"pet6005_zuoshouzhang","rotateFrame":[{"duration":15,"tweenEasing":0},{"duration":15,"tweenEasing":0,"rotate":33},{"duration":0}]},{"name":"pet6005_001-0001","rotateFrame":[{"duration":30,"tweenEasing":0,"rotate":-0.13},{"duration":0}]},{"name":"bone","translateFrame":[{"duration":7,"tweenEasing":0},{"duration":8,"tweenEasing":0,"y":2},{"duration":7,"tweenEasing":0,"y":6},{"duration":8,"tweenEasing":0,"y":2},{"duration":0}]},{"name":"fs","translateFrame":[{"duration":30,"x":0.33,"y":-0.33}]},{"name":"bf","translateFrame":[{"duration":30,"x":0.33,"y":-0.33}]},{"name":"mz","translateFrame":[{"duration":30,"x":0.33,"y":-0.34}]}],"slot":[{"name":"pet6005_001-0001","displayFrame":[{"duration":2},{"duration":2,"value":1},{"duration":2,"value":2},{"duration":2,"value":3},{"duration":2},{"duration":2,"value":1},{"duration":2,"value":2},{"duration":2,"value":3},{"duration":2},{"duration":2,"value":1},{"duration":2,"value":2},{"duration":2,"value":3},{"duration":2},{"duration":2,"value":1},{"duration":2,"value":2},{"duration":0,"value":3}]},{"name":"pet6005_02_part01_00008","displayFrame":[{"duration":30,"value":-1}]},{"name":"pet6005_yangjinggongji","displayFrame":[{"duration":20,"value":2},{"duration":10,"value":5},{"duration":0,"value":2}]}]},{"duration":24,"name":"walk","bone":[{"name":"pet6005_zuiba","rotateFrame":[{"duration":12,"tweenEasing":0},{"duration":12,"tweenEasing":0,"rotate":-13.22},{"duration":0}]},{"name":"pet6005_shenti","rotateFrame":[{"duration":24,"rotate":3.39}]},{"name":"bone","translateFrame":[{"duration":6,"tweenEasing":0},{"duration":6,"tweenEasing":0,"y":-4},{"duration":6,"tweenEasing":0},{"duration":6,"tweenEasing":0,"y":-4},{"duration":0}]},{"name":"pet6005_youshoubi","rotateFrame":[{"duration":12,"tweenEasing":0,"rotate":44.91},{"duration":12,"tweenEasing":0,"rotate":16.02},{"duration":0,"rotate":44.91}]},{"name":"pet6005_zuoshoubi","rotateFrame":[{"duration":12,"tweenEasing":0,"rotate":-23.08},{"duration":12,"tweenEasing":0,"rotate":19.85},{"duration":0,"rotate":-23.08}]},{"name":"bone65","rotateFrame":[{"duration":6,"tweenEasing":0,"rotate":8.19},{"duration":6,"tweenEasing":0,"rotate":13.52},{"duration":6,"tweenEasing":0,"rotate":8.19},{"duration":6,"tweenEasing":0,"rotate":13.52},{"duration":0,"rotate":8.19}]},{"name":"bone2","rotateFrame":[{"duration":6,"tweenEasing":0},{"duration":6,"tweenEasing":0,"rotate":2.4},{"duration":6,"tweenEasing":0},{"duration":6,"tweenEasing":0,"rotate":2.4},{"duration":0}]},{"name":"pet6005_naodai","rotateFrame":[{"duration":12,"tweenEasing":0,"rotate":-11.19},{"duration":12,"tweenEasing":0,"rotate":-5.86},{"duration":0,"rotate":-11.19}]},{"name":"pet6005_zuojiao","translateFrame":[{"duration":6,"tweenEasing":0},{"duration":6,"tweenEasing":0,"x":1.68,"y":0.68},{"duration":6,"tweenEasing":0},{"duration":6,"tweenEasing":0,"x":-5.17,"y":1.72},{"duration":0}],"rotateFrame":[{"duration":6,"tweenEasing":0,"rotate":-5.07},{"duration":6,"tweenEasing":0,"rotate":-19.1},{"duration":6,"tweenEasing":0,"rotate":-20.03},{"duration":6,"tweenEasing":0,"rotate":18.59},{"duration":0,"rotate":-5.07}]},{"name":"pet6005_youjiao","translateFrame":[{"duration":6,"tweenEasing":0},{"duration":6,"tweenEasing":0},{"duration":12,"tweenEasing":0,"x":1.85,"y":-1.66},{"duration":0}],"rotateFrame":[{"duration":6,"tweenEasing":0},{"duration":6,"tweenEasing":0,"rotate":55.58},{"duration":12,"tweenEasing":0,"rotate":-2.18},{"duration":0}]},{"name":"pet6005_weib","rotateFrame":[{"duration":6,"tweenEasing":0},{"duration":6,"tweenEasing":0,"rotate":-21.06},{"duration":6,"tweenEasing":0},{"duration":6,"tweenEasing":0,"rotate":-21.06},{"duration":0}]},{"name":"pet6005_zuoshouzhang","rotateFrame":[{"duration":12,"tweenEasing":0,"rotate":-16.63},{"duration":12,"tweenEasing":0,"rotate":-31.05},{"duration":0,"rotate":-16.63}]},{"name":"pet6005_youtui","translateFrame":[{"duration":6,"tweenEasing":0},{"duration":6,"tweenEasing":0},{"duration":12,"tweenEasing":0,"x":-4.57,"y":0.45},{"duration":0}],"rotateFrame":[{"duration":6,"tweenEasing":0,"rotate":22.95},{"duration":6,"tweenEasing":0,"rotate":-20.07},{"duration":12,"tweenEasing":0,"rotate":-32.43},{"duration":0,"rotate":22.95}]},{"name":"yz","scaleFrame":[{"duration":6,"tweenEasing":0},{"duration":6,"tweenEasing":0,"y":0.9},{"duration":6,"tweenEasing":0},{"duration":6,"tweenEasing":0,"y":0.9},{"duration":0}]},{"name":"pet6005_zuotui","translateFrame":[{"duration":12,"tweenEasing":0},{"duration":6,"tweenEasing":0},{"duration":6,"tweenEasing":0,"x":-1.36,"y":-3.48},{"duration":0}],"rotateFrame":[{"duration":6,"tweenEasing":0,"rotate":-31.87},{"duration":6,"tweenEasing":0,"rotate":4.69},{"duration":6,"tweenEasing":0,"rotate":48.16},{"duration":6,"tweenEasing":0,"rotate":-6.61},{"duration":0,"rotate":-31.87}]},{"name":"bone3","rotateFrame":[{"duration":6,"tweenEasing":0},{"duration":6,"tweenEasing":0,"rotate":2.4},{"duration":6,"tweenEasing":0},{"duration":6,"tweenEasing":0,"rotate":2.4},{"duration":0}]},{"name":"fs","translateFrame":[{"duration":24,"x":0.33,"y":-0.33}]},{"name":"bf","translateFrame":[{"duration":24,"x":0.33,"y":-0.33}]},{"name":"mz","translateFrame":[{"duration":24,"x":0.33,"y":-0.34}]}],"slot":[{"name":"pet6005_001-0001","displayFrame":[{"duration":2},{"duration":2,"value":1},{"duration":2,"value":2},{"duration":2,"value":3},{"duration":2},{"duration":2,"value":1},{"duration":2,"value":2},{"duration":2,"value":3},{"duration":2},{"duration":2,"value":1},{"duration":2,"value":2},{"duration":2,"value":3},{"duration":0}]},{"name":"pet6005_02_part01_00008","displayFrame":[{"duration":24,"value":-1}]}]},{"duration":45,"name":"win","bone":[{"name":"pet6005_weib","rotateFrame":[{"duration":8,"tweenEasing":0},{"duration":9,"tweenEasing":0,"rotate":-26.19},{"duration":9,"tweenEasing":0,"rotate":-10.3},{"duration":12,"tweenEasing":0,"rotate":0.54},{"duration":7,"tweenEasing":0,"rotate":-10.3},{"duration":0}]},{"name":"pet6005_zuoshoubi","rotateFrame":[{"duration":8,"tweenEasing":0},{"duration":4,"tweenEasing":0,"rotate":33.01},{"duration":5,"tweenEasing":0,"rotate":50.01},{"duration":9,"tweenEasing":0,"rotate":79.89},{"duration":7,"tweenEasing":0,"rotate":44.95},{"duration":5,"tweenEasing":0,"rotate":69.17},{"duration":3,"tweenEasing":0,"rotate":76.56},{"duration":4,"tweenEasing":0,"rotate":46.18},{"duration":0}]},{"name":"pet6005_youjiao","translateFrame":[{"duration":8,"tweenEasing":0},{"duration":9,"tweenEasing":0,"x":-4.2,"y":0.34},{"duration":21,"tweenEasing":0,"x":-0.42,"y":0.03},{"duration":7,"tweenEasing":0,"x":-0.42,"y":0.03},{"duration":0}],"rotateFrame":[{"duration":8,"tweenEasing":0},{"duration":9,"tweenEasing":0,"rotate":13.28},{"duration":9,"tweenEasing":0,"rotate":22.2},{"duration":12,"tweenEasing":0,"rotate":34.75},{"duration":7,"tweenEasing":0,"rotate":22.2},{"duration":0}]},{"name":"pet6005_zuotui","translateFrame":[{"duration":8,"tweenEasing":0},{"duration":9,"tweenEasing":0,"x":-3.93,"y":-7.89},{"duration":9,"tweenEasing":0,"x":-7.34,"y":3.65},{"duration":12,"tweenEasing":0,"x":-6.46,"y":1.4},{"duration":7,"tweenEasing":0,"x":-7.34,"y":3.65},{"duration":0}],"rotateFrame":[{"duration":8,"tweenEasing":0},{"duration":9,"tweenEasing":0,"rotate":-32.91},{"duration":9,"tweenEasing":0,"rotate":15.67},{"duration":12,"tweenEasing":0,"rotate":0.63},{"duration":7,"tweenEasing":0,"rotate":15.67},{"duration":0}]},{"name":"pet6005_shenti","rotateFrame":[{"duration":8},{"duration":9,"tweenEasing":0},{"duration":9,"tweenEasing":0,"rotate":-29.71},{"duration":12,"tweenEasing":0,"rotate":-26.2},{"duration":7,"tweenEasing":0,"rotate":-29.71},{"duration":0}]},{"name":"bone","translateFrame":[{"duration":8,"tweenEasing":0},{"duration":9,"tweenEasing":0,"y":6},{"duration":9,"tweenEasing":0,"x":-2,"y":-2},{"duration":12,"tweenEasing":0,"x":-2,"y":2},{"duration":7,"tweenEasing":0,"x":-2,"y":-2},{"duration":0}]},{"name":"pet6005_youshouza","rotateFrame":[{"duration":8,"tweenEasing":0},{"duration":4,"tweenEasing":0,"rotate":-18.58},{"duration":5,"tweenEasing":0,"rotate":-22.56},{"duration":9,"tweenEasing":0,"rotate":15.56},{"duration":7,"tweenEasing":0,"rotate":9.19},{"duration":5,"tweenEasing":0,"rotate":-20.56},{"duration":3,"tweenEasing":0,"rotate":9.62},{"duration":4,"tweenEasing":0,"rotate":7.93},{"duration":0}]},{"name":"bone2","rotateFrame":[{"duration":8,"tweenEasing":0},{"duration":9,"tweenEasing":0,"rotate":9.04},{"duration":9,"tweenEasing":0,"rotate":-4.16},{"duration":12,"tweenEasing":0,"rotate":9.12},{"duration":7,"tweenEasing":0,"rotate":-4.16},{"duration":0}]},{"name":"bone3","rotateFrame":[{"duration":8,"tweenEasing":0},{"duration":9,"tweenEasing":0,"rotate":7.17},{"duration":9,"tweenEasing":0,"rotate":-3.97},{"duration":12,"tweenEasing":0,"rotate":13.91},{"duration":7,"tweenEasing":0,"rotate":-3.97},{"duration":0}]},{"name":"pet6005_youshoubi","rotateFrame":[{"duration":8,"tweenEasing":0},{"duration":9,"tweenEasing":0,"rotate":-39.35},{"duration":9,"tweenEasing":0,"rotate":-34.93},{"duration":12,"tweenEasing":0,"rotate":10.18},{"duration":7,"tweenEasing":0,"rotate":29.9},{"duration":0}]},{"name":"bone65","rotateFrame":[{"duration":8,"tweenEasing":0},{"duration":9,"tweenEasing":0,"rotate":17.44},{"duration":9,"tweenEasing":0,"rotate":9.43},{"duration":12,"tweenEasing":0,"rotate":19.72},{"duration":7,"tweenEasing":0,"rotate":9.43},{"duration":0}]},{"name":"pet6005_zuojiao","translateFrame":[{"duration":8,"tweenEasing":0},{"duration":9,"tweenEasing":0},{"duration":9,"tweenEasing":0,"x":5.11,"y":-1.09},{"duration":12,"tweenEasing":0,"x":2.92,"y":0.01},{"duration":7,"tweenEasing":0,"x":5.11,"y":-1.09},{"duration":0}],"rotateFrame":[{"duration":8,"tweenEasing":0},{"duration":9,"tweenEasing":0,"rotate":33.16},{"duration":9,"tweenEasing":0,"rotate":4.87},{"duration":12,"tweenEasing":0,"rotate":20.13},{"duration":7,"tweenEasing":0,"rotate":4.87},{"duration":0}]},{"name":"pet6005_zuoshouzhang","rotateFrame":[{"duration":8,"tweenEasing":0},{"duration":5,"tweenEasing":0,"rotate":33},{"duration":4,"tweenEasing":0,"rotate":-6.64},{"duration":9,"tweenEasing":0,"rotate":-94.98},{"duration":8,"tweenEasing":0,"rotate":-73.42},{"duration":4,"tweenEasing":0,"rotate":-114.05},{"duration":7,"tweenEasing":0,"rotate":-126.43},{"duration":0}]},{"name":"yz","scaleFrame":[{"duration":8,"tweenEasing":0},{"duration":9,"tweenEasing":0,"y":1.1},{"duration":9,"tweenEasing":0},{"duration":10,"tweenEasing":0,"y":1.1},{"duration":9}]},{"name":"pet6005_youtui","translateFrame":[{"duration":8,"tweenEasing":0},{"duration":9,"tweenEasing":0,"x":-0.74,"y":-1.91},{"duration":9,"tweenEasing":0,"x":-0.07,"y":-0.19},{"duration":12,"tweenEasing":0,"x":-0.12,"y":-1.8},{"duration":7,"tweenEasing":0,"x":-0.07,"y":-0.19},{"duration":0}],"rotateFrame":[{"duration":8,"tweenEasing":0},{"duration":9,"tweenEasing":0,"rotate":-13.85},{"duration":9,"tweenEasing":0,"rotate":4.21},{"duration":12,"tweenEasing":0,"rotate":-9.3},{"duration":7,"tweenEasing":0,"rotate":4.21},{"duration":0}]},{"name":"pet6005_zuiba","rotateFrame":[{"duration":8,"tweenEasing":0},{"duration":9,"tweenEasing":0,"rotate":-19.14},{"duration":10,"tweenEasing":0,"rotate":1.04},{"duration":11,"tweenEasing":0,"rotate":-16.38},{"duration":7,"tweenEasing":0,"rotate":1.04},{"duration":0}]},{"name":"pet6005_naodai","rotateFrame":[{"duration":8,"tweenEasing":0},{"duration":9,"tweenEasing":0,"rotate":-0.4},{"duration":9,"tweenEasing":0,"rotate":-37.48},{"duration":12,"tweenEasing":0,"rotate":-18.88},{"duration":7,"tweenEasing":0,"rotate":-37.48},{"duration":0}]},{"name":"fs","translateFrame":[{"duration":45,"x":0.33,"y":-0.33}]},{"name":"bf","translateFrame":[{"duration":45,"x":0.33,"y":-0.33}]},{"name":"mz","translateFrame":[{"duration":45,"x":0.33,"y":-0.34}]}],"slot":[{"name":"pet6005_001-0001","displayFrame":[{"duration":2},{"duration":2,"value":1},{"duration":2,"value":2},{"duration":2,"value":3},{"duration":2},{"duration":2,"value":1},{"duration":2,"value":2},{"duration":2,"value":3},{"duration":2},{"duration":2,"value":1},{"duration":2,"value":2},{"duration":2,"value":3},{"duration":2},{"duration":2,"value":1},{"duration":2,"value":2},{"duration":2,"value":3},{"duration":2},{"duration":2,"value":1},{"duration":2,"value":2},{"duration":2,"value":3},{"duration":2},{"duration":2,"value":1},{"value":2},{"duration":0,"value":3}]},{"name":"pet6005_02_part01_00008","displayFrame":[{"duration":45,"value":-1}]},{"name":"pet6005_yangjinggongji","displayFrame":[{"duration":8,"value":2},{"duration":37,"value":1},{"duration":0,"value":2}]}]}],"defaultActions":[{"gotoAndPlay":"attack"}]}]}