{"width":256,"imagePath":"A6140_tex.png","height":256,"name":"A6140","SubTexture":[{"frameY":-2,"y":161,"frameWidth":145,"frameX":-6,"frameHeight":69,"width":137,"height":66,"name":"pet6140_tx_attack_zd","x":1},{"frameY":-16,"y":1,"frameWidth":158,"frameX":-8,"frameHeight":106,"width":146,"height":77,"name":"pet6140_tx_attack_sj/pet6140_tx_attack_sj_00018","x":1},{"frameY":-17,"y":80,"frameWidth":158,"frameX":-16,"frameHeight":106,"width":113,"height":73,"name":"pet6140_tx_attack_sj/pet6140_tx_attack_sj_00019","x":129},{"frameY":-7,"y":155,"frameWidth":158,"frameX":-32,"frameHeight":106,"width":78,"height":95,"name":"pet6140_tx_attack_sj/pet6140_tx_attack_sj_00016","x":140},{"frameY":-16,"y":80,"frameWidth":158,"frameX":-15,"frameHeight":106,"width":126,"height":79,"name":"pet6140_tx_attack_sj/pet6140_tx_attack_sj_00017","x":1},{"frameY":-17,"y":1,"frameWidth":158,"frameX":-22,"frameHeight":106,"width":99,"height":72,"name":"pet6140_tx_attack_sj/pet6140_tx_attack_sj_00020","x":149}]}