{"frameRate":60,"name":"A6140","version":"5.5","compatibleVersion":"5.5","armature":[{"type":"Armature","frameRate":60,"name":"Armature","aabb":{"x":-72.5,"y":-34.5,"width":145,"height":69},"bone":[{"inheritScale":false,"name":"Layer1"}],"slot":[{"name":"Layer1","parent":"Layer1"}],"skin":[{"slot":[{"name":"Layer1","display":[{"name":"pet6140_tx_attack_zd"},{"name":"pet6140_tx_attack_sj/pet6140_tx_attack_sj_00016"},{"name":"pet6140_tx_attack_sj/pet6140_tx_attack_sj_00017"},{"name":"pet6140_tx_attack_sj/pet6140_tx_attack_sj_00018"},{"name":"pet6140_tx_attack_sj/pet6140_tx_attack_sj_00019"},{"name":"pet6140_tx_attack_sj/pet6140_tx_attack_sj_00020"}]}]}],"animation":[{"duration":0,"playTimes":0,"name":"track"},{"duration":16,"playTimes":0,"name":"hit","frame":[{"duration":4},{"duration":0,"events":[{"name":"0"}]}],"bone":[{"name":"Layer1","translateFrame":[{"duration":16,"x":24.05,"y":-14.7}],"scaleFrame":[{"duration":16,"x":2,"y":2}]}],"slot":[{"name":"Layer1","displayFrame":[{"duration":4,"value":1},{"duration":4,"value":2},{"duration":4,"value":3},{"duration":4,"value":4},{"duration":0,"value":5}]}]}],"defaultActions":[{"gotoAndPlay":"track"}]}]}