{"width":512,"imagePath":"S6113_tex.png","height":256,"name":"S6113","SubTexture":[{"frameY":-15,"y":1,"frameWidth":315,"frameX":-39,"frameHeight":84,"width":262,"height":55,"name":"6113_gai/6113_zd","x":1},{"frameY":-7,"y":58,"frameWidth":111,"frameX":-14,"frameHeight":98,"width":92,"height":86,"name":"pet6113_tx_skill/pet6113_tx_skill_sj/pet6113_tx_skill_sj_00009","x":1},{"width":1,"y":58,"height":1,"name":"轨迹06/3","x":235},{"width":1,"y":58,"height":1,"name":"轨迹06/1","x":232},{"width":1,"y":58,"height":1,"name":"轨迹06/2","x":244},{"frameY":-20,"y":58,"frameWidth":111,"frameX":-23,"frameHeight":98,"width":57,"height":58,"name":"pet6113_tx_skill/pet6113_tx_skill_sj/pet6113_tx_skill_sj_00013","x":173},{"width":1,"y":58,"height":1,"name":"轨迹06/5","x":241},{"frameY":-7,"y":1,"frameWidth":111,"frameX":-13,"frameHeight":98,"width":93,"height":86,"name":"pet6113_tx_skill/pet6113_tx_skill_sj/pet6113_tx_skill_sj_00011","x":360},{"frameY":-7,"y":1,"frameWidth":111,"frameX":-13,"frameHeight":98,"width":93,"height":86,"name":"pet6113_tx_skill/pet6113_tx_skill_sj/pet6113_tx_skill_sj_00010","x":265},{"width":1,"y":58,"height":1,"name":"轨迹06/4","x":238},{"frameY":-10,"y":58,"frameWidth":111,"frameX":-13,"frameHeight":98,"width":76,"height":75,"name":"pet6113_tx_skill/pet6113_tx_skill_sj/pet6113_tx_skill_sj_00012","x":95}]}