{"frameRate":60,"name":"S6113","version":"5.5","compatibleVersion":"5.5","armature":[{"type":"Armature","frameRate":60,"name":"Armature","aabb":{"x":-55.5,"y":-49,"width":111,"height":98},"bone":[{"name":"root"},{"inheritScale":false,"name":"Layer9","parent":"root"},{"inheritScale":false,"name":"Layer10","parent":"root"}],"slot":[{"displayIndex":-1,"name":"Layer10","parent":"Layer10"},{"name":"Layer9","parent":"Layer9"}],"skin":[{"slot":[{"name":"Layer9","display":[{"name":"pet6113_tx_skill/pet6113_tx_skill_sj/pet6113_tx_skill_sj_00009"},{"name":"pet6113_tx_skill/pet6113_tx_skill_sj/pet6113_tx_skill_sj_00010"},{"name":"pet6113_tx_skill/pet6113_tx_skill_sj/pet6113_tx_skill_sj_00011"},{"name":"pet6113_tx_skill/pet6113_tx_skill_sj/pet6113_tx_skill_sj_00012"},{"name":"pet6113_tx_skill/pet6113_tx_skill_sj/pet6113_tx_skill_sj_00013"},{"name":"轨迹06/1","transform":{"x":-0.5,"y":-0.5}},{"name":"轨迹06/2","transform":{"x":-0.5,"y":-0.5}},{"name":"轨迹06/3","transform":{"x":-0.5,"y":-0.5}},{"name":"轨迹06/4","transform":{"x":-0.5,"y":-0.5}},{"name":"轨迹06/5","transform":{"x":-0.5,"y":-0.5}}]},{"name":"Layer10","display":[{"name":"6113_gai/6113_zd"}]}]}],"animation":[{"duration":0,"playTimes":0,"name":"track","slot":[{"name":"Layer10","displayFrame":[{"duration":0}]},{"name":"Layer9","displayFrame":[{"duration":0,"value":-1}]}]},{"duration":32,"name":"hit","frame":[{"duration":8},{"duration":0,"events":[{"name":"0"}]}],"bone":[{"name":"Layer9","scaleFrame":[{"duration":32,"x":2,"y":2}]}],"slot":[{"name":"Layer9","displayFrame":[{"duration":8},{"duration":8,"value":1},{"duration":8,"value":2},{"duration":8,"value":3},{"duration":0,"value":4}]}]}],"defaultActions":[{"gotoAndPlay":"track"}]}]}