{"imagePath":"P6095_tex.png","width":2048,"height":1024,"name":"P6095","SubTexture":[{"frameY":-13,"y":705,"frameWidth":162,"frameHeight":90,"width":119,"height":58,"name":"pet6095_skill_fen02_00002","frameX":-22,"x":1427},{"frameY":-13,"y":130,"frameWidth":162,"frameHeight":90,"width":122,"height":59,"name":"pet6095_skill_fen02_00013","frameX":-20,"x":1749},{"frameY":-14,"y":413,"frameWidth":162,"frameHeight":90,"width":118,"height":56,"name":"pet6095_skill_fen02_00003","frameX":-22,"x":1639},{"frameY":-13,"y":706,"frameWidth":162,"frameHeight":90,"width":119,"height":58,"name":"pet6095_skill_fen02_00014","frameX":-22,"x":1306},{"frameY":-13,"y":274,"frameWidth":162,"frameHeight":90,"width":122,"height":59,"name":"pet6095_skill_fen02_00004","frameX":-20,"x":1582},{"frameY":-14,"y":471,"frameWidth":162,"frameHeight":90,"width":118,"height":56,"name":"pet6095_skill_fen02_00015","frameX":-22,"x":1639},{"frameY":-13,"y":589,"frameWidth":162,"frameHeight":90,"width":119,"height":58,"name":"pet6095_skill_fen02_00005","frameX":-22,"x":1504},{"frameY":-13,"y":645,"frameWidth":162,"frameHeight":90,"width":122,"height":59,"name":"pet6095_skill_fen02_00016","frameX":-20,"x":1259},{"frameY":-14,"y":471,"frameWidth":162,"frameHeight":90,"width":118,"height":56,"name":"pet6095_skill_fen02_00006","frameX":-22,"x":1879},{"frameY":-13,"y":645,"frameWidth":162,"frameHeight":90,"width":119,"height":58,"name":"pet6095_skill_fen02_00017","frameX":-22,"x":1383},{"frameY":-13,"y":69,"frameWidth":162,"frameHeight":90,"width":122,"height":59,"name":"pet6095_skill_fen02_00007","frameX":-20,"x":1749},{"frameY":-14,"y":529,"frameWidth":162,"frameHeight":90,"width":118,"height":56,"name":"pet6095_skill_fen02_00018","frameX":-22,"x":1654},{"frameY":-13,"y":529,"frameWidth":162,"frameHeight":90,"width":119,"height":58,"name":"pet6095_skill_fen02_00008","frameX":-22,"x":1533},{"frameY":-13,"y":866,"frameWidth":162,"frameHeight":90,"width":122,"height":58,"name":"pet6095_skill_fen02_00019","frameX":-20,"x":1247},{"frameY":-14,"y":266,"frameWidth":162,"frameHeight":90,"width":118,"height":56,"name":"pet6095_skill_fen02_00009","frameX":-22,"x":1759},{"frameY":-13,"y":955,"frameWidth":162,"frameHeight":90,"width":122,"height":59,"name":"pet6095_skill_fen02_00010","frameX":-20,"x":1153},{"frameY":-14,"y":471,"frameWidth":162,"frameHeight":90,"width":118,"height":56,"name":"pet6095_skill_fen02_00000","frameX":-22,"x":1759},{"frameY":-13,"y":529,"frameWidth":162,"frameHeight":90,"width":119,"height":58,"name":"pet6095_skill_fen02_00011","frameX":-22,"x":1412},{"frameY":-13,"y":205,"frameWidth":162,"frameHeight":90,"width":122,"height":59,"name":"pet6095_skill_fen02_00001","frameX":-20,"x":1692},{"frameY":-14,"y":335,"frameWidth":162,"frameHeight":90,"width":118,"height":56,"name":"pet6095_skill_fen02_00012","frameX":-22,"x":1690},{"frameY":-9,"y":1,"frameWidth":230,"frameHeight":262,"width":190,"height":243,"name":"pet6095_skil015","frameX":-20,"x":770},{"frameY":-9,"y":1,"frameWidth":230,"frameHeight":262,"width":191,"height":244,"name":"pet6095_skil026","frameX":-19,"x":1},{"frameY":-30,"y":246,"frameWidth":230,"frameHeight":262,"width":155,"height":223,"name":"pet6095_skil033","frameX":-45,"x":770},{"frameY":-9,"y":737,"frameWidth":230,"frameHeight":262,"width":190,"height":243,"name":"pet6095_skil016","frameX":-20,"x":577},{"frameY":-8,"y":1,"frameWidth":230,"frameHeight":262,"width":190,"height":244,"name":"pet6095_skil027","frameX":-20,"x":194},{"frameY":-9,"y":739,"frameWidth":230,"frameHeight":262,"width":190,"height":243,"name":"pet6095_skil017","frameX":-20,"x":193},{"frameY":-9,"y":246,"frameWidth":230,"frameHeight":262,"width":190,"height":243,"name":"pet6095_skil018","frameX":-20,"x":386},{"frameY":-9,"y":491,"frameWidth":230,"frameHeight":262,"width":190,"height":243,"name":"pet6095_skil019","frameX":-20,"x":770},{"frameY":-9,"y":736,"frameWidth":230,"frameHeight":262,"width":190,"height":243,"name":"pet6095_skil020","frameX":-20,"x":961},{"frameY":-9,"y":739,"frameWidth":230,"frameHeight":262,"width":190,"height":244,"name":"pet6095_skil028","frameX":-20,"x":1},{"frameY":-9,"y":736,"frameWidth":230,"frameHeight":262,"width":190,"height":243,"name":"pet6095_skil021","frameX":-20,"x":769},{"frameY":-9,"y":491,"frameWidth":230,"frameHeight":262,"width":190,"height":243,"name":"pet6095_skil029","frameX":-20,"x":578},{"frameY":-9,"y":737,"frameWidth":230,"frameHeight":262,"width":190,"height":243,"name":"pet6095_skil022","frameX":-20,"x":385},{"frameY":-9,"y":492,"frameWidth":230,"frameHeight":262,"width":190,"height":243,"name":"pet6095_skil030","frameX":-20,"x":194},{"frameY":-9,"y":246,"frameWidth":230,"frameHeight":262,"width":190,"height":243,"name":"pet6095_skil012","frameX":-20,"x":578},{"frameY":-9,"y":1,"frameWidth":230,"frameHeight":262,"width":190,"height":243,"name":"pet6095_skil023","frameX":-20,"x":578},{"frameY":-9,"y":491,"frameWidth":230,"frameHeight":262,"width":190,"height":243,"name":"pet6095_skil013","frameX":-20,"x":386},{"frameY":-9,"y":494,"frameWidth":230,"frameHeight":262,"width":191,"height":243,"name":"pet6095_skil024","frameX":-19,"x":1},{"frameY":-9,"y":1,"frameWidth":230,"frameHeight":262,"width":190,"height":243,"name":"pet6095_skil031","frameX":-20,"x":386},{"frameY":-9,"y":247,"frameWidth":230,"frameHeight":262,"width":190,"height":245,"name":"pet6095_skil014","frameX":-20,"x":1},{"frameY":-9,"y":247,"frameWidth":230,"frameHeight":262,"width":191,"height":243,"name":"pet6095_skil025","frameX":-19,"x":193},{"frameY":-34,"y":246,"frameWidth":230,"frameHeight":262,"width":151,"height":216,"name":"pet6095_skil032","frameX":-48,"x":927},{"frameY":-7,"y":401,"frameWidth":44,"frameHeight":42,"width":41,"height":34,"name":"PET6095_zuoshou2","frameX":-2,"x":1997},{"frameY":-15,"y":346,"frameWidth":44,"frameHeight":42,"width":32,"height":26,"name":"PET6095_zuoshou5","frameX":-11,"x":1495},{"frameY":0,"y":439,"frameWidth":44,"frameHeight":42,"width":37,"height":20,"name":"PET6095_zuoshou3","frameX":0,"x":1080},{"frameY":-7,"y":419,"frameWidth":44,"frameHeight":42,"width":38,"height":31,"name":"PET6095_zuoshou4","frameX":-3,"x":1947},{"frameY":0,"y":461,"frameWidth":25,"frameHeight":19,"width":24,"height":18,"name":"PET6095_zuoshou1","frameX":0,"x":1374},{"width":120,"y":106,"height":24,"name":"pet_yinying","x":1154},{"frameY":-3,"y":323,"frameWidth":23,"frameHeight":30,"width":17,"height":22,"name":"PET6095_bozi","frameX":-3,"x":1247},{"width":43,"y":589,"height":47,"name":"PET6095_zuotui2","x":1457},{"frameY":-2,"y":347,"frameWidth":16,"frameHeight":12,"width":12,"height":7,"name":"PET6095_xiaba","frameX":-3,"x":1247},{"frameY":-2,"y":419,"frameWidth":33,"frameHeight":55,"width":28,"height":49,"name":"PET6095_zuotui1","frameX":-2,"x":1917},{"width":84,"y":777,"height":83,"name":"PET6095_weiba1","x":1353},{"frameY":-5,"y":413,"frameWidth":26,"frameHeight":43,"width":18,"height":33,"name":"PET6095_guanzi","frameX":-3,"x":1538},{"width":58,"y":69,"height":82,"name":"PET6095_shenti","x":1873},{"frameY":-2,"y":589,"frameWidth":48,"frameHeight":53,"width":43,"height":47,"name":"PET6095_tou","frameX":-5,"x":1412},{"frameY":-4,"y":315,"frameWidth":27,"frameHeight":26,"width":20,"height":18,"name":"PET6095_yanjingputong","frameX":-3,"x":1706},{"frameY":-4,"y":393,"frameWidth":27,"frameHeight":26,"width":19,"height":18,"name":"PET6095_yanjingshengli","frameX":-4,"x":1711},{"frameY":-4,"y":393,"frameWidth":27,"frameHeight":26,"width":19,"height":18,"name":"PET6095_yanjingshouji","frameX":-4,"x":1690},{"frameY":-4,"y":393,"frameWidth":27,"frameHeight":26,"width":19,"height":18,"name":"PET6095_yanjingsiwang","frameX":-4,"x":1732},{"frameY":-4,"y":574,"frameWidth":27,"frameHeight":26,"width":19,"height":18,"name":"PET6095_yanjingbiyan","frameX":-4,"x":1150},{"frameY":-4,"y":315,"frameWidth":27,"frameHeight":26,"width":20,"height":18,"name":"PET6095_yanjingyinian","frameX":-3,"x":1728},{"frameY":-4,"y":70,"frameWidth":27,"frameHeight":26,"width":20,"height":18,"name":"PET6095_yanjinggongji","frameX":-3,"x":1260},{"width":36,"y":324,"height":54,"name":"PET6095_youtui2","x":1810},{"frameY":0,"y":344,"frameWidth":35,"frameHeight":59,"width":31,"height":55,"name":"PET6095_youtui1","frameX":-2,"x":1997},{"frameY":0,"y":346,"frameWidth":30,"frameHeight":31,"width":29,"height":30,"name":"PET6095_youshou1","frameX":0,"x":1464},{"frameY":-12,"y":346,"frameWidth":55,"frameHeight":54,"width":34,"height":34,"name":"PET6095_youshou4","frameX":-15,"x":1428},{"frameY":-22,"y":437,"frameWidth":55,"frameHeight":54,"width":32,"height":31,"name":"PET6095_youshou6","frameX":-22,"x":1987},{"frameY":-3,"y":464,"frameWidth":35,"frameHeight":30,"width":26,"height":22,"name":"PET6095_youshou7","frameX":-4,"x":927},{"frameY":-11,"y":277,"frameWidth":55,"frameHeight":54,"width":38,"height":42,"name":"PET6095_youshou2","frameX":-16,"x":1384},{"frameY":0,"y":439,"frameWidth":55,"frameHeight":54,"width":26,"height":22,"name":"PET6095_youshou3","frameX":0,"x":1119},{"frameY":-19,"y":1,"frameWidth":140,"frameHeight":141,"width":104,"height":103,"name":"pet6095_tx_attack_gq_00004","frameX":-17,"x":1154},{"frameY":-9,"y":357,"frameWidth":140,"frameHeight":141,"width":122,"height":122,"name":"pet6095_tx_attack_gq_00005","frameX":-8,"x":1150},{"frameY":-58,"y":153,"frameWidth":140,"frameHeight":141,"width":28,"height":28,"name":"pet6095_tx_attack_gq_00000","frameX":-55,"x":1879},{"frameY":-25,"y":481,"frameWidth":140,"frameHeight":141,"width":92,"height":91,"name":"pet6095_tx_attack_gq_00006","frameX":-23,"x":1150},{"frameY":-48,"y":266,"frameWidth":140,"frameHeight":141,"width":47,"height":47,"name":"pet6095_tx_attack_gq_00001","frameX":-46,"x":1706},{"frameY":-14,"y":594,"frameWidth":140,"frameHeight":141,"width":112,"height":112,"name":"pet6095_tx_attack_gq_00007","frameX":-13,"x":962},{"frameY":-38,"y":403,"frameWidth":140,"frameHeight":141,"width":66,"height":66,"name":"pet6095_tx_attack_gq_00002","frameX":-36,"x":1849},{"frameY":-29,"y":777,"frameWidth":140,"frameHeight":141,"width":84,"height":84,"name":"pet6095_tx_attack_gq_00003","frameX":-27,"x":1267},{"frameY":-24,"y":229,"frameWidth":200,"frameHeight":135,"width":135,"height":92,"name":"pet6095_skill_qiu_00008","frameX":-39,"x":1247},{"frameY":-29,"y":777,"frameWidth":200,"frameHeight":135,"width":112,"height":87,"name":"pet6095_skill_qiu_00009","frameX":-51,"x":1153},{"frameY":-24,"y":866,"frameWidth":200,"frameHeight":135,"width":92,"height":87,"name":"pet6095_skill_qiu_00010","frameX":-61,"x":1153},{"frameY":-37,"y":344,"frameWidth":200,"frameHeight":135,"width":67,"height":73,"name":"pet6095_skill_qiu_00011","frameX":-73,"x":1928},{"frameY":-3,"y":1,"frameWidth":200,"frameHeight":135,"width":190,"height":129,"name":"pet6095_skill_qiu_00001","frameX":-6,"x":962},{"frameY":-37,"y":393,"frameWidth":200,"frameHeight":135,"width":88,"height":75,"name":"pet6095_skill_qiu_00012","frameX":-55,"x":1759},{"frameY":-2,"y":464,"frameWidth":200,"frameHeight":135,"width":186,"height":128,"name":"pet6095_skill_qiu_00002","frameX":-9,"x":962},{"frameY":-35,"y":266,"frameWidth":200,"frameHeight":135,"width":74,"height":76,"name":"pet6095_skill_qiu_00013","frameX":-66,"x":1928},{"frameY":-10,"y":594,"frameWidth":200,"frameHeight":135,"width":177,"height":113,"name":"pet6095_skill_qiu_00003","frameX":-11,"x":1080},{"frameY":-30,"y":324,"frameWidth":200,"frameHeight":135,"width":77,"height":77,"name":"pet6095_skill_qiu_00014","frameX":-63,"x":1849},{"frameY":-10,"y":132,"frameWidth":200,"frameHeight":135,"width":172,"height":112,"name":"pet6095_skill_qiu_00004","frameX":-15,"x":962},{"frameY":-35,"y":357,"frameWidth":200,"frameHeight":135,"width":66,"height":80,"name":"pet6095_skill_qiu_00015","frameX":-72,"x":1080},{"frameY":-12,"y":246,"frameWidth":200,"frameHeight":135,"width":165,"height":109,"name":"pet6095_skill_qiu_00005","frameX":-18,"x":1080},{"frameY":-34,"y":392,"frameWidth":200,"frameHeight":135,"width":98,"height":82,"name":"pet6095_skill_qiu_00016","frameX":-63,"x":1274},{"frameY":-22,"y":481,"frameWidth":200,"frameHeight":135,"width":157,"height":94,"name":"pet6095_skill_qiu_00006","frameX":-23,"x":1247},{"frameY":-29,"y":413,"frameWidth":200,"frameHeight":135,"width":78,"height":87,"name":"pet6095_skill_qiu_00017","frameX":-71,"x":1559},{"frameY":-20,"y":132,"frameWidth":200,"frameHeight":135,"width":150,"height":95,"name":"pet6095_skill_qiu_00007","frameX":-27,"x":1136},{"frameY":-14,"y":139,"frameWidth":168,"frameHeight":90,"width":152,"height":67,"name":"pet6095_skill_fen01_00008","frameX":-9,"x":1288},{"frameY":-14,"y":138,"frameWidth":168,"frameHeight":90,"width":152,"height":66,"name":"pet6095_skill_fen01_00016","frameX":-8,"x":1442},{"frameY":-14,"y":323,"frameWidth":168,"frameHeight":90,"width":152,"height":67,"name":"pet6095_skill_fen01_00017","frameX":-9,"x":1274},{"frameY":-15,"y":69,"frameWidth":168,"frameHeight":90,"width":151,"height":66,"name":"pet6095_skill_fen01_00000","frameX":-9,"x":1596},{"frameY":-14,"y":461,"frameWidth":168,"frameHeight":90,"width":151,"height":66,"name":"pet6095_skill_fen01_00009","frameX":-9,"x":1406},{"frameY":-14,"y":277,"frameWidth":168,"frameHeight":90,"width":152,"height":67,"name":"pet6095_skill_fen01_00018","frameX":-9,"x":1428},{"frameY":-14,"y":70,"frameWidth":168,"frameHeight":90,"width":152,"height":66,"name":"pet6095_skill_fen01_00001","frameX":-8,"x":1442},{"frameY":-15,"y":137,"frameWidth":168,"frameHeight":90,"width":151,"height":66,"name":"pet6095_skill_fen01_00010","frameX":-9,"x":1596},{"frameY":-14,"y":346,"frameWidth":168,"frameHeight":90,"width":150,"height":65,"name":"pet6095_skill_fen01_00019","frameX":-10,"x":1538},{"frameY":-14,"y":1,"frameWidth":168,"frameHeight":90,"width":152,"height":67,"name":"pet6095_skill_fen01_00002","frameX":-9,"x":1260},{"frameY":-14,"y":206,"frameWidth":168,"frameHeight":90,"width":152,"height":66,"name":"pet6095_skill_fen01_00011","frameX":-8,"x":1538},{"frameY":-14,"y":208,"frameWidth":168,"frameHeight":90,"width":152,"height":67,"name":"pet6095_skill_fen01_00003","frameX":-9,"x":1384},{"frameY":-14,"y":1,"frameWidth":168,"frameHeight":90,"width":151,"height":66,"name":"pet6095_skill_fen01_00004","frameX":-9,"x":1889},{"frameY":-14,"y":70,"frameWidth":168,"frameHeight":90,"width":152,"height":67,"name":"pet6095_skill_fen01_00012","frameX":-9,"x":1288},{"frameY":-15,"y":577,"frameWidth":168,"frameHeight":90,"width":151,"height":66,"name":"pet6095_skill_fen01_00005","frameX":-9,"x":1259},{"frameY":-14,"y":392,"frameWidth":168,"frameHeight":90,"width":152,"height":67,"name":"pet6095_skill_fen01_00013","frameX":-9,"x":1384},{"frameY":-14,"y":1,"frameWidth":168,"frameHeight":90,"width":152,"height":66,"name":"pet6095_skill_fen01_00006","frameX":-8,"x":1582},{"frameY":-14,"y":709,"frameWidth":168,"frameHeight":90,"width":151,"height":66,"name":"pet6095_skill_fen01_00014","frameX":-9,"x":1153},{"frameY":-14,"y":1,"frameWidth":168,"frameHeight":90,"width":152,"height":67,"name":"pet6095_skill_fen01_00007","frameX":-9,"x":1414},{"frameY":-15,"y":1,"frameWidth":168,"frameHeight":90,"width":151,"height":66,"name":"pet6095_skill_fen01_00015","frameX":-9,"x":1736}]}