{"frameRate":30,"name":"P6095","version":"5.5","compatibleVersion":"5.5","armature":[{"type":"Armature","frameRate":30,"name":"Armature","aabb":{"x":-118.56,"y":-213.47,"width":230,"height":262},"bone":[{"name":"root"},{"name":"bf","parent":"root","transform":{"x":8.06,"y":-211.44}},{"name":"bone","parent":"root","transform":{"x":10,"y":-90}},{"name":"fs","parent":"root","transform":{"x":5.94,"y":-106.88}},{"name":"mz","parent":"root","transform":{"x":-3.91,"y":-76.3}},{"length":130,"name":"pet6095_skil012","parent":"root","transform":{"x":0.71,"y":-80.9,"skX":-78.86,"skY":-78.86}},{"length":96,"name":"pet6095_skill_fen01_00000","parent":"root","transform":{"x":-30.48,"y":-94.32,"skX":11.13,"skY":11.13,"scX":2,"scY":2}},{"length":72,"name":"pet6095_skill_fen02_00000","parent":"root","transform":{"x":24.53,"y":-117.86,"skX":-87.74,"skY":-87.74,"scX":2,"scY":2}},{"length":59,"name":"pet6095_skill_qiu_00001","parent":"root","transform":{"x":24.75,"y":-208.12,"skX":-87.72,"skY":-87.72,"scX":2,"scY":2}},{"length":31,"name":"yz","parent":"root","transform":{"x":-3.59,"y":-0.84,"skX":88.64,"skY":88.64}},{"length":36,"name":"PET6095_shenti","parent":"bone","transform":{"x":-14.89,"y":46.31,"skX":-64.71,"skY":-64.71}},{"length":51,"name":"pet6095_tx_attack_gq_00000","parent":"bone","transform":{"x":-2.06,"y":-0.51,"skX":-90.45,"skY":-90.45,"scX":2,"scY":2}},{"length":32,"name":"PET6095_weiba1","parent":"PET6095_shenti","transform":{"x":4.28,"y":-0.37,"skX":-91.8,"skY":-91.8}},{"length":42,"name":"PET6095_youtui1","parent":"PET6095_shenti","transform":{"x":31.78,"y":-14.52,"skX":161.89,"skY":161.89}},{"length":37,"name":"PET6095_zuotui1","parent":"PET6095_shenti","transform":{"x":41.1,"y":6.74,"skX":163.22,"skY":163.22}},{"length":18,"name":"bone2","parent":"PET6095_shenti","transform":{"x":37.36,"y":-0.09,"skX":-35.91,"skY":-35.91}},{"length":26,"name":"PET6095_youtui2","parent":"PET6095_youtui1","transform":{"x":41.74,"y":1.06,"skX":15.82,"skY":15.82}},{"length":23,"name":"PET6095_zuotui2","parent":"PET6095_zuotui1","transform":{"x":37.56,"y":0.29,"skX":3.17,"skY":3.17}},{"length":17,"name":"bone3","parent":"bone2","transform":{"x":18.67,"y":-0.03,"skX":-4.5,"skY":-4.5}},{"length":36,"name":"bone8","parent":"PET6095_weiba1","transform":{"x":32.32,"y":-0.24,"skX":45.45,"skY":45.45}},{"length":16,"name":"bone4","parent":"PET6095_youtui2","transform":{"x":26.17,"y":0.67,"skX":-58.11,"skY":-58.11}},{"length":30,"name":"PET6095_youshou1","parent":"bone3","transform":{"x":19.33,"y":-7.58,"skX":-124.31,"skY":-124.31}},{"length":19,"name":"PET6095_zuoshou1","parent":"bone3","transform":{"x":9.46,"y":7.59,"skX":131.91,"skY":131.91}},{"length":14,"name":"PET6095_bozi","parent":"bone3","transform":{"x":17.27,"y":0.15,"skX":6.61,"skY":6.61}},{"length":18,"name":"bone5","parent":"PET6095_zuotui2","transform":{"x":22.94,"y":-0.05,"skX":-61.48,"skY":-61.48}},{"length":29,"name":"bone9","parent":"bone8","transform":{"x":36.39,"y":-0.13,"skX":-58.24,"skY":-58.24}},{"length":16,"name":"PET6095_guanzi","parent":"PET6095_bozi","transform":{"x":9.6,"y":-2.3,"skX":-66.58,"skY":-66.58}},{"length":32,"name":"PET6095_tou","parent":"PET6095_bozi","transform":{"x":14.32,"y":-0.04,"skX":14.98,"skY":14.98}},{"length":33,"name":"PET6095_youshou2","parent":"PET6095_youshou1","transform":{"x":32.09,"y":-0.75,"skX":-76.7,"skY":-76.7}},{"length":26,"name":"PET6095_zuoshou2","parent":"PET6095_zuoshou1","transform":{"x":19.52,"y":0.43,"skX":25.65,"skY":25.65}},{"length":46,"name":"bone10","parent":"bone9","transform":{"x":29.41,"y":-0.03,"skX":-118.86,"skY":-118.86}},{"length":13,"name":"bone6","parent":"bone5","transform":{"x":18.74,"skX":-40.11,"skY":-40.11}},{"length":10,"name":"bone7","parent":"bone4","transform":{"x":16.77,"y":0.06,"skX":-28.51,"skY":-28.51}},{"length":8,"name":"PET6095_xiaba","parent":"PET6095_tou","transform":{"x":-1.48,"y":3.59,"skX":129.04,"skY":129.04}},{"length":10,"name":"PET6095_yanjingputong","parent":"PET6095_tou","transform":{"x":8.75,"y":3.2,"skX":111.09,"skY":111.09}}],"slot":[{"name":"pet6095_skill_fen02_00000","parent":"pet6095_skill_fen02_00000"},{"name":"pet6095_skil012","parent":"pet6095_skil012"},{"name":"PET6095_zuoshou2","parent":"PET6095_zuoshou2"},{"name":"PET6095_zuoshou1","parent":"PET6095_zuoshou1"},{"name":"pet_yinying","parent":"yz"},{"name":"PET6095_bozi","parent":"PET6095_bozi"},{"name":"PET6095_zuotui2","parent":"PET6095_zuotui2"},{"name":"PET6095_xiaba","parent":"PET6095_xiaba"},{"name":"PET6095_zuotui1","parent":"PET6095_zuotui1"},{"name":"PET6095_weiba1","parent":"PET6095_weiba1"},{"name":"PET6095_guanzi","parent":"PET6095_guanzi"},{"name":"PET6095_shenti","parent":"PET6095_shenti"},{"name":"PET6095_tou","parent":"PET6095_tou"},{"displayIndex":2,"name":"PET6095_yanjingputong","parent":"PET6095_yanjingputong"},{"name":"PET6095_youtui2","parent":"PET6095_youtui2"},{"name":"PET6095_youtui1","parent":"PET6095_youtui1"},{"name":"PET6095_youshou1","parent":"PET6095_youshou1"},{"name":"PET6095_youshou2","parent":"PET6095_youshou2"},{"displayIndex":-1,"name":"pet6095_tx_attack_gq_00000","parent":"pet6095_tx_attack_gq_00000"},{"displayIndex":-1,"name":"pet6095_skill_qiu_00001","parent":"pet6095_skill_qiu_00001"},{"name":"pet6095_skill_fen01_00000","parent":"pet6095_skill_fen01_00000"}],"skin":[{"slot":[{"name":"pet6095_tx_attack_gq_00000","display":[{"name":"pet6095_tx_attack_gq_00000","transform":{"x":0.24,"y":1.51,"skX":90.45,"skY":90.45}},{"name":"pet6095_tx_attack_gq_00001","transform":{"x":0.24,"y":1.51,"skX":90.45,"skY":90.45}},{"name":"pet6095_tx_attack_gq_00002","transform":{"x":0.24,"y":1.51,"skX":90.45,"skY":90.45}},{"name":"pet6095_tx_attack_gq_00003","transform":{"x":0.24,"y":1.51,"skX":90.45,"skY":90.45}},{"name":"pet6095_tx_attack_gq_00004","transform":{"x":0.24,"y":1.51,"skX":90.45,"skY":90.45}},{"name":"pet6095_tx_attack_gq_00005","transform":{"x":0.24,"y":1.51,"skX":90.45,"skY":90.45}},{"name":"pet6095_tx_attack_gq_00006","transform":{"x":0.24,"y":1.51,"skX":90.45,"skY":90.45}},{"name":"pet6095_tx_attack_gq_00007","transform":{"x":0.24,"y":1.51,"skX":90.45,"skY":90.45}}]},{"name":"PET6095_yanjingputong","display":[{"name":"PET6095_yanjingbiyan","transform":{"x":0.78,"y":-0.51,"skX":-27.57,"skY":-27.57}},{"name":"PET6095_yanjinggongji","transform":{"x":0.78,"y":-0.51,"skX":-27.57,"skY":-27.57}},{"name":"PET6095_yanjingputong","transform":{"x":0.78,"y":-0.51,"skX":-27.57,"skY":-27.57}},{"name":"PET6095_yanjingshengli","transform":{"x":0.78,"y":-0.51,"skX":-27.57,"skY":-27.57}},{"name":"PET6095_yanjingshouji","transform":{"x":0.78,"y":-0.51,"skX":-27.57,"skY":-27.57}},{"name":"PET6095_yanjingsiwang","transform":{"x":0.78,"y":-0.51,"skX":-27.57,"skY":-27.57}},{"name":"PET6095_yanjingyinian","transform":{"x":0.78,"y":-0.51,"skX":-27.57,"skY":-27.57}}]},{"name":"PET6095_shenti","display":[{"type":"mesh","name":"PET6095_shenti","width":58,"height":82,"vertices":[-4.13,-92.42,-1.08,-88.64,-9.34,-84.35,-20.56,-67.85,-21.22,-51.37,-7.92,-38.45,1.87,-38.45,21.01,-46.09,28.38,-61.15,25.85,-76.88,20.73,-86.82,18.47,-91.21,19.35,-96.35,21.14,-106.82,13.89,-117.71,5.09,-119.14,2.12,-119.48,-6.24,-120.42,-15.14,-117.61,-13.49,-107.6,-8.22,-97.48,11.12,-77.54,7.4,-96.02,3.01,-112.55,8.86,-88.81,4.91,-105.39],"uvs":[0.39803,0.34168,0.45064,0.38776,0.30839,0.44008,0.11495,0.6413,0.10357,0.84236,0.33305,1,0.50184,1,0.83184,0.90675,0.95891,0.72297,0.91529,0.53114,0.82692,0.40982,0.78796,0.35635,0.80309,0.29359,0.83388,0.16586,0.70871,0.03306,0.55698,0.01562,0.50586,0.01153,0.36164,0,0.20802,0.0344,0.23647,0.15647,0.3275,0.27988,0.66138,0.5231,0.5969,0.29774,0.52103,0.09604,0.62206,0.38569,0.55386,0.18331],"triangles":[9,21,8,21,7,8,10,21,9,25,22,12,21,6,7,24,21,10,25,12,13,14,25,13,11,24,10,22,11,12,22,24,11,2,3,21,23,25,14,15,23,14,24,1,21,1,2,21,22,1,24,20,0,25,25,0,22,0,1,22,16,23,15,23,19,25,19,20,25,17,19,23,17,23,16,18,19,17,6,5,21,3,4,5,3,5,21],"weights":[4,10,0.02083,15,0.4231,18,0.53456,23,0.02149,4,10,0.1056,15,0.72912,18,0.16481,23,0.00046,3,10,0.48076,15,0.51406,18,0.00516,2,10,0.91597,15,0.08402,2,10,0.99671,15,0.00328,1,10,1,1,10,0.99999,1,10,0.99999,2,10,0.9633,15,0.03669,2,10,0.55045,15,0.44953,3,10,0.07099,15,0.91685,18,0.01215,3,10,0.00017,15,0.85431,18,0.14551,2,15,0.53683,18,0.46316,3,15,0.11192,18,0.85919,23,0.02888,1,18,1,2,18,0.39199,23,0.60799,2,10,0.39199,23,0.60799,3,10,0.00008,18,0.39191,23,0.60799,3,10,0.00012,15,0.00002,18,0.99984,3,10,0.00005,15,0.00641,18,0.99353,4,10,0.00023,15,0.14063,18,0.72404,23,0.13507,2,10,0.5,15,0.5,2,15,0.5,18,0.5,1,18,1,1,15,1,1,18,1],"slotPose":[1,0,0,1,0,0],"bonePose":[10,0.4272,-0.904157,0.904157,0.4272,-4.89,-43.69,15,-0.184294,-0.982871,0.982871,-0.184294,10.98882,-77.507758,18,-0.260842,-0.965382,0.965382,-0.260842,7.518557,-95.852432,23,-0.147982,-0.98899,0.98899,-0.147982,3.158631,-112.563699],"edges":[4,5,5,6,6,7,7,8,8,9,9,10,10,11,11,12,12,13,13,14,14,15,15,16,16,17,17,18,18,19,19,20,20,0,0,1,1,2,2,3,3,4],"userEdges":[5,21,23,16,21,24,24,22,22,25,25,23]}]},{"name":"pet6095_skill_fen01_00000","display":[{"name":"pet6095_skill_fen01_00000","transform":{"x":26.19,"y":-10.25,"skX":-11.13,"skY":-11.13}},{"name":"pet6095_skill_fen01_00001","transform":{"skX":-11.13,"skY":-11.13}},{"name":"pet6095_skill_fen01_00002","transform":{"skX":-11.13,"skY":-11.13}},{"name":"pet6095_skill_fen01_00003","transform":{"skX":-11.13,"skY":-11.13}},{"name":"pet6095_skill_fen01_00004","transform":{"skX":-11.13,"skY":-11.13}},{"name":"pet6095_skill_fen01_00005","transform":{"skX":-11.13,"skY":-11.13}},{"name":"pet6095_skill_fen01_00006","transform":{"skX":-11.13,"skY":-11.13}},{"name":"pet6095_skill_fen01_00007","transform":{"skX":-11.13,"skY":-11.13}},{"name":"pet6095_skill_fen01_00008","transform":{"skX":-11.13,"skY":-11.13}},{"name":"pet6095_skill_fen01_00009","transform":{"skX":-11.13,"skY":-11.13}},{"name":"pet6095_skill_fen01_00010","transform":{"skX":-11.13,"skY":-11.13}},{"name":"pet6095_skill_fen01_00011","transform":{"skX":-11.13,"skY":-11.13}},{"name":"pet6095_skill_fen01_00012","transform":{"skX":-11.13,"skY":-11.13}},{"name":"pet6095_skill_fen01_00013","transform":{"skX":-11.13,"skY":-11.13}},{"name":"pet6095_skill_fen01_00014","transform":{"skX":-11.13,"skY":-11.13}},{"name":"pet6095_skill_fen01_00015","transform":{"skX":-11.13,"skY":-11.13}},{"name":"pet6095_skill_fen01_00016","transform":{"skX":-11.13,"skY":-11.13}},{"name":"pet6095_skill_fen01_00017","transform":{"skX":-11.13,"skY":-11.13}},{"name":"pet6095_skill_fen01_00018","transform":{"skX":-11.13,"skY":-11.13}},{"name":"pet6095_skill_fen01_00019","transform":{"skX":-11.13,"skY":-11.13}}]},{"name":"pet6095_skill_fen02_00000","display":[{"name":"pet6095_skill_fen02_00000","transform":{"x":2.93,"y":-4.23,"skX":87.74,"skY":87.74}},{"name":"pet6095_skill_fen02_00001","transform":{"skX":87.74,"skY":87.74}},{"name":"pet6095_skill_fen02_00002","transform":{"skX":87.74,"skY":87.74}},{"name":"pet6095_skill_fen02_00003","transform":{"skX":87.74,"skY":87.74}},{"name":"pet6095_skill_fen02_00004","transform":{"skX":87.74,"skY":87.74}},{"name":"pet6095_skill_fen02_00005","transform":{"skX":87.74,"skY":87.74}},{"name":"pet6095_skill_fen02_00006","transform":{"skX":87.74,"skY":87.74}},{"name":"pet6095_skill_fen02_00007","transform":{"skX":87.74,"skY":87.74}},{"name":"pet6095_skill_fen02_00008","transform":{"skX":87.74,"skY":87.74}},{"name":"pet6095_skill_fen02_00009","transform":{"skX":87.74,"skY":87.74}},{"name":"pet6095_skill_fen02_00010","transform":{"skX":87.74,"skY":87.74}},{"name":"pet6095_skill_fen02_00011","transform":{"skX":87.74,"skY":87.74}},{"name":"pet6095_skill_fen02_00012","transform":{"skX":87.74,"skY":87.74}},{"name":"pet6095_skill_fen02_00013","transform":{"skX":87.74,"skY":87.74}},{"name":"pet6095_skill_fen02_00014","transform":{"skX":87.74,"skY":87.74}},{"name":"pet6095_skill_fen02_00015","transform":{"skX":87.74,"skY":87.74}},{"name":"pet6095_skill_fen02_00016","transform":{"skX":87.74,"skY":87.74}},{"name":"pet6095_skill_fen02_00017","transform":{"skX":87.74,"skY":87.74}},{"name":"pet6095_skill_fen02_00018","transform":{"skX":87.74,"skY":87.74}},{"name":"pet6095_skill_fen02_00019","transform":{"skX":87.74,"skY":87.74}}]},{"name":"PET6095_zuotui2","display":[{"type":"mesh","name":"PET6095_zuotui2","width":43,"height":47,"vertices":[18.41,-45.72,18.59,-37.52,14.93,-23.24,22.24,-14.15,26.47,-13.11,29.63,-12.34,36.12,-10.76,39.27,-6.59,37.74,-1.07,26.77,0.88,21.83,0.03,16.92,-0.81,9.86,-8.3,-2.03,-10.24,-3.08,-18.91,3.65,-26.99,4.54,-40.85,8.97,-45.72,12.79,-41.44,8.03,-18.75,22.47,-6.51],"uvs":[0.50016,0,0.50412,0.17462,0.41912,0.47845,0.58911,0.67196,0.68753,0.69397,0.76119,0.71045,0.91189,0.74416,0.98503,0.83278,0.94944,0.95033,0.69445,0.99193,0.57948,0.97379,0.46514,0.95576,0.30108,0.79661,0.02433,0.75501,0,0.57055,0.15677,0.39874,0.17734,0.10374,0.28013,0,0.36925,0.09103,0.25835,0.57386,0.59429,0.83441],"triangles":[4,20,5,3,20,4,20,10,9,12,11,20,20,11,10,2,19,3,0,18,1,17,18,0,16,15,18,17,16,18,19,13,12,14,13,19,15,14,19,15,18,19,18,2,1,18,19,2,12,19,20,3,19,20,9,8,7,20,9,7,6,5,7,5,20,7],"weights":[1,17,1,1,17,1,2,17,0.75963,24,0.24036,3,17,0.00032,24,0.84066,31,0.159,2,24,0.30818,31,0.69181,2,24,0.05947,31,0.94052,1,31,1,1,31,1,1,31,1,2,24,0.05132,31,0.94867,2,24,0.40889,31,0.59109,2,24,0.8285,31,0.17149,2,17,0.00508,24,0.99491,2,17,0.34961,24,0.65038,2,17,0.63595,24,0.36404,2,17,0.9937,24,0.00629,1,17,1,1,17,1,1,17,1,2,17,0.5,24,0.5,2,24,0.5,31,0.5],"slotPose":[1,0,0,1,0,0],"bonePose":[17,-0.202445,0.979294,-0.979294,-0.202445,12.91693,-40.867978,24,0.763796,0.645458,-0.645458,0.763796,8.321795,-18.392862,31,0.999999,0.001571,-0.001571,0.999999,22.635333,-6.296985],"edges":[14,13,13,12,12,11,11,10,10,9,9,8,8,7,7,6,6,5,5,4,4,3,3,2,2,1,1,0,0,17,17,16,16,15,15,14],"userEdges":[18,19,19,20,20,7]}]},{"name":"PET6095_zuoshou1","display":[{"name":"PET6095_zuoshou1","transform":{"x":12.62,"y":-0.81,"skX":-26.77,"skY":-26.77}}]},{"name":"PET6095_youtui1","display":[{"name":"PET6095_youtui1","transform":{"x":22.42,"y":-1.19,"skX":-97.18,"skY":-97.18}}]},{"name":"PET6095_zuotui1","display":[{"name":"PET6095_zuotui1","transform":{"x":20.57,"y":-3.97,"skX":-98.5,"skY":-98.5}}]},{"name":"PET6095_bozi","display":[{"name":"PET6095_bozi","transform":{"x":8.67,"y":-0.32,"skX":98.51,"skY":98.51}}]},{"name":"pet_yinying","display":[{"name":"pet_yinying","transform":{"x":0.73,"y":-1.33,"skX":-88.64,"skY":-88.64,"scY":1.3}}]},{"name":"PET6095_guanzi","display":[{"name":"PET6095_guanzi","transform":{"x":9.38,"y":-1.22,"skX":165.09,"skY":165.09}}]},{"name":"pet6095_skill_qiu_00001","display":[{"name":"pet6095_skill_qiu_00001","transform":{"x":3.86,"y":-1.31,"skX":87.72,"skY":87.72}},{"name":"pet6095_skill_qiu_00002","transform":{"x":3.86,"y":-1.31,"skX":87.72,"skY":87.72}},{"name":"pet6095_skill_qiu_00003","transform":{"x":3.86,"y":-1.31,"skX":87.72,"skY":87.72}},{"name":"pet6095_skill_qiu_00004","transform":{"x":3.86,"y":-1.31,"skX":87.72,"skY":87.72}},{"name":"pet6095_skill_qiu_00005","transform":{"x":3.86,"y":-1.31,"skX":87.72,"skY":87.72}},{"name":"pet6095_skill_qiu_00006","transform":{"x":3.86,"y":-1.31,"skX":87.72,"skY":87.72}},{"name":"pet6095_skill_qiu_00007","transform":{"x":3.86,"y":-1.31,"skX":87.72,"skY":87.72}},{"name":"pet6095_skill_qiu_00008","transform":{"x":3.86,"y":-1.31,"skX":87.72,"skY":87.72}},{"name":"pet6095_skill_qiu_00009","transform":{"x":3.86,"y":-1.31,"skX":87.72,"skY":87.72}},{"name":"pet6095_skill_qiu_00010","transform":{"x":3.86,"y":-1.31,"skX":87.72,"skY":87.72}},{"name":"pet6095_skill_qiu_00011","transform":{"x":3.86,"y":-1.31,"skX":87.72,"skY":87.72}},{"name":"pet6095_skill_qiu_00012","transform":{"x":3.86,"y":-1.31,"skX":87.72,"skY":87.72}},{"name":"pet6095_skill_qiu_00013","transform":{"x":3.86,"y":-1.31,"skX":87.72,"skY":87.72}},{"name":"pet6095_skill_qiu_00014","transform":{"x":3.86,"y":-1.31,"skX":87.72,"skY":87.72}},{"name":"pet6095_skill_qiu_00015","transform":{"x":3.86,"y":-1.31,"skX":87.72,"skY":87.72}},{"name":"pet6095_skill_qiu_00016","transform":{"x":3.86,"y":-1.31,"skX":87.72,"skY":87.72}},{"name":"pet6095_skill_qiu_00017","transform":{"x":3.86,"y":-1.31,"skX":87.72,"skY":87.72}}]},{"name":"pet6095_skil012","display":[{"name":"pet6095_skil012","transform":{"x":0.72,"y":-4.49,"skX":78.86,"skY":78.86}},{"name":"pet6095_skil013","transform":{"x":0.72,"y":-4.49,"skX":78.86,"skY":78.86}},{"name":"pet6095_skil014","transform":{"x":0.72,"y":-4.49,"skX":78.86,"skY":78.86}},{"name":"pet6095_skil015","transform":{"x":0.72,"y":-4.49,"skX":78.86,"skY":78.86}},{"name":"pet6095_skil016","transform":{"x":0.72,"y":-4.49,"skX":78.86,"skY":78.86}},{"name":"pet6095_skil017","transform":{"x":0.72,"y":-4.49,"skX":78.86,"skY":78.86}},{"name":"pet6095_skil018","transform":{"x":0.72,"y":-4.49,"skX":78.86,"skY":78.86}},{"name":"pet6095_skil019","transform":{"x":0.72,"y":-4.49,"skX":78.86,"skY":78.86}},{"name":"pet6095_skil020","transform":{"x":0.72,"y":-4.49,"skX":78.86,"skY":78.86}},{"name":"pet6095_skil021","transform":{"x":0.72,"y":-4.49,"skX":78.86,"skY":78.86}},{"name":"pet6095_skil022","transform":{"x":0.72,"y":-4.49,"skX":78.86,"skY":78.86}},{"name":"pet6095_skil023","transform":{"x":0.72,"y":-4.49,"skX":78.86,"skY":78.86}},{"name":"pet6095_skil024","transform":{"x":0.72,"y":-4.49,"skX":78.86,"skY":78.86}},{"name":"pet6095_skil025","transform":{"x":0.72,"y":-4.49,"skX":78.86,"skY":78.86}},{"name":"pet6095_skil026","transform":{"x":0.72,"y":-4.49,"skX":78.86,"skY":78.86}},{"name":"pet6095_skil027","transform":{"x":0.72,"y":-4.49,"skX":78.86,"skY":78.86}},{"name":"pet6095_skil028","transform":{"x":0.72,"y":-4.49,"skX":78.86,"skY":78.86}},{"name":"pet6095_skil029","transform":{"x":0.72,"y":-4.49,"skX":78.86,"skY":78.86}},{"name":"pet6095_skil030","transform":{"x":0.72,"y":-4.49,"skX":78.86,"skY":78.86}},{"name":"pet6095_skil031","transform":{"x":0.72,"y":-4.49,"skX":78.86,"skY":78.86}},{"name":"pet6095_skil032","transform":{"x":0.72,"y":-4.49,"skX":78.86,"skY":78.86}},{"name":"pet6095_skil033","transform":{"x":0.72,"y":-4.49,"skX":78.86,"skY":78.86}}]},{"name":"PET6095_youshou2","display":[{"name":"PET6095_youshou2","transform":{"x":13.71,"y":1.33,"skX":-53.84,"skY":-53.84}},{"name":"PET6095_youshou3","transform":{"x":13.12,"y":1.09,"skX":-53.84,"skY":-53.84}},{"name":"PET6095_youshou4","transform":{"x":13.71,"y":1.33,"skX":-53.84,"skY":-53.84}},{"name":"PET6095_youshou6","transform":{"x":1.32,"y":0.65,"skX":-44.45,"skY":-44.45}},{"name":"PET6095_youshou7","transform":{"x":-3.54,"y":8.04,"skX":-71.86,"skY":-71.86}},{"name":"PET6095_zuoshou2","transform":{"x":16.36,"y":-2.16,"skX":-44.45,"skY":-44.45}}]},{"name":"PET6095_youshou1","display":[{"name":"PET6095_youshou1","transform":{"x":16.35,"y":-0.11,"skX":-130.55,"skY":-130.55}}]},{"name":"PET6095_youtui2","display":[{"type":"mesh","name":"PET6095_youtui2","width":36,"height":54,"vertices":[-7.52,-30.09,-13.04,-20.24,-14.23,-14.79,-12.06,-11.93,-8.11,-6.74,-5.39,-3.16,0.21,-1.63,5.84,-0.09,5.84,8.32,1.93,10.01,-5.72,10.35,-14.56,11.87,-21.53,8.16,-30.16,-8.15,-30.16,-14.53,-25.19,-19.63,-23.49,-30.08,-17.47,-41.9,-6.5,-42.11,-5.83,-36.21,-10.9,-37.73,-21.37,-13.52,-12.27,0,-16.84,-6.8],"uvs":[0.62924,0.22263,0.47576,0.40522,0.44271,0.50596,0.50307,0.55897,0.6126,0.65515,0.68826,0.7216,0.8436,0.74984,1,0.77827,1,0.9341,0.89132,0.96558,0.67882,0.97188,0.43326,1,0.23965,0.93096,0,0.62873,0,0.51068,0.13813,0.41624,0.18535,0.22263,0.35299,0.00383,0.65757,0,0.67646,0.10929,0.53503,0.08097,0.24436,0.5295,0.49685,0.77984,0.37003,0.6541],"triangles":[9,8,7,6,9,7,20,0,19,20,19,18,4,22,5,22,11,10,17,20,18,23,22,4,3,23,4,12,11,22,17,16,20,2,23,3,23,12,22,21,23,2,13,12,23,21,13,23,15,14,21,14,13,21,16,15,21,16,21,20,20,1,0,21,1,20,21,2,1,10,22,9,6,5,9,5,22,9],"weights":[1,16,1,2,16,0.99825,20,0.00174,2,16,0.60601,20,0.39398,3,16,0.1245,20,0.87287,32,0.00261,2,20,0.76208,32,0.23791,2,20,0.21542,32,0.78457,1,32,0.99999,1,32,1,1,32,1,1,32,1,2,20,0.0004,32,0.99959,3,16,0.00431,20,0.21579,32,0.77988,3,16,0.03753,20,0.57423,32,0.38822,2,16,0.39593,20,0.60406,2,16,0.15721,20,0.84278,2,16,0.34578,20,0.6542,2,16,0.97209,20,0.0279,1,16,1,1,16,1,1,16,1,1,16,1,1,20,1,2,20,0.5,32,0.5,1,20,1],"slotPose":[1,0,0,1,0,0],"bonePose":[16,-0.390731,0.920505,-0.920505,-0.390731,-10.710585,-37.346853,20,0.575148,0.818049,-0.818049,0.575148,-21.552757,-13.519031,32,0.895867,0.444322,-0.444322,0.895867,-11.956607,0.234165],"edges":[13,12,12,11,11,10,10,9,9,8,8,7,7,6,6,5,5,4,4,3,3,2,2,1,1,0,0,19,19,18,18,17,17,16,16,15,15,14,14,13],"userEdges":[20,21,22,9,21,23,23,22]}]},{"name":"PET6095_xiaba","display":[{"name":"PET6095_xiaba","transform":{"x":6.05,"y":0.82,"skX":-45.51,"skY":-45.51}}]},{"name":"PET6095_tou","display":[{"name":"PET6095_tou","transform":{"x":13.36,"y":1.84,"skX":83.52,"skY":83.52}}]},{"name":"PET6095_zuoshou2","display":[{"name":"PET6095_zuoshou2","transform":{"x":19.85,"y":-2.58,"skX":-41.34,"skY":-41.34}},{"name":"PET6095_zuoshou3","transform":{"x":19.85,"y":-2.58,"skX":-41.34,"skY":-41.34}},{"name":"PET6095_zuoshou4","transform":{"x":19.85,"y":-2.58,"skX":-41.34,"skY":-41.34}},{"name":"PET6095_zuoshou5","transform":{"x":17.08,"y":-3.29,"skX":-41.34,"skY":-41.34}}]},{"name":"PET6095_weiba1","display":[{"type":"mesh","name":"PET6095_weiba1","width":84,"height":83,"vertices":[-39.99,-95.67,-34.71,-81.88,-27.44,-71.2,-21.62,-69.1,-6.09,-63.47,-1.4,-54.83,-1.51,-47.43,-1.59,-42.7,-7.2,-35.84,-15.74,-35.82,-31.2,-41.67,-40.4,-52.35,-48,-64.66,-51.77,-85.74,-53.16,-92.29,-55.01,-100.97,-61.91,-107.32,-68.72,-101.16,-68.39,-95.5,-67.95,-87.91,-57.18,-69.51,-52.49,-62.52,-54.13,-51.11,-58.53,-49.44,-63.14,-47.71,-73.27,-59.48,-79.06,-74.01,-80.18,-95.25,-77.53,-103.64,-74.85,-112.08,-65.01,-117.87,-51.85,-114.94,-42.75,-102.88,-33.27,-60.61,-46.6,-94.92,-57.8,-111.47,-70.49,-109.62,-74.82,-99.97],"uvs":[0.51633,0.27883,0.57919,0.44514,0.66571,0.57372,0.73493,0.59908,0.91981,0.66683,0.97566,0.77102,0.97433,0.86014,0.97347,0.91733,0.90666,1,0.80481,1,0.62081,0.92953,0.51129,0.80095,0.42087,0.65246,0.37596,0.39863,0.35938,0.31954,0.33745,0.21493,0.2553,0.13845,0.17426,0.21272,0.17816,0.28093,0.1834,0.3725,0.31154,0.59419,0.3674,0.67843,0.34768,0.81587,0.29533,0.83588,0.24035,0.85688,0.11987,0.715,0.05088,0.53987,0.03773,0.28397,0.0694,0.18284,0.10126,0.08112,0.21845,0.01129,0.37506,0.04676,0.48349,0.19197,0.59618,0.70136,0.43752,0.28786,0.30424,0.0885,0.15309,0.11061,0.10157,0.22697],"triangles":[6,9,7,9,8,7,3,33,4,33,11,10,2,33,3,0,34,1,12,11,33,32,34,0,15,14,34,14,13,34,35,16,15,30,35,31,23,22,21,25,24,23,36,17,16,29,36,30,17,37,18,29,28,36,28,27,37,5,4,6,4,33,6,33,10,9,33,9,6,1,33,2,1,34,33,34,13,33,13,12,33,35,34,32,31,35,32,35,15,34,30,35,36,36,16,35,28,36,37,36,37,17,27,26,37,26,25,23,37,26,23,20,23,21,19,23,20,19,37,23,18,37,19],"weights":[2,19,0.67237,25,0.32762,1,19,1,2,12,0.2945,19,0.70549,2,12,0.76906,19,0.23093,1,12,1,1,12,1,1,12,1,1,12,1,1,12,1,1,12,1,2,12,0.99621,19,0.00378,2,12,0.58977,19,0.41021,2,12,0.00664,19,0.99335,2,19,0.89306,25,0.10693,2,19,0.17933,25,0.82066,1,25,1,1,25,0.99999,1,25,0.99999,2,25,0.74195,30,0.25804,1,30,1,1,30,1,1,30,1,1,30,1,1,30,1,1,30,1,1,30,1,1,30,1,1,30,1,2,25,0.75579,30,0.2442,2,25,0.99436,30,0.00563,1,25,0.99999,1,25,1,2,19,0.1529,25,0.84708,2,12,0.5,19,0.5,2,19,0.5,25,0.5,1,25,0.99999,2,25,0.99799,30,0.002,2,25,0.5,30,0.5],"slotPose":[1,0,0,1,0,0],"bonePose":[12,-0.91713,-0.398589,0.398589,-0.91713,-3.396122,-47.717857,19,-0.359345,-0.933205,0.933205,-0.359345,-33.133414,-60.380142,25,-0.982613,-0.185667,0.185667,-0.982613,-46.331309,-94.292744,30,0.311672,0.95019,-0.95019,0.311672,-75.235522,-99.723721],"edges":[27,26,26,25,25,24,24,23,23,22,22,21,21,20,20,19,19,18,18,17,17,16,16,15,15,14,14,13,13,12,12,11,11,10,10,9,9,8,8,7,7,6,6,5,5,4,4,3,3,2,2,1,1,0,0,32,32,31,31,30,30,29,29,28,28,27],"userEdges":[6,33,33,34,34,35,35,36,36,37,37,23]}]}]}],"animation":[{"duration":59,"name":"attack","frame":[{"duration":25},{"duration":0,"events":[{"name":"0"}]}],"bone":[{"name":"PET6095_bozi","rotateFrame":[{"duration":8,"tweenEasing":0,"rotate":-7.31},{"duration":7,"tweenEasing":0,"rotate":-7.37},{"duration":7,"tweenEasing":0,"rotate":8.61},{"tweenEasing":0,"rotate":11.81},{"rotate":-15.2},{"duration":26,"tweenEasing":0,"rotate":-15.2},{"tweenEasing":0,"rotate":11.81},{"duration":8,"tweenEasing":0,"rotate":-20.82},{"duration":0,"rotate":-7.31}]},{"name":"bone4","rotateFrame":[{"duration":8,"tweenEasing":0,"rotate":17.51},{"duration":14,"tweenEasing":0,"rotate":13.54},{"duration":28,"rotate":21.17},{"tweenEasing":0,"rotate":21.17},{"duration":8,"tweenEasing":0,"rotate":54.43},{"duration":0,"rotate":17.51}]},{"name":"bone3","rotateFrame":[{"duration":8,"tweenEasing":0,"rotate":-14.44},{"duration":7,"tweenEasing":0,"rotate":4.5},{"duration":7,"tweenEasing":0,"rotate":44.07},{"tweenEasing":0,"rotate":51.98},{"rotate":9.36},{"duration":26,"tweenEasing":0,"rotate":9.36},{"tweenEasing":0,"rotate":51.98},{"duration":8,"tweenEasing":0,"rotate":-5.41},{"duration":0,"rotate":-14.44}]},{"name":"bone","translateFrame":[{"duration":8,"tweenEasing":0,"y":-20},{"duration":7,"tweenEasing":0,"y":-30},{"duration":7,"tweenEasing":0,"x":3.48,"y":-17.5},{"duration":28,"x":4.18,"y":-15},{"tweenEasing":0,"x":4.18,"y":-15},{"duration":8,"tweenEasing":0,"x":8.51,"y":-30},{"duration":0,"y":-20}],"rotateFrame":[{"duration":59,"rotate":13.28}]},{"name":"bone8","rotateFrame":[{"duration":8,"tweenEasing":0},{"duration":14,"tweenEasing":0,"rotate":0.47},{"tweenEasing":0,"rotate":-10.61},{"rotate":6.94},{"duration":26,"tweenEasing":0,"rotate":6.94},{"tweenEasing":0,"rotate":-10.61},{"duration":8,"tweenEasing":0,"rotate":10.27},{"duration":0}]},{"name":"PET6095_zuoshou2","translateFrame":[{"duration":22,"tweenEasing":0,"x":1.54,"y":-0.88},{"tweenEasing":0,"x":1.54,"y":-0.88},{"x":0.76,"y":0.59},{"duration":26,"tweenEasing":0,"x":0.76,"y":0.59},{"duration":9,"x":1.54,"y":-0.88}],"rotateFrame":[{"duration":8,"tweenEasing":0,"rotate":8.96},{"duration":7,"tweenEasing":0,"rotate":-8.41},{"duration":7,"tweenEasing":0,"rotate":123.3},{"tweenEasing":0,"rotate":149.64},{"rotate":-24.75},{"duration":26,"tweenEasing":0,"rotate":-24.75},{"tweenEasing":0,"rotate":149.64},{"duration":8,"tweenEasing":0,"rotate":-26.69},{"duration":0,"rotate":8.96}]},{"name":"PET6095_youshou1","rotateFrame":[{"duration":8,"tweenEasing":0,"rotate":-11.2},{"duration":7,"tweenEasing":0,"rotate":-9.73},{"duration":7,"tweenEasing":0,"rotate":-72.03},{"tweenEasing":0,"rotate":-84.5},{"rotate":-23.45},{"duration":26,"tweenEasing":0,"rotate":-23.45},{"tweenEasing":0,"rotate":-84.49},{"duration":8,"tweenEasing":0,"rotate":-21.54},{"duration":0,"rotate":-11.2}]},{"name":"bone5","rotateFrame":[{"duration":8,"tweenEasing":0,"rotate":34.71},{"duration":14,"tweenEasing":0,"rotate":26.99},{"tweenEasing":0,"rotate":24.59},{"rotate":29.5},{"duration":26,"tweenEasing":0,"rotate":29.5},{"tweenEasing":0,"rotate":24.59},{"duration":8,"tweenEasing":0,"rotate":33.64},{"duration":0,"rotate":34.71}]},{"name":"PET6095_zuotui1","rotateFrame":[{"duration":8,"tweenEasing":0,"rotate":0.06},{"duration":7,"tweenEasing":0,"rotate":-2.85},{"duration":7,"tweenEasing":0,"rotate":-45.13},{"tweenEasing":0,"rotate":-53.58},{"rotate":-18.8},{"duration":26,"tweenEasing":0,"rotate":-18.8},{"tweenEasing":0,"rotate":-53.58},{"duration":8,"tweenEasing":0,"rotate":-24.63},{"duration":0,"rotate":0.06}]},{"name":"PET6095_youshou2","translateFrame":[{"duration":59,"x":1.03,"y":1.09}],"rotateFrame":[{"duration":8,"tweenEasing":0,"rotate":34.1},{"duration":7,"tweenEasing":0,"rotate":53.97},{"duration":7,"tweenEasing":0,"rotate":-23.93},{"tweenEasing":0,"rotate":-39.51},{"rotate":73.99},{"duration":26,"tweenEasing":0,"rotate":73.99},{"tweenEasing":0,"rotate":-39.51},{"duration":8,"tweenEasing":0,"rotate":69.42},{"duration":0,"rotate":34.1}]},{"name":"bone10","rotateFrame":[{"duration":8,"tweenEasing":0},{"duration":14,"tweenEasing":0,"rotate":12.14},{"tweenEasing":0,"rotate":-8.37},{"rotate":10},{"duration":26,"tweenEasing":0,"rotate":10},{"tweenEasing":0,"rotate":-8.37},{"duration":8,"tweenEasing":0,"rotate":11.11},{"duration":0}]},{"name":"PET6095_tou","rotateFrame":[{"duration":8,"tweenEasing":0,"rotate":-13.5},{"duration":7,"tweenEasing":0,"rotate":-16.41},{"duration":7,"tweenEasing":0,"rotate":-2.11},{"tweenEasing":0,"rotate":0.75},{"rotate":-29.53},{"duration":26,"tweenEasing":0,"rotate":-29.53},{"tweenEasing":0,"rotate":0.75},{"duration":8,"tweenEasing":0,"rotate":-17.76},{"duration":0,"rotate":-13.5}]},{"name":"bone2","rotateFrame":[{"duration":8,"tweenEasing":0,"rotate":7.23},{"duration":7,"tweenEasing":0,"rotate":13.54},{"duration":7,"tweenEasing":0,"rotate":8.98},{"tweenEasing":0,"rotate":8.07},{"rotate":-5.75},{"duration":26,"tweenEasing":0,"rotate":-5.75},{"tweenEasing":0,"rotate":8.07},{"duration":8,"tweenEasing":0,"rotate":16.62},{"duration":0,"rotate":7.23}]},{"name":"PET6095_shenti","rotateFrame":[{"duration":8,"tweenEasing":0,"rotate":2.1},{"duration":7,"tweenEasing":0,"rotate":-11.78},{"duration":7,"tweenEasing":0,"rotate":-16.98},{"tweenEasing":0,"rotate":-18.02},{"rotate":-32.65},{"duration":26,"tweenEasing":0,"rotate":-32.65},{"tweenEasing":0,"rotate":-18.02},{"duration":8,"tweenEasing":0,"rotate":-5.05},{"duration":0,"rotate":2.1}]},{"name":"bone6","rotateFrame":[{"duration":8,"tweenEasing":0,"rotate":26.25},{"duration":14,"tweenEasing":0,"rotate":18.52},{"duration":28,"rotate":16.12},{"tweenEasing":0,"rotate":16.12},{"duration":8,"tweenEasing":0,"rotate":22.45},{"duration":0,"rotate":26.25}]},{"name":"PET6095_weiba1","rotateFrame":[{"duration":8,"tweenEasing":0},{"duration":14,"tweenEasing":0,"rotate":0.18},{"tweenEasing":0,"rotate":52.66},{"rotate":11.27},{"duration":26,"tweenEasing":0,"rotate":11.27},{"tweenEasing":0,"rotate":52.66},{"duration":8,"tweenEasing":0,"rotate":6.98},{"duration":0}]},{"name":"PET6095_youtui2","rotateFrame":[{"duration":8,"tweenEasing":0,"rotate":17.51},{"duration":7,"tweenEasing":0,"rotate":13.54},{"duration":7,"tweenEasing":0,"rotate":81.66},{"tweenEasing":0,"rotate":95.28},{"rotate":46.48},{"duration":26,"tweenEasing":0,"rotate":46.48},{"tweenEasing":0,"rotate":95.28},{"duration":8,"tweenEasing":0,"rotate":11.06},{"duration":0,"rotate":17.51}]},{"name":"yz","scaleFrame":[{"duration":8,"tweenEasing":0},{"duration":14,"tweenEasing":0,"y":0.9},{"duration":29,"y":1.1},{"duration":8,"tweenEasing":0,"y":1.1},{"duration":0}]},{"name":"PET6095_zuotui2","translateFrame":[{"duration":15,"tweenEasing":0},{"duration":7,"tweenEasing":0},{"duration":28,"tweenEasing":0,"x":1.46,"y":-1.37},{"tweenEasing":0,"x":1.46,"y":-1.37},{"duration":8,"tweenEasing":0,"x":0.54,"y":-0.51},{"duration":0}],"rotateFrame":[{"duration":8,"tweenEasing":0,"rotate":14.22},{"duration":7,"tweenEasing":0,"rotate":6.49},{"duration":7,"tweenEasing":0,"rotate":98.45},{"tweenEasing":0,"rotate":116.84},{"rotate":40.41},{"duration":26,"tweenEasing":0,"rotate":40.41},{"tweenEasing":0,"rotate":116.84},{"duration":8,"tweenEasing":0,"rotate":60.01},{"duration":0,"rotate":14.22}]},{"name":"PET6095_youtui1","translateFrame":[{"duration":15,"tweenEasing":0},{"duration":7,"tweenEasing":0},{"duration":28,"tweenEasing":0,"x":-11.1,"y":-5.63},{"tweenEasing":0,"x":-11.1,"y":-5.63},{"duration":8,"tweenEasing":0,"x":-4.16,"y":-2.11},{"duration":0}],"rotateFrame":[{"duration":8,"tweenEasing":0,"rotate":-8.19},{"duration":7,"tweenEasing":0,"rotate":-14.76},{"duration":7,"tweenEasing":0,"rotate":-35.66},{"tweenEasing":0,"rotate":-39.84},{"rotate":3.39},{"duration":26,"tweenEasing":0,"rotate":3.39},{"tweenEasing":0,"rotate":-39.84},{"duration":8,"tweenEasing":0,"rotate":-3.04},{"duration":0,"rotate":-8.19}]},{"name":"bone9","rotateFrame":[{"duration":8,"tweenEasing":0},{"duration":14,"tweenEasing":0,"rotate":15.61},{"tweenEasing":0,"rotate":-4.91},{"rotate":12.64},{"duration":26,"tweenEasing":0,"rotate":12.64},{"tweenEasing":0,"rotate":-4.91},{"duration":8,"tweenEasing":0,"rotate":12.41},{"duration":0}]},{"name":"bone7","rotateFrame":[{"duration":8,"tweenEasing":0,"rotate":17.51},{"duration":14,"tweenEasing":0,"rotate":13.54},{"duration":26,"rotate":21.17},{"tweenEasing":0,"rotate":21.17},{"duration":8,"tweenEasing":0,"rotate":16.06},{"duration":2,"rotate":17.51}]},{"name":"PET6095_zuoshou1","translateFrame":[{"duration":8,"tweenEasing":0},{"duration":43,"tweenEasing":0,"x":3.79,"y":1.34},{"duration":8,"tweenEasing":0,"x":3.79,"y":1.34},{"duration":0}],"rotateFrame":[{"duration":8,"tweenEasing":0,"rotate":40.24},{"duration":7,"tweenEasing":0,"rotate":-22.11},{"duration":7,"tweenEasing":0,"rotate":5.27},{"tweenEasing":0,"rotate":10.75},{"rotate":-1.23},{"duration":26,"tweenEasing":0,"rotate":-1.23},{"tweenEasing":0,"rotate":10.75},{"duration":8,"tweenEasing":0,"rotate":-1.81},{"duration":0,"rotate":40.24}]},{"name":"fs","translateFrame":[{"tweenEasing":0},{"duration":58,"tweenEasing":0,"x":1.16,"y":1.75},{"duration":0}]}],"slot":[{"name":"PET6095_bozi","colorFrame":[{"duration":24,"tweenEasing":0},{"tweenEasing":0},{"duration":25,"value":{"aM":0}},{"tweenEasing":0,"value":{"aM":0}},{"duration":8}]},{"name":"PET6095_guanzi","colorFrame":[{"duration":24,"tweenEasing":0},{"tweenEasing":0},{"duration":25,"value":{"aM":0}},{"tweenEasing":0,"value":{"aM":0}},{"duration":8}]},{"name":"PET6095_shenti","colorFrame":[{"duration":24,"tweenEasing":0},{"tweenEasing":0},{"duration":25,"value":{"aM":0}},{"tweenEasing":0,"value":{"aM":0}},{"duration":8}]},{"name":"PET6095_tou","colorFrame":[{"duration":24,"tweenEasing":0},{"tweenEasing":0},{"duration":25,"value":{"aM":0}},{"tweenEasing":0,"value":{"aM":0}},{"duration":8}]},{"name":"PET6095_weiba1","colorFrame":[{"duration":24,"tweenEasing":0},{"tweenEasing":0},{"duration":25,"value":{"aM":0}},{"tweenEasing":0,"value":{"aM":0}},{"duration":8}]},{"name":"PET6095_xiaba","colorFrame":[{"duration":24,"tweenEasing":0},{"tweenEasing":0},{"duration":25,"value":{"aM":0}},{"tweenEasing":0,"value":{"aM":0}},{"duration":8}]},{"name":"PET6095_yanjingputong","displayFrame":[{"duration":12,"value":2},{"duration":17},{"duration":30,"value":2},{"duration":0,"value":5}],"colorFrame":[{"duration":24,"tweenEasing":0},{"tweenEasing":0},{"duration":4,"value":{"aM":0}},{"duration":21,"tweenEasing":0},{"value":{"aM":0}},{"duration":8}]},{"name":"PET6095_youshou1","colorFrame":[{"duration":24,"tweenEasing":0},{"tweenEasing":0},{"duration":25,"value":{"aM":0}},{"tweenEasing":0,"value":{"aM":0}},{"duration":8}]},{"name":"PET6095_youshou2","colorFrame":[{"duration":24,"tweenEasing":0},{"tweenEasing":0},{"duration":25,"value":{"aM":0}},{"tweenEasing":0,"value":{"aM":0}},{"duration":8}]},{"name":"PET6095_youtui1","colorFrame":[{"duration":24,"tweenEasing":0},{"tweenEasing":0},{"duration":25,"value":{"aM":0}},{"tweenEasing":0,"value":{"aM":0}},{"duration":8}]},{"name":"PET6095_youtui2","colorFrame":[{"duration":24,"tweenEasing":0},{"tweenEasing":0},{"duration":25,"value":{"aM":0}},{"tweenEasing":0,"value":{"aM":0}},{"duration":8}]},{"name":"PET6095_zuoshou1","colorFrame":[{"duration":24,"tweenEasing":0},{"tweenEasing":0},{"duration":25,"value":{"aM":0}},{"tweenEasing":0,"value":{"aM":0}},{"duration":8}]},{"name":"PET6095_zuoshou2","displayFrame":[{"duration":23},{"duration":28,"value":2},{"duration":8}],"colorFrame":[{"duration":24,"tweenEasing":0},{"tweenEasing":0},{"duration":25,"value":{"aM":0}},{"tweenEasing":0,"value":{"aM":0}},{"duration":8}]},{"name":"PET6095_zuotui1","colorFrame":[{"duration":24,"tweenEasing":0},{"tweenEasing":0},{"duration":25,"value":{"aM":0}},{"tweenEasing":0,"value":{"aM":0}},{"duration":8}]},{"name":"PET6095_zuotui2","colorFrame":[{"duration":24,"tweenEasing":0},{"tweenEasing":0},{"duration":25,"value":{"aM":0}},{"tweenEasing":0,"value":{"aM":0}},{"duration":8}]},{"name":"pet6095_skil012","displayFrame":[{"duration":59,"value":-1}]},{"name":"pet6095_skill_fen01_00000","displayFrame":[{"duration":59,"value":-1}]},{"name":"pet6095_skill_fen02_00000","displayFrame":[{"duration":59,"value":-1}]},{"name":"pet6095_tx_attack_gq_00000","displayFrame":[{"duration":9,"value":-1},{"duration":2},{"duration":2,"value":1},{"duration":2,"value":2},{"duration":2,"value":3},{"duration":2,"value":4},{"duration":2,"value":5},{"duration":2,"value":6},{"duration":2,"value":7},{"duration":34,"value":-1}]},{"name":"pet_yinying","colorFrame":[{"duration":24,"tweenEasing":0},{"tweenEasing":0},{"duration":25,"value":{"aM":0}},{"tweenEasing":0,"value":{"aM":0}},{"duration":8}]}]},{"duration":39,"name":"dead","bone":[{"name":"PET6095_bozi","rotateFrame":[{"duration":8,"tweenEasing":0,"rotate":-7.31},{"duration":10,"tweenEasing":0,"rotate":-1.32},{"duration":2,"tweenEasing":0,"rotate":-15.79},{"duration":2,"tweenEasing":0,"rotate":-1.92},{"tweenEasing":0,"rotate":1.74},{"duration":5,"tweenEasing":0,"rotate":-13.06},{"duration":5,"tweenEasing":0,"rotate":-14.44},{"duration":6,"tweenEasing":0,"rotate":-13.09},{"duration":0,"rotate":-13.06}]},{"name":"bone4","rotateFrame":[{"duration":8,"tweenEasing":0,"rotate":17.51},{"duration":10,"tweenEasing":0,"rotate":21.17},{"duration":2,"tweenEasing":0,"rotate":13.54},{"duration":2,"tweenEasing":0,"rotate":12.97},{"tweenEasing":0,"rotate":32.41},{"duration":5,"tweenEasing":0,"rotate":15.54},{"duration":5,"tweenEasing":0,"rotate":17.77},{"duration":6,"tweenEasing":0,"rotate":14.69},{"duration":0,"rotate":15.54}]},{"name":"bone3","rotateFrame":[{"duration":8,"tweenEasing":0,"rotate":-14.44},{"duration":10,"tweenEasing":0,"rotate":-8.45},{"duration":2,"tweenEasing":0,"rotate":-3.91},{"duration":2,"tweenEasing":0,"rotate":13.54},{"tweenEasing":0,"rotate":20.16},{"duration":5,"tweenEasing":0,"rotate":8.3},{"duration":5,"tweenEasing":0,"rotate":6.92},{"duration":6,"tweenEasing":0,"rotate":8.26},{"duration":0,"rotate":8.3}]},{"name":"bone","translateFrame":[{"duration":8,"tweenEasing":0,"y":-20},{"duration":10,"tweenEasing":0,"x":4.18,"y":-15},{"duration":2,"tweenEasing":0,"y":-30},{"duration":2,"tweenEasing":0,"x":-18.35,"y":-23.32},{"tweenEasing":0,"x":-18.86,"y":10.24},{"duration":5,"tweenEasing":0,"x":-19.37,"y":52},{"duration":5,"tweenEasing":0,"x":-19.37,"y":49},{"duration":6,"tweenEasing":0,"x":-19.37,"y":52},{"duration":0,"x":-19.37,"y":51}],"rotateFrame":[{"duration":18,"tweenEasing":0,"rotate":13.28},{"duration":2,"tweenEasing":0,"rotate":13.28},{"duration":2,"tweenEasing":0,"rotate":-56.13},{"tweenEasing":0,"rotate":-56.13},{"duration":16,"rotate":-72.19}]},{"name":"PET6095_xiaba","rotateFrame":[{"duration":8,"tweenEasing":0},{"duration":31,"rotate":7.63}]},{"name":"bone8","rotateFrame":[{"duration":8,"tweenEasing":0},{"duration":10,"tweenEasing":0,"rotate":6.28},{"duration":2,"tweenEasing":0,"rotate":-5.83},{"duration":2,"tweenEasing":0,"rotate":-22.49},{"tweenEasing":0,"rotate":-14.16},{"duration":16,"rotate":-16.44}]},{"name":"PET6095_zuoshou2","translateFrame":[{"duration":39,"x":1.54,"y":-0.88}],"rotateFrame":[{"duration":8,"tweenEasing":0,"rotate":8.96},{"duration":10,"tweenEasing":0,"rotate":23.79},{"duration":21,"rotate":-10.1}]},{"name":"PET6095_youshou1","rotateFrame":[{"duration":8,"tweenEasing":0,"rotate":-11.2},{"duration":10,"tweenEasing":0,"rotate":-0.95},{"duration":5,"tweenEasing":0,"rotate":-24.56},{"duration":5,"tweenEasing":0,"rotate":-38.97},{"duration":5,"tweenEasing":0,"rotate":-37.15},{"duration":6,"tweenEasing":0,"rotate":-38.87},{"duration":0,"rotate":-38.97}]},{"name":"bone5","rotateFrame":[{"duration":8,"tweenEasing":0,"rotate":34.71},{"duration":10,"tweenEasing":0,"rotate":24.59},{"duration":2,"tweenEasing":0,"rotate":26.99},{"duration":2,"tweenEasing":0,"rotate":29.79},{"tweenEasing":0,"rotate":49.49},{"duration":5,"tweenEasing":0,"rotate":32.88},{"duration":5,"tweenEasing":0,"rotate":35.11},{"duration":6,"tweenEasing":0,"rotate":32.03},{"duration":0,"rotate":32.88}]},{"name":"PET6095_zuotui1","rotateFrame":[{"duration":8,"tweenEasing":0,"rotate":0.06},{"duration":10,"tweenEasing":0,"rotate":-5.25},{"duration":2,"tweenEasing":0,"rotate":-2.85},{"duration":2,"tweenEasing":0,"rotate":-21.56},{"tweenEasing":0,"rotate":6.83},{"duration":16,"rotate":10.36}]},{"name":"PET6095_youshou2","translateFrame":[{"duration":39,"x":1.03,"y":1.09}],"rotateFrame":[{"duration":8,"tweenEasing":0,"rotate":34.1},{"duration":10,"tweenEasing":0,"rotate":20},{"duration":10,"tweenEasing":0,"rotate":54.51},{"duration":5,"tweenEasing":0,"rotate":56.33},{"duration":6,"tweenEasing":0,"rotate":54.61},{"duration":0,"rotate":54.51}]},{"name":"bone10","rotateFrame":[{"duration":8,"tweenEasing":0},{"duration":10,"tweenEasing":0,"rotate":7.23},{"duration":2,"tweenEasing":0,"rotate":-4.87},{"duration":3,"tweenEasing":0,"rotate":9.13},{"duration":5,"tweenEasing":0,"rotate":-13.11},{"duration":5,"tweenEasing":0,"rotate":-15.4},{"duration":6,"tweenEasing":0,"rotate":-12.99},{"duration":0,"rotate":-13.11}]},{"name":"PET6095_tou","rotateFrame":[{"duration":8,"tweenEasing":0,"rotate":-13.5},{"duration":10,"tweenEasing":0,"rotate":-26.23},{"duration":2,"tweenEasing":0,"rotate":-24.84},{"duration":8,"tweenEasing":0,"rotate":-17.74},{"duration":5,"tweenEasing":0,"rotate":-22.11},{"duration":6,"tweenEasing":0,"rotate":-22.63},{"duration":0,"rotate":-24.84}]},{"name":"bone2","rotateFrame":[{"duration":8,"tweenEasing":0,"rotate":7.23},{"duration":10,"tweenEasing":0,"rotate":13.22},{"duration":2,"tweenEasing":0,"rotate":5.12},{"duration":2,"tweenEasing":0,"rotate":43.08},{"tweenEasing":0,"rotate":41.97},{"duration":16,"rotate":22.38}]},{"name":"PET6095_shenti","rotateFrame":[{"duration":8,"tweenEasing":0,"rotate":2.1},{"duration":10,"tweenEasing":0,"rotate":0.8},{"duration":2,"tweenEasing":0,"rotate":-11.78},{"duration":2,"tweenEasing":0,"rotate":-7.22},{"tweenEasing":0,"rotate":-10.86},{"duration":16,"rotate":-32.98}]},{"name":"bone6","rotateFrame":[{"duration":8,"tweenEasing":0,"rotate":26.25},{"duration":10,"tweenEasing":0,"rotate":16.12},{"duration":2,"tweenEasing":0,"rotate":18.52},{"duration":2,"tweenEasing":0,"rotate":15.18},{"tweenEasing":0,"rotate":37.95},{"duration":5,"tweenEasing":0,"rotate":24.41},{"duration":5,"tweenEasing":0,"rotate":26.64},{"duration":6,"tweenEasing":0,"rotate":23.56},{"duration":0,"rotate":24.41}]},{"name":"PET6095_weiba1","rotateFrame":[{"duration":8,"tweenEasing":0},{"duration":10,"tweenEasing":0,"rotate":5.99},{"duration":2,"tweenEasing":0,"rotate":-6.12},{"duration":2,"tweenEasing":0,"rotate":58.45},{"tweenEasing":0,"rotate":64.33},{"duration":16,"rotate":59.6}]},{"name":"PET6095_youtui2","rotateFrame":[{"duration":8,"tweenEasing":0,"rotate":17.51},{"duration":10,"tweenEasing":0,"rotate":21.17},{"duration":2,"tweenEasing":0,"rotate":13.54},{"duration":2,"tweenEasing":0,"rotate":12.97},{"tweenEasing":0,"rotate":19.19},{"duration":5,"tweenEasing":0,"rotate":15.54},{"duration":5,"tweenEasing":0,"rotate":17.77},{"duration":6,"tweenEasing":0,"rotate":14.69},{"duration":0,"rotate":15.54}]},{"name":"yz","translateFrame":[{"duration":8,"tweenEasing":0},{"duration":31,"x":-2.84}],"scaleFrame":[{"duration":8,"tweenEasing":0},{"duration":10,"tweenEasing":0,"y":1.1},{"duration":5,"tweenEasing":0,"y":0.9},{"duration":4,"tweenEasing":0,"y":1.6},{"duration":5,"tweenEasing":0,"y":1.5},{"duration":7,"tweenEasing":0,"y":1.6},{"duration":0,"y":1.5}]},{"name":"PET6095_zuotui2","rotateFrame":[{"duration":8,"tweenEasing":0,"rotate":14.22},{"duration":10,"tweenEasing":0,"rotate":4.09},{"duration":2,"tweenEasing":0,"rotate":6.49},{"duration":2,"tweenEasing":0,"rotate":9.29},{"tweenEasing":0,"rotate":-2.99},{"duration":5,"tweenEasing":0,"rotate":12.38},{"duration":5,"tweenEasing":0,"rotate":14.61},{"duration":6,"tweenEasing":0,"rotate":11.53},{"duration":0,"rotate":12.38}]},{"name":"bone9","rotateFrame":[{"duration":8,"tweenEasing":0},{"duration":10,"tweenEasing":0,"rotate":10.69},{"duration":2,"tweenEasing":0,"rotate":-1.41},{"duration":2,"tweenEasing":0,"rotate":24.81},{"tweenEasing":0,"rotate":23.14},{"duration":5,"tweenEasing":0,"rotate":10.86},{"duration":5,"tweenEasing":0,"rotate":8.57},{"duration":6,"tweenEasing":0,"rotate":10.97},{"duration":0,"rotate":10.86}]},{"name":"bone7","rotateFrame":[{"duration":8,"tweenEasing":0,"rotate":17.51},{"duration":10,"tweenEasing":0,"rotate":21.17},{"duration":2,"tweenEasing":0,"rotate":13.54},{"duration":2,"tweenEasing":0,"rotate":8.9},{"tweenEasing":0,"rotate":30.38},{"duration":5,"tweenEasing":0,"rotate":15.54},{"duration":5,"tweenEasing":0,"rotate":17.77},{"duration":6,"tweenEasing":0,"rotate":14.69},{"duration":0,"rotate":15.54}]},{"name":"PET6095_zuoshou1","rotateFrame":[{"duration":8,"tweenEasing":0,"rotate":40.24},{"duration":10,"tweenEasing":0,"rotate":18.23},{"duration":21,"rotate":42.46}]},{"name":"PET6095_youtui1","rotateFrame":[{"duration":8,"tweenEasing":0,"rotate":-8.19},{"duration":10,"tweenEasing":0,"rotate":-7.12},{"duration":2,"tweenEasing":0,"rotate":-14.76},{"duration":2,"tweenEasing":0,"rotate":-29.25},{"tweenEasing":0,"rotate":-9.1},{"duration":16,"rotate":-8.28}]}],"slot":[{"name":"PET6095_yanjingputong","displayFrame":[{"duration":8,"value":2},{"duration":31,"value":5}]},{"name":"pet6095_skil012","displayFrame":[{"duration":39,"value":-1}]},{"name":"pet6095_skill_fen01_00000","displayFrame":[{"duration":39,"value":-1}]},{"name":"pet6095_skill_fen02_00000","displayFrame":[{"duration":39,"value":-1}]}]},{"duration":23,"name":"hurt","bone":[{"name":"PET6095_bozi","rotateFrame":[{"duration":3,"tweenEasing":0,"rotate":-7.31},{"duration":2,"tweenEasing":0,"rotate":-1.32},{"duration":12,"tweenEasing":0,"rotate":-1.29},{"duration":6,"tweenEasing":0,"rotate":-15.03},{"duration":0,"rotate":-7.31}]},{"name":"bone4","rotateFrame":[{"duration":3,"tweenEasing":0,"rotate":17.51},{"duration":2,"tweenEasing":0,"rotate":12.82},{"duration":12,"rotate":13.54},{"duration":6,"tweenEasing":0,"rotate":13.54},{"duration":0,"rotate":17.51}]},{"name":"bone3","rotateFrame":[{"duration":3,"tweenEasing":0,"rotate":-14.44},{"duration":2,"tweenEasing":0,"rotate":-8.45},{"duration":12,"tweenEasing":0,"rotate":17.48},{"duration":6,"tweenEasing":0,"rotate":3.74},{"duration":0,"rotate":-14.44}]},{"name":"bone","translateFrame":[{"duration":3,"tweenEasing":0,"y":-20},{"duration":2,"tweenEasing":0,"x":4.18,"y":-15},{"duration":12,"tweenEasing":0,"x":-10,"y":-15},{"duration":6,"tweenEasing":0,"x":-20,"y":-15},{"duration":0,"y":-20}],"rotateFrame":[{"duration":23,"rotate":13.28}]},{"name":"PET6095_xiaba","rotateFrame":[{"duration":3,"tweenEasing":0},{"duration":20,"tweenEasing":0,"rotate":7.63},{"duration":0}]},{"name":"bone8","rotateFrame":[{"duration":3,"tweenEasing":0},{"duration":2,"tweenEasing":0,"rotate":6.28},{"duration":12,"tweenEasing":0,"rotate":-5.13},{"duration":6,"tweenEasing":0,"rotate":7.12},{"duration":0}]},{"name":"PET6095_zuoshou2","translateFrame":[{"duration":23,"x":1.54,"y":-0.88}],"rotateFrame":[{"duration":3,"tweenEasing":0,"rotate":8.96},{"duration":2,"tweenEasing":0,"rotate":23.79},{"duration":12,"tweenEasing":0,"rotate":-10.1},{"duration":6,"tweenEasing":0,"rotate":10.18},{"duration":0,"rotate":8.96}]},{"name":"PET6095_youshou1","rotateFrame":[{"duration":3,"tweenEasing":0,"rotate":-11.2},{"duration":2,"tweenEasing":0,"rotate":-0.95},{"duration":12,"tweenEasing":0,"rotate":-24.56},{"duration":6,"tweenEasing":0,"rotate":-10.74},{"duration":0,"rotate":-11.2}]},{"name":"bone5","rotateFrame":[{"duration":3,"tweenEasing":0,"rotate":34.71},{"duration":2,"tweenEasing":0,"rotate":24.59},{"duration":12,"rotate":26.99},{"duration":6,"tweenEasing":0,"rotate":26.99},{"duration":0,"rotate":34.71}]},{"name":"PET6095_zuotui1","rotateFrame":[{"duration":3,"tweenEasing":0,"rotate":0.06},{"duration":2,"tweenEasing":0,"rotate":-5.25},{"duration":12,"tweenEasing":0,"rotate":-2.85},{"duration":6,"tweenEasing":0,"rotate":-16.81},{"duration":0,"rotate":0.06}]},{"name":"PET6095_youshou2","translateFrame":[{"duration":23,"x":1.03,"y":1.09}],"rotateFrame":[{"duration":3,"tweenEasing":0,"rotate":34.1},{"duration":2,"tweenEasing":0,"rotate":20},{"duration":12,"tweenEasing":0,"rotate":54.51},{"duration":6,"tweenEasing":0,"rotate":31.76},{"duration":0,"rotate":34.1}]},{"name":"bone10","rotateFrame":[{"duration":3,"tweenEasing":0},{"duration":2,"tweenEasing":0,"rotate":7.23},{"duration":12,"tweenEasing":0,"rotate":-4.18},{"duration":6,"tweenEasing":0,"rotate":8.07},{"duration":0}]},{"name":"PET6095_tou","rotateFrame":[{"duration":3,"tweenEasing":0,"rotate":-13.5},{"duration":2,"tweenEasing":0,"rotate":-26.23},{"duration":12,"tweenEasing":0,"rotate":-28.35},{"duration":6,"tweenEasing":0,"rotate":-20.88},{"duration":0,"rotate":-13.5}]},{"name":"bone2","rotateFrame":[{"duration":3,"tweenEasing":0,"rotate":7.23},{"duration":2,"tweenEasing":0,"rotate":13.22},{"duration":12,"tweenEasing":0,"rotate":13.41},{"duration":6,"tweenEasing":0,"rotate":-0.32},{"duration":0,"rotate":7.23}]},{"name":"PET6095_shenti","rotateFrame":[{"duration":3,"tweenEasing":0,"rotate":2.1},{"duration":2,"tweenEasing":0,"rotate":0.8},{"duration":12,"rotate":-15.28},{"duration":6,"tweenEasing":0,"rotate":-15.28},{"duration":0,"rotate":2.1}]},{"name":"bone6","rotateFrame":[{"duration":3,"tweenEasing":0,"rotate":26.25},{"duration":2,"tweenEasing":0,"rotate":16.12},{"duration":12,"rotate":18.52},{"duration":6,"tweenEasing":0,"rotate":18.52},{"duration":0,"rotate":26.25}]},{"name":"PET6095_weiba1","rotateFrame":[{"duration":3,"tweenEasing":0},{"duration":2,"tweenEasing":0,"rotate":5.99},{"duration":12,"tweenEasing":0,"rotate":-5.42},{"duration":6,"tweenEasing":0,"rotate":6.83},{"duration":0}]},{"name":"PET6095_youtui2","rotateFrame":[{"duration":3,"tweenEasing":0,"rotate":17.51},{"duration":2,"tweenEasing":0,"rotate":12.82},{"duration":12,"tweenEasing":0,"rotate":13.54},{"duration":6,"tweenEasing":0,"rotate":22.7},{"duration":0,"rotate":17.51}]},{"name":"yz","translateFrame":[{"duration":3,"tweenEasing":0},{"duration":2,"tweenEasing":0,"x":-2.84},{"duration":12,"tweenEasing":0},{"duration":6,"tweenEasing":0,"x":-28.38},{"duration":0}],"scaleFrame":[{"duration":3,"tweenEasing":0},{"duration":2,"tweenEasing":0,"y":1.1},{"duration":18}]},{"name":"PET6095_zuotui2","rotateFrame":[{"duration":3,"tweenEasing":0,"rotate":14.22},{"duration":2,"tweenEasing":0,"rotate":4.09},{"duration":12,"tweenEasing":0,"rotate":6.49},{"duration":6,"tweenEasing":0,"rotate":37.09},{"duration":0,"rotate":14.22}]},{"name":"bone9","rotateFrame":[{"duration":3,"tweenEasing":0},{"duration":2,"tweenEasing":0,"rotate":10.69},{"duration":12,"tweenEasing":0,"rotate":-0.72},{"duration":6,"tweenEasing":0,"rotate":11.53},{"duration":0}]},{"name":"bone7","rotateFrame":[{"duration":3,"tweenEasing":0,"rotate":17.51},{"duration":2,"tweenEasing":0,"rotate":12.82},{"duration":12,"rotate":13.54},{"duration":6,"tweenEasing":0,"rotate":13.54},{"duration":0,"rotate":17.51}]},{"name":"PET6095_zuoshou1","rotateFrame":[{"duration":3,"tweenEasing":0,"rotate":40.24},{"duration":2,"tweenEasing":0,"rotate":18.23},{"duration":12,"tweenEasing":0,"rotate":42.46},{"duration":6,"tweenEasing":0,"rotate":13.04},{"duration":0,"rotate":40.24}]},{"name":"PET6095_youtui1","rotateFrame":[{"duration":3,"tweenEasing":0,"rotate":-8.19},{"duration":2,"tweenEasing":0,"rotate":-7.12},{"duration":12,"tweenEasing":0,"rotate":-14.76},{"duration":6,"tweenEasing":0,"rotate":-10.36},{"duration":0,"rotate":-8.19}]}],"slot":[{"name":"PET6095_yanjingputong","displayFrame":[{"duration":3,"value":5},{"duration":20,"value":4},{"duration":0,"value":2}]},{"name":"pet6095_skil012","displayFrame":[{"duration":23,"value":-1}]},{"name":"pet6095_skill_fen01_00000","displayFrame":[{"duration":23,"value":-1}]},{"name":"pet6095_skill_fen02_00000","displayFrame":[{"duration":23,"value":-1}]}]},{"duration":73,"name":"skill","frame":[{"duration":49},{"duration":0,"events":[{"name":"0"}]}],"bone":[{"name":"PET6095_bozi","rotateFrame":[{"duration":8,"tweenEasing":0,"rotate":-7.31},{"duration":5,"tweenEasing":0,"rotate":-1.32},{"duration":6,"tweenEasing":0,"rotate":-13.64},{"duration":8,"tweenEasing":0,"rotate":-17.16},{"duration":8,"tweenEasing":0,"rotate":-11.46},{"duration":7,"tweenEasing":0,"rotate":-17.16},{"duration":3,"tweenEasing":0,"rotate":-11.46},{"duration":3,"tweenEasing":0,"rotate":-22.62},{"tweenEasing":0,"rotate":-24.85},{"duration":16,"tweenEasing":0,"rotate":-18.1},{"duration":8,"tweenEasing":0,"rotate":-13.94},{"duration":0,"rotate":-7.31}]},{"name":"bone4","rotateFrame":[{"duration":8,"tweenEasing":0,"rotate":17.51},{"duration":5,"tweenEasing":0,"rotate":19.37},{"duration":6,"tweenEasing":0,"rotate":35.71},{"duration":8,"tweenEasing":0,"rotate":40.38},{"duration":8,"tweenEasing":0,"rotate":44.16},{"duration":7,"tweenEasing":0,"rotate":40.38},{"duration":6,"tweenEasing":0,"rotate":44.16},{"duration":17,"tweenEasing":0,"rotate":-1.58},{"duration":8,"tweenEasing":0,"rotate":43.54},{"duration":0,"rotate":17.51}]},{"name":"bone3","rotateFrame":[{"duration":8,"tweenEasing":0,"rotate":-14.44},{"duration":5,"tweenEasing":0,"rotate":-8.45},{"duration":6,"tweenEasing":0,"rotate":-3.84},{"duration":8,"tweenEasing":0,"rotate":-2.53},{"duration":8,"tweenEasing":0,"rotate":3.17},{"duration":7,"tweenEasing":0,"rotate":-2.53},{"duration":3,"tweenEasing":0,"rotate":3.17},{"duration":3,"tweenEasing":0,"rotate":-18.51},{"tweenEasing":0,"rotate":-22.85},{"duration":16,"tweenEasing":0,"rotate":-3.54},{"duration":8,"tweenEasing":0,"rotate":-12.95},{"duration":0,"rotate":-14.44}]},{"name":"bone","translateFrame":[{"duration":8,"tweenEasing":0,"y":-20},{"duration":5,"tweenEasing":0,"x":4.18,"y":-15},{"duration":6,"tweenEasing":0,"x":-5,"y":-26.66},{"duration":8,"tweenEasing":0,"x":-2,"y":-30},{"duration":8,"tweenEasing":0,"y":-14.04},{"duration":7,"tweenEasing":0,"x":-2,"y":-30},{"duration":6,"tweenEasing":0,"y":-14.04},{"tweenEasing":0,"x":3.87,"y":-54.08},{"tweenEasing":0,"x":20.18,"y":-23},{"tweenEasing":0,"x":5.2,"y":-23},{"tweenEasing":0,"x":24.73,"y":-23},{"duration":13,"tweenEasing":0,"x":20.18,"y":-23},{"duration":8,"tweenEasing":0,"x":24.72,"y":-22.24},{"duration":0,"y":-20}],"rotateFrame":[{"duration":73,"rotate":13.28}]},{"name":"PET6095_xiaba","rotateFrame":[{"duration":8,"tweenEasing":0},{"duration":65,"tweenEasing":0,"rotate":7.63},{"duration":0}]},{"name":"bone8","rotateFrame":[{"duration":8,"tweenEasing":0},{"duration":9,"tweenEasing":0,"rotate":14.76},{"duration":10,"tweenEasing":0,"rotate":-5.84},{"duration":8,"tweenEasing":0,"rotate":12.56},{"duration":7,"tweenEasing":0,"rotate":7.08},{"duration":6,"tweenEasing":0,"rotate":14.29},{"tweenEasing":0,"rotate":23.33},{"duration":16,"tweenEasing":0,"rotate":-7.75},{"duration":8,"tweenEasing":0,"rotate":-9.47},{"duration":0}]},{"name":"PET6095_zuoshou2","translateFrame":[{"duration":13,"tweenEasing":0,"x":1.54,"y":-0.88},{"duration":6,"tweenEasing":0,"x":1.54,"y":-0.88},{"duration":46,"x":2.03,"y":0.02},{"duration":8,"tweenEasing":0,"x":2.03,"y":0.02},{"duration":0,"x":1.54,"y":-0.88}],"rotateFrame":[{"duration":8,"tweenEasing":0,"rotate":8.96},{"duration":5,"tweenEasing":0,"rotate":23.79},{"duration":6,"tweenEasing":0,"rotate":-23.27},{"duration":23,"rotate":-27.61},{"duration":6,"tweenEasing":0,"rotate":-27.61},{"tweenEasing":0,"rotate":-47.42},{"duration":16,"rotate":-27.48},{"duration":8,"tweenEasing":0,"rotate":-27.48},{"duration":0,"rotate":8.96}]},{"name":"PET6095_youshou1","rotateFrame":[{"duration":8,"tweenEasing":0,"rotate":-11.2},{"duration":11,"tweenEasing":0,"rotate":-0.95},{"duration":23,"rotate":-13.97},{"duration":6,"tweenEasing":0,"rotate":-13.97},{"tweenEasing":0,"rotate":20.92},{"duration":2,"rotate":14.9},{"duration":14,"tweenEasing":0,"rotate":14.9},{"duration":8,"tweenEasing":0,"rotate":21.63},{"duration":0,"rotate":-11.2}]},{"name":"bone5","rotateFrame":[{"duration":8,"tweenEasing":0,"rotate":34.71},{"duration":5,"tweenEasing":0,"rotate":17.84},{"duration":6,"tweenEasing":0,"rotate":7.45},{"duration":8,"tweenEasing":0,"rotate":4.48},{"duration":8,"tweenEasing":0,"rotate":-0.3},{"duration":7,"tweenEasing":0,"rotate":4.48},{"duration":6,"tweenEasing":0,"rotate":-0.3},{"tweenEasing":0,"rotate":4.48},{"duration":16,"rotate":2.37},{"duration":8,"tweenEasing":0,"rotate":2.37},{"duration":0,"rotate":34.71}]},{"name":"PET6095_zuotui1","rotateFrame":[{"duration":8,"tweenEasing":0,"rotate":0.06},{"duration":5,"tweenEasing":0,"rotate":-12},{"duration":6,"tweenEasing":0,"rotate":-40.72},{"duration":8,"tweenEasing":0,"rotate":-48.92},{"duration":8,"tweenEasing":0,"rotate":-57.54},{"duration":7,"tweenEasing":0,"rotate":-48.92},{"duration":3,"tweenEasing":0,"rotate":-57.54},{"tweenEasing":0,"rotate":-83.78},{"duration":2,"tweenEasing":0,"rotate":-98.84},{"tweenEasing":0,"rotate":-62.89},{"duration":16,"tweenEasing":0,"rotate":-24.66},{"duration":8,"tweenEasing":0,"rotate":-35.8},{"duration":0,"rotate":0.06}]},{"name":"PET6095_youshou2","translateFrame":[{"duration":73,"x":1.03,"y":1.09}],"rotateFrame":[{"duration":8,"tweenEasing":0,"rotate":34.1},{"duration":11,"tweenEasing":0,"rotate":20},{"duration":23,"rotate":72.62},{"duration":6,"tweenEasing":0,"rotate":72.62},{"tweenEasing":0,"rotate":10.78},{"tweenEasing":0,"rotate":10.38},{"tweenEasing":0,"rotate":-9.92},{"duration":14,"tweenEasing":0,"rotate":10.38},{"duration":8,"tweenEasing":0,"rotate":-4.71},{"duration":0,"rotate":34.1}]},{"name":"bone10","rotateFrame":[{"duration":8,"tweenEasing":0},{"duration":9,"tweenEasing":0,"rotate":15.72},{"duration":10,"tweenEasing":0,"rotate":-4.88},{"duration":8,"tweenEasing":0,"rotate":13.51},{"duration":7,"tweenEasing":0,"rotate":8.04},{"duration":6,"tweenEasing":0,"rotate":15.25},{"tweenEasing":0,"rotate":13.39},{"duration":16,"tweenEasing":0,"rotate":-9.68},{"duration":8,"tweenEasing":0,"rotate":13.27},{"duration":0}]},{"name":"PET6095_tou","rotateFrame":[{"duration":8,"tweenEasing":0,"rotate":-13.5},{"duration":11,"tweenEasing":0,"rotate":-26.23},{"duration":23,"rotate":-27.99},{"duration":6,"tweenEasing":0,"rotate":-27.99},{"tweenEasing":0,"rotate":0.21},{"duration":16,"rotate":-27.32},{"duration":8,"tweenEasing":0,"rotate":-27.32},{"duration":0,"rotate":-13.5}]},{"name":"bone2","rotateFrame":[{"duration":8,"tweenEasing":0,"rotate":7.23},{"duration":5,"tweenEasing":0,"rotate":13.22},{"duration":6,"tweenEasing":0,"rotate":0.1},{"duration":8,"tweenEasing":0,"rotate":-3.64},{"duration":8,"tweenEasing":0,"rotate":2.06},{"duration":7,"tweenEasing":0,"rotate":-3.64},{"duration":3,"tweenEasing":0,"rotate":2.06},{"tweenEasing":0,"rotate":-15.57},{"duration":2,"tweenEasing":0,"rotate":-1.11},{"tweenEasing":0,"rotate":-19.1},{"duration":16,"tweenEasing":0,"rotate":20.63},{"duration":8,"tweenEasing":0,"rotate":16.31},{"duration":0,"rotate":7.23}]},{"name":"PET6095_shenti","rotateFrame":[{"duration":8,"tweenEasing":0,"rotate":2.1},{"duration":5,"tweenEasing":0,"rotate":0.8},{"duration":6,"tweenEasing":0,"rotate":-13.98},{"duration":8,"tweenEasing":0,"rotate":-18.2},{"duration":8,"tweenEasing":0,"rotate":-21.67},{"duration":7,"tweenEasing":0,"rotate":-18.2},{"duration":3,"tweenEasing":0,"rotate":-21.67},{"duration":3,"tweenEasing":0,"rotate":-13.4},{"tweenEasing":0,"rotate":-11.75},{"duration":16,"tweenEasing":0,"rotate":5.23},{"duration":8,"tweenEasing":0,"rotate":11.65},{"duration":0,"rotate":2.1}]},{"name":"bone6","rotateFrame":[{"duration":8,"tweenEasing":0,"rotate":26.25},{"duration":5,"tweenEasing":0,"rotate":9.37},{"duration":6,"tweenEasing":0,"rotate":1.71},{"duration":8,"tweenEasing":0,"rotate":-0.47},{"duration":8,"tweenEasing":0,"rotate":-5.26},{"duration":7,"tweenEasing":0,"rotate":-0.47},{"duration":6,"tweenEasing":0,"rotate":-5.26},{"tweenEasing":0,"rotate":-0.47},{"duration":16,"rotate":12.84},{"duration":8,"tweenEasing":0,"rotate":12.84},{"duration":0,"rotate":26.25}]},{"name":"PET6095_weiba1","rotateFrame":[{"duration":8,"tweenEasing":0},{"duration":11,"tweenEasing":0,"rotate":5.99},{"duration":8,"tweenEasing":0,"rotate":6.8},{"duration":8,"tweenEasing":0,"rotate":14},{"duration":7,"tweenEasing":0,"rotate":6.8},{"duration":6,"tweenEasing":0,"rotate":14},{"tweenEasing":0,"rotate":-0.75},{"duration":16,"tweenEasing":0,"rotate":4.48},{"duration":8,"tweenEasing":0,"rotate":-5.41},{"duration":0}]},{"name":"PET6095_youtui2","rotateFrame":[{"duration":8,"tweenEasing":0,"rotate":17.51},{"duration":5,"tweenEasing":0,"rotate":-0.7},{"duration":6,"tweenEasing":0,"rotate":5.26},{"duration":8,"tweenEasing":0,"rotate":6.97},{"duration":8,"tweenEasing":0,"rotate":10.74},{"duration":7,"tweenEasing":0,"rotate":6.97},{"duration":6,"tweenEasing":0,"rotate":10.74},{"tweenEasing":0,"rotate":62.24},{"duration":16,"tweenEasing":0,"rotate":29.86},{"duration":8,"tweenEasing":0,"rotate":21.24},{"duration":0,"rotate":17.51}]},{"name":"yz","translateFrame":[{"duration":8,"tweenEasing":0},{"duration":11,"tweenEasing":0,"x":-2.84},{"duration":29,"x":-11.96},{"tweenEasing":0,"x":-11.96},{"duration":16,"tweenEasing":0,"x":2.29},{"duration":8,"tweenEasing":0,"x":15.18},{"duration":0}],"scaleFrame":[{"duration":8,"tweenEasing":0},{"duration":11,"tweenEasing":0,"y":1.1},{"duration":30},{"duration":16,"tweenEasing":0},{"duration":8,"tweenEasing":0,"y":1.1},{"duration":0}]},{"name":"PET6095_zuotui2","translateFrame":[{"duration":13,"tweenEasing":0},{"duration":6,"tweenEasing":0},{"duration":46,"tweenEasing":0,"x":2,"y":-0.59},{"duration":8,"tweenEasing":0,"x":2,"y":-0.59},{"duration":0}],"rotateFrame":[{"duration":8,"tweenEasing":0,"rotate":14.22},{"duration":5,"tweenEasing":0,"rotate":6.11},{"duration":6,"tweenEasing":0,"rotate":70.51},{"duration":8,"tweenEasing":0,"rotate":88.91},{"duration":8,"tweenEasing":0,"rotate":100.11},{"duration":7,"tweenEasing":0,"rotate":88.91},{"duration":4,"tweenEasing":0,"rotate":100.11},{"duration":2,"tweenEasing":0,"rotate":112.2},{"tweenEasing":0,"rotate":60.32},{"duration":16,"tweenEasing":0,"rotate":85.91},{"duration":8,"tweenEasing":0,"rotate":96.24},{"duration":0,"rotate":14.22}]},{"name":"PET6095_youtui1","rotateFrame":[{"duration":8,"tweenEasing":0,"rotate":-8.19},{"duration":5,"tweenEasing":0,"rotate":-10.7},{"duration":6,"tweenEasing":0,"rotate":-3.09},{"duration":8,"tweenEasing":0,"rotate":-0.92},{"duration":8,"tweenEasing":0,"rotate":2.84},{"duration":7,"tweenEasing":0,"rotate":-0.92},{"duration":4,"tweenEasing":0,"rotate":2.84},{"duration":2,"tweenEasing":0,"rotate":-35.54},{"tweenEasing":0,"rotate":-39},{"duration":16,"tweenEasing":0,"rotate":0.77},{"duration":8,"tweenEasing":0,"rotate":12.6},{"duration":0,"rotate":-8.19}]},{"name":"bone9","rotateFrame":[{"duration":8,"tweenEasing":0},{"duration":9,"tweenEasing":0,"rotate":19.18},{"duration":10,"tweenEasing":0,"rotate":-1.42},{"duration":8,"tweenEasing":0,"rotate":16.97},{"duration":7,"tweenEasing":0,"rotate":11.5},{"duration":6,"tweenEasing":0,"rotate":18.71},{"tweenEasing":0,"rotate":4.47},{"duration":16,"tweenEasing":0,"rotate":-13.54},{"duration":8,"tweenEasing":0,"rotate":16.4},{"duration":0}]},{"name":"bone7","rotateFrame":[{"duration":8,"tweenEasing":0,"rotate":17.51},{"duration":5,"tweenEasing":0,"rotate":19.37},{"duration":6,"tweenEasing":0,"rotate":20.3},{"duration":23,"rotate":20.57},{"duration":6,"tweenEasing":0,"rotate":20.57},{"duration":25,"tweenEasing":0,"rotate":25.28},{"duration":0,"rotate":17.51}]},{"name":"PET6095_zuoshou1","rotateFrame":[{"duration":8,"tweenEasing":0,"rotate":40.24},{"duration":5,"tweenEasing":0,"rotate":18.23},{"duration":6,"tweenEasing":0,"rotate":-98.98},{"duration":8,"tweenEasing":0,"rotate":-109.18},{"duration":8,"tweenEasing":0,"rotate":-117.09},{"duration":7,"tweenEasing":0,"rotate":-109.18},{"duration":6,"tweenEasing":0,"rotate":-117.09},{"tweenEasing":0,"rotate":-131.94},{"duration":2,"rotate":-65.37},{"duration":14,"tweenEasing":0,"rotate":-65.37},{"duration":8,"tweenEasing":0,"rotate":-67.59},{"duration":0,"rotate":40.24}]},{"name":"fs","translateFrame":[{"duration":73,"x":-9.35,"y":-105.27}]},{"name":"pet6095_skill_qiu_00001","translateFrame":[{"duration":15,"tweenEasing":0},{"duration":58,"tweenEasing":0,"x":-38.53,"y":-39},{"duration":0}]},{"name":"pet6095_skill_fen02_00000","translateFrame":[{"duration":42,"tweenEasing":0},{"duration":4,"x":-47.65,"y":36.15},{"duration":27,"tweenEasing":0,"x":-47.65,"y":36.15},{"duration":0}]},{"name":"pet6095_skil012","translateFrame":[{"duration":12,"tweenEasing":0},{"duration":30,"x":-22.01,"y":-20.12},{"duration":4,"tweenEasing":0,"x":-22.01,"y":-20.12},{"duration":27,"tweenEasing":0,"x":-8.1,"y":-43.03},{"duration":0}],"rotateFrame":[{"duration":42,"tweenEasing":0},{"duration":4,"tweenEasing":0},{"duration":27,"tweenEasing":0,"rotate":-12.56},{"duration":0}]}],"slot":[{"name":"PET6095_yanjingputong","displayFrame":[{"duration":10,"value":2},{"duration":39},{"duration":24,"value":1},{"duration":0,"value":2}]},{"name":"pet6095_skil012","displayFrame":[{"duration":12,"value":-1},{"duration":2},{"duration":2,"value":1},{"duration":2,"value":2},{"duration":2,"value":3},{"duration":2,"value":4},{"duration":2,"value":5},{"duration":2,"value":6},{"duration":2,"value":7},{"duration":2,"value":8},{"duration":2,"value":9},{"duration":2,"value":10},{"duration":2,"value":11},{"duration":2,"value":12},{"duration":2,"value":13},{"duration":2,"value":14},{"duration":2,"value":15},{"duration":2,"value":16},{"duration":2,"value":17},{"duration":2,"value":18},{"duration":2,"value":19},{"duration":2,"value":20},{"duration":2,"value":21},{"duration":17,"value":-1}]},{"name":"pet6095_skill_fen01_00000","displayFrame":[{"duration":7,"value":-1},{"duration":2},{"duration":2,"value":1},{"duration":2,"value":2},{"duration":2,"value":3},{"duration":2,"value":4},{"duration":2,"value":5},{"duration":2,"value":6},{"duration":2,"value":7},{"duration":2,"value":8},{"duration":2,"value":9},{"duration":2,"value":10},{"duration":2,"value":11},{"duration":2,"value":12},{"duration":2,"value":13},{"duration":2,"value":14},{"duration":2,"value":15},{"duration":2,"value":16},{"duration":2,"value":17},{"duration":2,"value":18},{"duration":2,"value":19},{"duration":26,"value":-1}]},{"name":"pet6095_skill_fen02_00000","displayFrame":[{"duration":6,"value":-1},{"duration":2},{"duration":2,"value":1},{"duration":2,"value":2},{"duration":2,"value":3},{"duration":2,"value":4},{"duration":2,"value":5},{"duration":2,"value":6},{"duration":2,"value":7},{"duration":2,"value":8},{"duration":2,"value":9},{"duration":2,"value":10},{"duration":2,"value":11},{"duration":2,"value":12},{"duration":2,"value":13},{"duration":2,"value":14},{"duration":2,"value":15},{"duration":2,"value":16},{"duration":2,"value":17},{"duration":2,"value":18},{"duration":2,"value":19},{"duration":27,"value":-1}]},{"name":"pet6095_skill_qiu_00001","displayFrame":[{"duration":15,"value":-1},{"duration":2},{"duration":2,"value":1},{"duration":2,"value":2},{"duration":2,"value":3},{"duration":2,"value":4},{"duration":2,"value":5},{"duration":2,"value":6},{"duration":2,"value":7},{"duration":2,"value":8},{"duration":2,"value":9},{"duration":2,"value":10},{"duration":2,"value":11},{"duration":2,"value":12},{"duration":2,"value":13},{"duration":2,"value":14},{"duration":2,"value":15},{"duration":2,"value":16},{"duration":24,"value":-1}]}]},{"duration":30,"name":"stand","bone":[{"name":"bone","translateFrame":[{"duration":15,"tweenEasing":0,"y":-20},{"duration":15,"tweenEasing":0,"y":-30},{"duration":0,"y":-20}],"rotateFrame":[{"duration":30,"rotate":13.28}]},{"name":"yz","scaleFrame":[{"duration":15,"tweenEasing":0},{"duration":15,"tweenEasing":0,"y":0.9},{"duration":0}]},{"name":"PET6095_shenti","rotateFrame":[{"duration":7,"tweenEasing":0,"rotate":2.1},{"duration":16,"tweenEasing":0,"rotate":0.8},{"duration":7,"tweenEasing":0,"rotate":2.87},{"duration":0,"rotate":2.1}]},{"name":"PET6095_youtui1","rotateFrame":[{"duration":15,"tweenEasing":0,"rotate":-8.19},{"duration":15,"tweenEasing":0,"rotate":-10.25},{"duration":0,"rotate":-8.19}]},{"name":"PET6095_zuotui1","rotateFrame":[{"duration":15,"tweenEasing":0,"rotate":0.06},{"duration":15,"tweenEasing":0,"rotate":-2.18},{"duration":0,"rotate":0.06}]},{"name":"PET6095_weiba1","rotateFrame":[{"duration":7,"tweenEasing":0},{"duration":13,"tweenEasing":0,"rotate":-3.36},{"duration":10,"tweenEasing":0,"rotate":0.81},{"duration":0}]},{"name":"PET6095_youtui2","rotateFrame":[{"duration":15,"tweenEasing":0,"rotate":17.51},{"duration":15,"tweenEasing":0,"rotate":13.65},{"duration":0,"rotate":17.51}]},{"name":"PET6095_zuotui2","rotateFrame":[{"duration":15,"tweenEasing":0,"rotate":14.22},{"duration":15,"tweenEasing":0,"rotate":7.03},{"duration":0,"rotate":14.22}]},{"name":"bone2","rotateFrame":[{"duration":7,"tweenEasing":0,"rotate":7.23},{"duration":8,"tweenEasing":0,"rotate":5.93},{"duration":8,"tweenEasing":0,"rotate":7.23},{"duration":7,"tweenEasing":0,"rotate":8.39},{"duration":0,"rotate":7.23}]},{"name":"bone3","rotateFrame":[{"duration":7,"tweenEasing":0,"rotate":-14.44},{"duration":8,"tweenEasing":0,"rotate":-16.98},{"duration":8,"tweenEasing":0,"rotate":-14.44},{"duration":7,"tweenEasing":0,"rotate":-9.72},{"duration":0,"rotate":-14.44}]},{"name":"bone4","rotateFrame":[{"duration":15,"tweenEasing":0,"rotate":17.51},{"duration":15,"tweenEasing":0,"rotate":13.65},{"duration":0,"rotate":17.51}]},{"name":"bone5","rotateFrame":[{"duration":15,"tweenEasing":0,"rotate":34.71},{"duration":15,"tweenEasing":0,"rotate":27.53},{"duration":0,"rotate":34.71}]},{"name":"bone8","rotateFrame":[{"duration":7,"tweenEasing":0},{"duration":13,"tweenEasing":0,"rotate":-8.53},{"duration":10,"tweenEasing":0,"rotate":1.09},{"duration":0}]},{"name":"PET6095_bozi","rotateFrame":[{"duration":7,"tweenEasing":0,"rotate":-7.31},{"duration":8,"tweenEasing":0,"rotate":-8.55},{"duration":8,"tweenEasing":0,"rotate":-7.31},{"duration":7,"tweenEasing":0,"rotate":-3.76},{"duration":0,"rotate":-7.31}]},{"name":"PET6095_youshou1","rotateFrame":[{"duration":15,"tweenEasing":0,"rotate":-11.2},{"duration":15,"tweenEasing":0,"rotate":-0.95},{"duration":0,"rotate":-11.2}]},{"name":"PET6095_zuoshou1","rotateFrame":[{"duration":15,"tweenEasing":0,"rotate":40.24},{"duration":15,"tweenEasing":0,"rotate":29.36},{"duration":0,"rotate":40.24}]},{"name":"bone6","rotateFrame":[{"duration":15,"tweenEasing":0,"rotate":26.25},{"duration":15,"tweenEasing":0,"rotate":19.06},{"duration":0,"rotate":26.25}]},{"name":"bone7","rotateFrame":[{"duration":15,"tweenEasing":0,"rotate":17.51},{"duration":15,"tweenEasing":0,"rotate":13.65},{"duration":0,"rotate":17.51}]},{"name":"bone9","rotateFrame":[{"duration":7,"tweenEasing":0},{"duration":13,"tweenEasing":0,"rotate":-4.81},{"duration":10,"tweenEasing":0,"rotate":5.51},{"duration":0}]},{"name":"PET6095_tou","rotateFrame":[{"duration":7,"tweenEasing":0,"rotate":-13.5},{"duration":8,"tweenEasing":0,"rotate":-4.78},{"duration":8,"tweenEasing":0,"rotate":-13.5},{"duration":7,"tweenEasing":0,"rotate":-21.03},{"duration":0,"rotate":-13.5}]},{"name":"PET6095_youshou2","translateFrame":[{"duration":30,"x":1.03,"y":1.09}],"rotateFrame":[{"duration":15,"tweenEasing":0,"rotate":34.1},{"duration":15,"tweenEasing":0,"rotate":20},{"duration":0,"rotate":34.1}]},{"name":"PET6095_zuoshou2","translateFrame":[{"duration":30,"x":1.54,"y":-0.88}],"rotateFrame":[{"duration":15,"tweenEasing":0,"rotate":8.96},{"duration":15,"tweenEasing":0,"rotate":16.89},{"duration":0,"rotate":8.96}]},{"name":"bone10","rotateFrame":[{"duration":7,"tweenEasing":0},{"duration":13,"tweenEasing":0,"rotate":7.07},{"duration":10,"tweenEasing":0,"rotate":10.68},{"duration":0}]},{"name":"PET6095_xiaba","rotateFrame":[{"duration":15,"tweenEasing":0},{"duration":15,"tweenEasing":0,"rotate":16.47},{"duration":0}]}],"slot":[{"name":"PET6095_yanjingputong","displayFrame":[{"duration":21,"value":2},{"duration":9},{"duration":0,"value":2}]},{"name":"pet6095_skil012","displayFrame":[{"duration":30,"value":-1}]},{"name":"pet6095_skill_fen01_00000","displayFrame":[{"duration":30,"value":-1}]},{"name":"pet6095_skill_fen02_00000","displayFrame":[{"duration":30,"value":-1}]}]},{"duration":24,"name":"walk","bone":[{"name":"bone","translateFrame":[{"duration":6,"tweenEasing":0,"y":-20},{"duration":10,"tweenEasing":0,"y":-15},{"duration":8,"tweenEasing":0,"y":-30},{"duration":0,"y":-20}],"rotateFrame":[{"duration":24,"rotate":19.59}]},{"name":"yz","scaleFrame":[{"duration":6,"tweenEasing":0},{"duration":10,"tweenEasing":0,"y":1.1},{"duration":8,"tweenEasing":0,"y":0.9},{"duration":0}]},{"name":"PET6095_shenti","rotateFrame":[{"duration":6,"tweenEasing":0,"rotate":2.1},{"duration":12,"tweenEasing":0,"rotate":0.8},{"duration":6,"tweenEasing":0,"rotate":2.87},{"duration":0,"rotate":2.1}]},{"name":"PET6095_youtui1","rotateFrame":[{"duration":13,"tweenEasing":0,"rotate":-8.19},{"duration":11,"tweenEasing":0,"rotate":-10.25},{"duration":0,"rotate":-8.19}]},{"name":"PET6095_zuotui1","rotateFrame":[{"duration":13,"tweenEasing":0,"rotate":0.06},{"duration":11,"tweenEasing":0,"rotate":-2.18},{"duration":0,"rotate":0.06}]},{"name":"PET6095_weiba1","rotateFrame":[{"duration":6,"tweenEasing":0},{"duration":10,"tweenEasing":0,"rotate":-3.36},{"duration":8,"tweenEasing":0,"rotate":0.81},{"duration":0}]},{"name":"PET6095_youtui2","rotateFrame":[{"duration":5,"tweenEasing":0,"rotate":17.51},{"duration":8,"tweenEasing":0,"rotate":22.11},{"duration":11,"tweenEasing":0,"rotate":13.65},{"duration":0,"rotate":17.51}]},{"name":"PET6095_zuotui2","rotateFrame":[{"duration":5,"tweenEasing":0,"rotate":14.22},{"duration":8,"tweenEasing":0,"rotate":5.73},{"duration":11,"tweenEasing":0,"rotate":7.03},{"duration":0,"rotate":14.22}]},{"name":"bone2","rotateFrame":[{"duration":6,"tweenEasing":0,"rotate":7.23},{"duration":7,"tweenEasing":0,"rotate":5.93},{"duration":5,"tweenEasing":0,"rotate":7.23},{"duration":6,"tweenEasing":0,"rotate":8.39},{"duration":0,"rotate":7.23}]},{"name":"bone3","rotateFrame":[{"duration":6,"tweenEasing":0,"rotate":-14.44},{"duration":7,"tweenEasing":0,"rotate":-16.98},{"duration":5,"tweenEasing":0,"rotate":-14.44},{"duration":6,"tweenEasing":0,"rotate":-9.72},{"duration":0,"rotate":-14.44}]},{"name":"bone4","rotateFrame":[{"duration":5,"tweenEasing":0,"rotate":17.51},{"duration":8,"tweenEasing":0,"rotate":22.11},{"duration":11,"tweenEasing":0,"rotate":13.65},{"duration":0,"rotate":17.51}]},{"name":"bone5","rotateFrame":[{"duration":5,"tweenEasing":0,"rotate":34.71},{"duration":8,"tweenEasing":0,"rotate":26.22},{"duration":11,"tweenEasing":0,"rotate":27.53},{"duration":0,"rotate":34.71}]},{"name":"bone8","rotateFrame":[{"duration":6,"tweenEasing":0},{"duration":10,"tweenEasing":0,"rotate":-8.53},{"duration":8,"tweenEasing":0,"rotate":1.09},{"duration":0}]},{"name":"PET6095_bozi","rotateFrame":[{"duration":6,"tweenEasing":0,"rotate":-7.31},{"duration":7,"tweenEasing":0,"rotate":-8.55},{"duration":5,"tweenEasing":0,"rotate":-7.31},{"duration":6,"tweenEasing":0,"rotate":-3.76},{"duration":0,"rotate":-7.31}]},{"name":"PET6095_youshou1","rotateFrame":[{"duration":13,"tweenEasing":0,"rotate":-11.2},{"duration":11,"tweenEasing":0,"rotate":-0.95},{"duration":0,"rotate":-11.2}]},{"name":"PET6095_zuoshou1","rotateFrame":[{"duration":13,"tweenEasing":0,"rotate":40.24},{"duration":11,"tweenEasing":0,"rotate":29.36},{"duration":0,"rotate":40.24}]},{"name":"bone6","rotateFrame":[{"duration":5,"tweenEasing":0,"rotate":26.25},{"duration":8,"tweenEasing":0,"rotate":17.76},{"duration":11,"tweenEasing":0,"rotate":19.06},{"duration":0,"rotate":26.25}]},{"name":"bone7","rotateFrame":[{"duration":5,"tweenEasing":0,"rotate":17.51},{"duration":8,"tweenEasing":0,"rotate":20.74},{"duration":11,"tweenEasing":0,"rotate":13.65},{"duration":0,"rotate":17.51}]},{"name":"bone9","rotateFrame":[{"duration":6,"tweenEasing":0},{"duration":10,"tweenEasing":0,"rotate":-4.81},{"duration":8,"tweenEasing":0,"rotate":5.51},{"duration":0}]},{"name":"PET6095_tou","rotateFrame":[{"duration":6,"tweenEasing":0,"rotate":-13.5},{"duration":7,"tweenEasing":0,"rotate":-4.78},{"duration":5,"tweenEasing":0,"rotate":-13.5},{"duration":6,"tweenEasing":0,"rotate":-21.03},{"duration":0,"rotate":-13.5}]},{"name":"PET6095_youshou2","translateFrame":[{"duration":24,"x":1.03,"y":1.09}],"rotateFrame":[{"duration":13,"tweenEasing":0,"rotate":34.1},{"duration":11,"tweenEasing":0,"rotate":20},{"duration":0,"rotate":34.1}]},{"name":"PET6095_zuoshou2","translateFrame":[{"duration":24,"x":1.54,"y":-0.88}],"rotateFrame":[{"duration":13,"tweenEasing":0,"rotate":8.96},{"duration":11,"tweenEasing":0,"rotate":16.89},{"duration":0,"rotate":8.96}]},{"name":"bone10","rotateFrame":[{"duration":6,"tweenEasing":0},{"duration":10,"tweenEasing":0,"rotate":7.07},{"duration":8,"tweenEasing":0,"rotate":10.68},{"duration":0}]},{"name":"PET6095_xiaba","rotateFrame":[{"duration":13,"tweenEasing":0},{"duration":11,"tweenEasing":0,"rotate":16.47},{"duration":0}]}],"slot":[{"name":"pet6095_skil012","displayFrame":[{"duration":24,"value":-1}]},{"name":"pet6095_skill_fen01_00000","displayFrame":[{"duration":24,"value":-1}]},{"name":"pet6095_skill_fen02_00000","displayFrame":[{"duration":24,"value":-1}]}]},{"duration":43,"name":"win","bone":[{"name":"bone","translateFrame":[{"duration":8,"tweenEasing":0},{"duration":8,"tweenEasing":0,"y":6},{"duration":4,"tweenEasing":0,"x":-2.67,"y":-1},{"duration":8,"tweenEasing":0,"x":2.44,"y":1.91},{"duration":7,"tweenEasing":0,"x":4.99,"y":3.38},{"duration":8,"tweenEasing":0,"x":3.72,"y":2.64},{"duration":0}]},{"name":"yz","scaleFrame":[{"duration":8,"tweenEasing":0},{"duration":8,"tweenEasing":0,"y":1.1},{"duration":11,"tweenEasing":0},{"duration":16,"tweenEasing":0,"y":1.1},{"duration":0}]},{"name":"PET6095_weiba1","rotateFrame":[{"duration":8,"tweenEasing":0},{"duration":8,"tweenEasing":0,"rotate":8.59},{"duration":2,"tweenEasing":0,"rotate":-4.82},{"tweenEasing":0,"rotate":1.29},{"duration":8,"tweenEasing":0,"rotate":4.35},{"duration":8,"tweenEasing":0,"rotate":1.58},{"duration":8,"tweenEasing":0,"rotate":8.97},{"duration":0}]},{"name":"PET6095_youtui1","rotateFrame":[{"duration":8,"tweenEasing":0},{"duration":8,"tweenEasing":0,"rotate":-9.22},{"duration":4,"tweenEasing":0,"rotate":-0.8},{"duration":8,"tweenEasing":0,"rotate":-4.05},{"duration":7,"tweenEasing":0,"rotate":-5.68},{"duration":8,"tweenEasing":0,"rotate":-4.86},{"duration":0}]},{"name":"PET6095_zuotui1","translateFrame":[{"duration":8,"tweenEasing":0},{"duration":8,"tweenEasing":0,"x":1.03,"y":-1.84},{"duration":27}],"rotateFrame":[{"duration":8,"tweenEasing":0},{"duration":8,"tweenEasing":0,"rotate":-10.34},{"duration":4,"tweenEasing":0,"rotate":-5.52},{"duration":8,"tweenEasing":0,"rotate":-8.26},{"duration":7,"tweenEasing":0,"rotate":-9.63},{"duration":8,"tweenEasing":0,"rotate":-8.95},{"duration":0}]},{"name":"bone2","rotateFrame":[{"duration":8,"tweenEasing":0},{"duration":8,"tweenEasing":0,"rotate":12.12},{"duration":2,"tweenEasing":0,"rotate":8.53},{"tweenEasing":0,"rotate":16.09},{"duration":16,"tweenEasing":0,"rotate":19.88},{"duration":8,"tweenEasing":0,"rotate":17.46},{"duration":0}]},{"name":"PET6095_youtui2","rotateFrame":[{"duration":8,"tweenEasing":0},{"duration":8,"tweenEasing":0,"rotate":29.38},{"duration":4,"tweenEasing":0,"rotate":-5.26},{"duration":8,"tweenEasing":0,"rotate":14.99},{"duration":7,"tweenEasing":0,"rotate":25.12},{"duration":8,"tweenEasing":0,"rotate":20.06},{"duration":0}]},{"name":"PET6095_zuotui2","translateFrame":[{"duration":8,"tweenEasing":0},{"duration":8,"tweenEasing":0,"x":-1.69,"y":-4.06},{"duration":27}],"rotateFrame":[{"duration":8,"tweenEasing":0},{"duration":8,"tweenEasing":0,"rotate":30.88},{"duration":4,"tweenEasing":0,"rotate":4.49},{"duration":8,"tweenEasing":0,"rotate":24.95},{"duration":7,"tweenEasing":0,"rotate":35.18},{"duration":8,"tweenEasing":0,"rotate":30.07},{"duration":0}]},{"name":"bone3","rotateFrame":[{"duration":8,"tweenEasing":0},{"duration":8,"tweenEasing":0,"rotate":15.83},{"duration":2,"tweenEasing":0,"rotate":8.21},{"tweenEasing":0,"rotate":0.9},{"duration":16,"tweenEasing":0,"rotate":-2.75},{"duration":8,"tweenEasing":0,"rotate":-5.17},{"duration":0}]},{"name":"bone8","rotateFrame":[{"duration":8,"tweenEasing":0},{"duration":8,"tweenEasing":0,"rotate":8.59},{"duration":2,"tweenEasing":0,"rotate":-4.82},{"tweenEasing":0,"rotate":1.29},{"duration":8,"tweenEasing":0,"rotate":4.35},{"duration":8,"tweenEasing":0,"rotate":1.58},{"duration":8,"tweenEasing":0,"rotate":8.97},{"duration":0}]},{"name":"PET6095_bozi","rotateFrame":[{"duration":8,"tweenEasing":0},{"duration":8,"tweenEasing":0,"rotate":-11.98},{"duration":2,"tweenEasing":0,"rotate":-5.75},{"tweenEasing":0,"rotate":-12.23},{"duration":16,"tweenEasing":0,"rotate":-15.47},{"duration":8,"tweenEasing":0,"rotate":-17.89},{"duration":0}]},{"name":"PET6095_youshou1","rotateFrame":[{"duration":8,"tweenEasing":0},{"duration":8,"tweenEasing":0,"rotate":-2.32},{"duration":2,"tweenEasing":0,"rotate":1.8},{"tweenEasing":0,"rotate":6.94},{"duration":9,"tweenEasing":0,"rotate":9.51},{"duration":7,"tweenEasing":0,"rotate":11.32},{"duration":8,"tweenEasing":0,"rotate":16.2},{"duration":0}]},{"name":"PET6095_zuoshou1","translateFrame":[{"duration":8,"tweenEasing":0},{"duration":8,"tweenEasing":0},{"duration":19,"tweenEasing":0,"x":3.65,"y":0.37},{"duration":8,"tweenEasing":0,"x":3.65,"y":0.37},{"duration":0}],"rotateFrame":[{"duration":8,"tweenEasing":0},{"duration":8,"tweenEasing":0,"rotate":-2.05},{"duration":2,"tweenEasing":0,"rotate":5.7},{"tweenEasing":0,"rotate":-11.87},{"duration":16,"tweenEasing":0,"rotate":-20.66},{"duration":8,"tweenEasing":0,"rotate":-13.54},{"duration":0}]},{"name":"bone4","rotateFrame":[{"duration":8,"tweenEasing":0},{"duration":8,"tweenEasing":0,"rotate":-21.93},{"duration":4,"tweenEasing":0,"rotate":4.38},{"duration":8,"tweenEasing":0,"rotate":-8.64},{"duration":7,"tweenEasing":0,"rotate":-15.16},{"duration":8,"tweenEasing":0,"rotate":-11.9},{"duration":0}]},{"name":"bone5","rotateFrame":[{"duration":8,"tweenEasing":0},{"duration":8,"tweenEasing":0,"rotate":-15.68},{"duration":4,"tweenEasing":0,"rotate":5.66},{"duration":8,"tweenEasing":0,"rotate":-13.41},{"duration":7,"tweenEasing":0,"rotate":-22.95},{"duration":8,"tweenEasing":0,"rotate":-18.18},{"duration":0}]},{"name":"bone9","rotateFrame":[{"duration":8,"tweenEasing":0},{"duration":8,"tweenEasing":0,"rotate":8.59},{"duration":2,"tweenEasing":0,"rotate":-4.82},{"tweenEasing":0,"rotate":1.29},{"duration":8,"tweenEasing":0,"rotate":4.35},{"duration":8,"tweenEasing":0,"rotate":1.58},{"duration":8,"tweenEasing":0,"rotate":8.97},{"duration":0}]},{"name":"PET6095_tou","rotateFrame":[{"duration":8,"tweenEasing":0},{"duration":8,"tweenEasing":0,"rotate":-17.87},{"duration":2,"tweenEasing":0,"rotate":-16.13},{"tweenEasing":0,"rotate":-17.05},{"duration":24,"tweenEasing":0,"rotate":-17.51},{"duration":0}]},{"name":"PET6095_youshou2","translateFrame":[{"duration":8,"tweenEasing":0},{"duration":8,"tweenEasing":0},{"duration":19,"tweenEasing":0,"x":1,"y":0.94},{"duration":8,"tweenEasing":0,"x":1,"y":0.94},{"duration":0}],"rotateFrame":[{"duration":8,"tweenEasing":0},{"duration":8,"tweenEasing":0,"rotate":27.03},{"duration":2,"tweenEasing":0,"rotate":40.62},{"tweenEasing":0,"rotate":1.97},{"duration":16,"tweenEasing":0,"rotate":-17.34},{"duration":8,"tweenEasing":0,"rotate":-21.12},{"duration":0}]},{"name":"PET6095_zuoshou2","translateFrame":[{"duration":8,"tweenEasing":0},{"duration":27,"tweenEasing":0,"x":1.53,"y":-0.24},{"duration":8,"tweenEasing":0,"x":1.53,"y":-0.24},{"duration":0}],"rotateFrame":[{"duration":8,"tweenEasing":0},{"duration":8,"tweenEasing":0,"rotate":-26.72},{"duration":2,"tweenEasing":0,"rotate":-30.87},{"tweenEasing":0,"rotate":44.56},{"duration":16,"tweenEasing":0,"rotate":82.28},{"duration":8,"tweenEasing":0,"rotate":77.9},{"duration":0}]},{"name":"bone10","rotateFrame":[{"duration":8,"tweenEasing":0},{"duration":8,"tweenEasing":0,"rotate":8.59},{"duration":2,"tweenEasing":0,"rotate":-4.82},{"tweenEasing":0,"rotate":1.29},{"duration":8,"tweenEasing":0,"rotate":4.35},{"duration":8,"tweenEasing":0,"rotate":1.58},{"duration":8,"tweenEasing":0,"rotate":8.97},{"duration":0}]},{"name":"bone6","rotateFrame":[{"duration":8,"tweenEasing":0},{"duration":8,"tweenEasing":0,"rotate":-10.13},{"duration":4,"tweenEasing":0,"rotate":0.68},{"duration":8,"tweenEasing":0,"rotate":0.22},{"duration":7,"tweenEasing":0},{"duration":8,"tweenEasing":0,"rotate":0.11},{"duration":0}]},{"name":"bone7","rotateFrame":[{"duration":8},{"duration":8,"tweenEasing":0},{"duration":4,"tweenEasing":0,"rotate":1.8},{"duration":8,"tweenEasing":0,"rotate":0.6},{"duration":7,"tweenEasing":0},{"duration":8,"tweenEasing":0,"rotate":0.3},{"duration":0}]}],"slot":[{"name":"PET6095_yanjingputong","displayFrame":[{"duration":11,"value":2},{"duration":32,"value":3},{"duration":0,"value":2}]},{"name":"pet6095_skil012","displayFrame":[{"duration":43,"value":-1}]},{"name":"pet6095_skill_fen01_00000","displayFrame":[{"duration":43,"value":-1}]},{"name":"pet6095_skill_fen02_00000","displayFrame":[{"duration":43,"value":-1}]}]}],"defaultActions":[{"gotoAndPlay":"attack"}]}]}