{"frameRate":60,"name":"A6095","version":"5.5","compatibleVersion":"5.5","armature":[{"type":"Armature","frameRate":60,"name":"Armature","aabb":{"x":-84,"y":-97.5,"width":168,"height":195},"bone":[{"name":"root"},{"inheritScale":false,"name":"xuli","parent":"root"},{"inheritScale":false,"name":"tiankong","parent":"root"},{"inheritScale":false,"name":"mingzhong","parent":"root"}],"slot":[{"name":"xuli","parent":"xuli"},{"name":"tiankong","parent":"tiankong"},{"name":"mingzhong","parent":"mingzhong"}],"skin":[{"slot":[{"name":"mingzhong","display":[{"name":"pet6095_tx_attack/pet6095_tx_attack_sj/pet6095_tx_attack_sj_00023"},{"name":"pet6095_tx_attack/pet6095_tx_attack_sj/pet6095_tx_attack_sj_00024"},{"name":"pet6095_tx_attack/pet6095_tx_attack_sj/pet6095_tx_attack_sj_00025"},{"name":"pet6095_tx_attack/pet6095_tx_attack_sj/pet6095_tx_attack_sj_00026"},{"name":"pet6095_tx_attack/pet6095_tx_attack_sj/pet6095_tx_attack_sj_00027"}]},{"name":"tiankong","display":[{"name":"pet6095_tx_attack/pet6095_tx_attack_xz/pet6095_tx_attack_xz_00012"},{"name":"pet6095_tx_attack/pet6095_tx_attack_xz/pet6095_tx_attack_xz_00013"},{"name":"pet6095_tx_attack/pet6095_tx_attack_xz/pet6095_tx_attack_xz_00014"},{"name":"pet6095_tx_attack/pet6095_tx_attack_xz/pet6095_tx_attack_xz_00015"},{"name":"pet6095_tx_attack/pet6095_tx_attack_xz/pet6095_tx_attack_xz_00016"},{"name":"pet6095_tx_attack/pet6095_tx_attack_xz/pet6095_tx_attack_xz_00017"},{"name":"pet6095_tx_attack/pet6095_tx_attack_xz/pet6095_tx_attack_xz_00018"},{"name":"pet6095_tx_attack/pet6095_tx_attack_xz/pet6095_tx_attack_xz_00019"},{"name":"pet6095_tx_attack/pet6095_tx_attack_xz/pet6095_tx_attack_xz_00020"},{"name":"pet6095_tx_attack/pet6095_tx_attack_xz/pet6095_tx_attack_xz_00021"}]},{"name":"xuli","display":[{"name":"pet6095_tx_attack/pet6095_tx_attack_gq/pet6095_tx_attack_gq_00000"},{"name":"pet6095_tx_attack/pet6095_tx_attack_gq/pet6095_tx_attack_gq_00001"},{"name":"pet6095_tx_attack/pet6095_tx_attack_gq/pet6095_tx_attack_gq_00002"},{"name":"pet6095_tx_attack/pet6095_tx_attack_gq/pet6095_tx_attack_gq_00003"},{"name":"pet6095_tx_attack/pet6095_tx_attack_gq/pet6095_tx_attack_gq_00004"},{"name":"pet6095_tx_attack/pet6095_tx_attack_gq/pet6095_tx_attack_gq_00005"},{"name":"pet6095_tx_attack/pet6095_tx_attack_gq/pet6095_tx_attack_gq_00006"},{"name":"pet6095_tx_attack/pet6095_tx_attack_gq/pet6095_tx_attack_gq_00007"}]}]}],"animation":[{"duration":16,"playTimes":0,"name":"hit","frame":[{"duration":6},{"duration":0,"events":[{"name":"0"}]}],"bone":[{"name":"mingzhong","scaleFrame":[{"duration":16,"x":2,"y":2}]}],"slot":[{"name":"mingzhong","displayFrame":[{"duration":4},{"duration":4,"value":1},{"duration":4,"value":2},{"duration":4,"value":3},{"duration":0,"value":4}]},{"name":"xuli","displayFrame":[{"duration":16,"value":-1}]},{"name":"tiankong","displayFrame":[{"duration":16,"value":-1}]}]},{"duration":36,"playTimes":0,"name":"down","bone":[{"name":"tiankong","scaleFrame":[{"duration":36,"x":2,"y":2}]}],"slot":[{"name":"tiankong","displayFrame":[{"duration":4},{"duration":4,"value":1},{"duration":4,"value":2},{"duration":4,"value":3},{"duration":4,"value":4},{"duration":4,"value":5},{"duration":4,"value":6},{"duration":4,"value":7},{"duration":4,"value":8},{"duration":0,"value":9}]},{"name":"xuli","displayFrame":[{"duration":36,"value":-1}]},{"name":"mingzhong","displayFrame":[{"duration":36,"value":-1}]}]}],"defaultActions":[{"gotoAndPlay":"hit"}]}]}