{"imagePath":"A6095_tex.png","width":1024,"height":512,"name":"A6095","SubTexture":[{"frameY":-38,"y":94,"frameWidth":140,"frameHeight":141,"width":66,"height":66,"name":"pet6095_tx_attack/pet6095_tx_attack_gq/pet6095_tx_attack_gq_00002","frameX":-36,"x":434},{"frameY":-14,"y":259,"frameWidth":140,"frameHeight":141,"width":112,"height":112,"name":"pet6095_tx_attack/pet6095_tx_attack_gq/pet6095_tx_attack_gq_00007","frameX":-13,"x":895},{"frameY":-48,"y":94,"frameWidth":140,"frameHeight":141,"width":47,"height":47,"name":"pet6095_tx_attack/pet6095_tx_attack_gq/pet6095_tx_attack_gq_00001","frameX":-46,"x":502},{"frameY":-25,"y":1,"frameWidth":140,"frameHeight":141,"width":92,"height":91,"name":"pet6095_tx_attack/pet6095_tx_attack_gq/pet6095_tx_attack_gq_00006","frameX":-23,"x":434},{"frameY":-58,"y":478,"frameWidth":140,"frameHeight":141,"width":28,"height":28,"name":"pet6095_tx_attack/pet6095_tx_attack_gq/pet6095_tx_attack_gq_00000","frameX":-55,"x":895},{"frameY":-9,"y":1,"frameWidth":140,"frameHeight":141,"width":122,"height":122,"name":"pet6095_tx_attack/pet6095_tx_attack_gq/pet6095_tx_attack_gq_00005","frameX":-8,"x":895},{"frameY":-19,"y":373,"frameWidth":140,"frameHeight":141,"width":104,"height":103,"name":"pet6095_tx_attack/pet6095_tx_attack_gq/pet6095_tx_attack_gq_00004","frameX":-17,"x":895},{"frameY":-29,"y":1,"frameWidth":140,"frameHeight":141,"width":84,"height":84,"name":"pet6095_tx_attack/pet6095_tx_attack_gq/pet6095_tx_attack_gq_00003","frameX":-27,"x":528},{"frameY":-23,"y":165,"frameWidth":168,"frameHeight":195,"width":136,"height":142,"name":"pet6095_tx_attack/pet6095_tx_attack_xz/pet6095_tx_attack_xz_00013","frameX":-26,"x":156},{"frameY":-18,"y":1,"frameWidth":168,"frameHeight":195,"width":155,"height":162,"name":"pet6095_tx_attack/pet6095_tx_attack_xz/pet6095_tx_attack_xz_00018","frameX":-9,"x":1},{"frameY":-19,"y":125,"frameWidth":168,"frameHeight":195,"width":106,"height":132,"name":"pet6095_tx_attack/pet6095_tx_attack_xz/pet6095_tx_attack_xz_00012","frameX":-39,"x":895},{"frameY":-15,"y":325,"frameWidth":168,"frameHeight":195,"width":145,"height":166,"name":"pet6095_tx_attack/pet6095_tx_attack_xz/pet6095_tx_attack_xz_00017","frameX":-7,"x":1},{"frameY":-23,"y":165,"frameWidth":168,"frameHeight":195,"width":153,"height":158,"name":"pet6095_tx_attack/pet6095_tx_attack_xz/pet6095_tx_attack_xz_00016","frameX":-5,"x":1},{"frameY":-27,"y":325,"frameWidth":168,"frameHeight":195,"width":152,"height":153,"name":"pet6095_tx_attack/pet6095_tx_attack_xz/pet6095_tx_attack_xz_00021","frameX":-8,"x":307},{"frameY":-31,"y":325,"frameWidth":168,"frameHeight":195,"width":157,"height":150,"name":"pet6095_tx_attack/pet6095_tx_attack_xz/pet6095_tx_attack_xz_00015","frameX":-3,"x":148},{"frameY":-23,"y":325,"frameWidth":168,"frameHeight":195,"width":143,"height":158,"name":"pet6095_tx_attack/pet6095_tx_attack_xz/pet6095_tx_attack_xz_00020","frameX":-19,"x":461},{"frameY":-27,"y":325,"frameWidth":168,"frameHeight":195,"width":134,"height":153,"name":"pet6095_tx_attack/pet6095_tx_attack_xz/pet6095_tx_attack_xz_00014","frameX":-27,"x":759},{"frameY":-19,"y":325,"frameWidth":168,"frameHeight":195,"width":151,"height":143,"name":"pet6095_tx_attack/pet6095_tx_attack_xz/pet6095_tx_attack_xz_00019","frameX":-12,"x":606},{"frameY":-1,"y":1,"frameWidth":150,"frameHeight":134,"width":136,"height":133,"name":"pet6095_tx_attack/pet6095_tx_attack_sj/pet6095_tx_attack_sj_00024","frameX":-8,"x":158},{"frameY":-1,"y":165,"frameWidth":150,"frameHeight":134,"width":136,"height":133,"name":"pet6095_tx_attack/pet6095_tx_attack_sj/pet6095_tx_attack_sj_00026","frameX":-8,"x":432},{"frameY":-29,"y":87,"frameWidth":150,"frameHeight":134,"width":80,"height":80,"name":"pet6095_tx_attack/pet6095_tx_attack_sj/pet6095_tx_attack_sj_00023","frameX":-36,"x":570},{"frameY":-1,"y":165,"frameWidth":150,"frameHeight":134,"width":136,"height":133,"name":"pet6095_tx_attack/pet6095_tx_attack_sj/pet6095_tx_attack_sj_00025","frameX":-8,"x":294},{"frameY":-1,"y":1,"frameWidth":150,"frameHeight":134,"width":136,"height":133,"name":"pet6095_tx_attack/pet6095_tx_attack_sj/pet6095_tx_attack_sj_00027","frameX":-8,"x":296}]}