{"frameRate":60,"name":"A6005","version":"5.5","compatibleVersion":"5.5","armature":[{"type":"Armature","frameRate":60,"name":"Armature","aabb":{"x":-77,"y":-36,"width":154,"height":72},"bone":[{"inheritScale":false,"name":"Layer2"}],"slot":[{"name":"Layer2","parent":"Layer2"}],"skin":[{"slot":[{"name":"Layer2","display":[{"name":"pte6081_01_part02_00007"},{"name":"pet6004_attack_sj/pet6004_attack_sj_00009"},{"name":"pet6004_attack_sj/pet6004_attack_sj_00010"},{"name":"pet6004_attack_sj/pet6004_attack_sj_00011"},{"name":"pet6004_attack_sj/pet6004_attack_sj_00012"},{"name":"pet6004_attack_sj/pet6004_attack_sj_00013"}]}]}],"animation":[{"duration":16,"playTimes":0,"name":"hit","frame":[{"duration":4},{"duration":0,"events":[{"name":"0"}]}],"slot":[{"name":"Layer2","displayFrame":[{"duration":4,"value":1},{"duration":4,"value":2},{"duration":4,"value":3},{"duration":4,"value":4},{"duration":0,"value":5}]}]},{"duration":0,"playTimes":0,"name":"track"}],"defaultActions":[{"gotoAndPlay":"hit"}]}]}