{"width":512,"SubTexture":[{"frameWidth":214,"y":193,"frameHeight":209,"width":163,"frameX":-31,"height":158,"name":"pet6004_attack_sj/pet6004_attack_sj_00012","frameY":-29,"x":1},{"frameWidth":154,"y":353,"frameHeight":72,"width":146,"frameX":0,"height":70,"name":"pte6081_01_part02_00007","frameY":-2,"x":1},{"frameWidth":214,"y":1,"frameHeight":209,"width":184,"frameX":-20,"height":175,"name":"pet6004_attack_sj/pet6004_attack_sj_00010","frameY":-19,"x":200},{"frameWidth":214,"y":1,"frameHeight":209,"width":197,"frameX":-10,"height":190,"name":"pet6004_attack_sj/pet6004_attack_sj_00011","frameY":-8,"x":1},{"frameWidth":214,"y":178,"frameHeight":209,"width":174,"frameX":-27,"height":159,"name":"pet6004_attack_sj/pet6004_attack_sj_00013","frameY":-22,"x":200},{"frameWidth":214,"y":339,"frameHeight":209,"width":149,"frameX":-40,"height":164,"name":"pet6004_attack_sj/pet6004_attack_sj_00009","frameY":-37,"x":166}],"height":512,"name":"A6005","imagePath":"A6005_tex.png"}