{"imagePath":"101_tex.png","width":256,"height":256,"name":"101","SubTexture":[{"frameY":-22,"y":181,"frameWidth":84,"frameHeight":104,"width":46,"height":59,"name":"pet6115_02_part03/pet6115_02_part03_00030","frameX":-28,"x":1},{"frameY":-13,"y":90,"frameWidth":84,"frameHeight":104,"width":68,"height":89,"name":"pet6115_02_part03/pet6115_02_part03_00023","frameX":-4,"x":1},{"frameY":-40,"y":242,"frameWidth":84,"frameHeight":104,"width":29,"height":11,"name":"pet6115_02_part03/pet6115_02_part03_00031","frameX":-28,"x":1},{"frameY":-15,"y":1,"frameWidth":84,"frameHeight":104,"width":74,"height":87,"name":"pet6115_02_part03/pet6115_02_part03_00025","frameX":-5,"x":1},{"frameY":-19,"y":1,"frameWidth":84,"frameHeight":104,"width":65,"height":84,"name":"pet6115_02_part03/pet6115_02_part03_00024","frameX":-11,"x":146},{"frameY":-3,"y":1,"frameWidth":84,"frameHeight":104,"width":67,"height":85,"name":"pet6115_02_part03/pet6115_02_part03_00029","frameX":-7,"x":77},{"frameY":-5,"y":90,"frameWidth":84,"frameHeight":104,"width":66,"height":88,"name":"pet6115_02_part03/pet6115_02_part03_00028","frameX":-8,"x":71},{"frameY":-9,"y":88,"frameWidth":84,"frameHeight":104,"width":63,"height":90,"name":"pet6115_02_part03/pet6115_02_part03_00027","frameX":-17,"x":139},{"frameY":-14,"y":180,"frameWidth":84,"frameHeight":104,"width":74,"height":72,"name":"pet6115_02_part03/pet6115_02_part03_00026","frameX":-7,"x":71}]}