{"frameRate":60,"name":"101","version":"5.5","compatibleVersion":"5.5","armature":[{"type":"Armature","frameRate":60,"name":"Armature","aabb":{"x":-42,"y":-52,"width":84,"height":104},"bone":[{"inheritScale":false,"name":"Layer8"}],"slot":[{"name":"Layer8","parent":"Layer8"}],"skin":[{"slot":[{"name":"Layer8","display":[{"name":"pet6115_02_part03/pet6115_02_part03_00023"},{"name":"pet6115_02_part03/pet6115_02_part03_00024"},{"name":"pet6115_02_part03/pet6115_02_part03_00025"},{"name":"pet6115_02_part03/pet6115_02_part03_00026"},{"name":"pet6115_02_part03/pet6115_02_part03_00027"},{"name":"pet6115_02_part03/pet6115_02_part03_00028"},{"name":"pet6115_02_part03/pet6115_02_part03_00029"},{"name":"pet6115_02_part03/pet6115_02_part03_00030"},{"name":"pet6115_02_part03/pet6115_02_part03_00031"}]}]}],"animation":[{"duration":32,"playTimes":0,"name":"buff","bone":[{"name":"Layer8","scaleFrame":[{"duration":32,"x":2,"y":2}]}],"slot":[{"name":"Layer8","displayFrame":[{"duration":4},{"duration":4,"value":1},{"duration":4,"value":2},{"duration":4,"value":3},{"duration":4,"value":4},{"duration":4,"value":5},{"duration":4,"value":6},{"duration":4,"value":7},{"duration":0,"value":8}]}]}],"defaultActions":[{"gotoAndPlay":"buff"}]}]}