{"frameRate":60,"name":"A6017","version":"5.5","compatibleVersion":"5.5","armature":[{"type":"Armature","frameRate":60,"name":"Armature","aabb":{"x":-70.5,"y":-324.5,"width":141,"height":327},"bone":[{"inheritScale":false,"name":"Layer1","transform":{"y":-161}}],"slot":[{"name":"Layer1","parent":"Layer1"}],"skin":[{"slot":[{"name":"Layer1","display":[{"name":"pet6128_2_part04/pet6128_2_part04_00008"},{"name":"pet6128_2_part04/pet6128_2_part04_00009"},{"name":"pet6128_2_part04/pet6128_2_part04_00010"},{"name":"pet6128_2_part04/pet6128_2_part04_00011"},{"name":"pet6128_2_part04/pet6128_2_part04_00012"},{"name":"pet6128_2_part04/pet6128_2_part04_00013"},{"name":"pet6128_2_part04/pet6128_2_part04_00014"},{"name":"pet6128_2_part04/pet6128_2_part04_00015"}]}]}],"animation":[{"duration":28,"playTimes":0,"name":"hit","frame":[{"duration":4},{"duration":0,"events":[{"name":"0"}]}],"bone":[{"name":"Layer1","scaleFrame":[{"duration":4,"tweenEasing":0,"x":2,"y":2},{"duration":24,"x":1.5,"y":1.5}]}],"slot":[{"name":"Layer1","displayFrame":[{"duration":4},{"duration":4,"value":1},{"duration":4,"value":2},{"duration":4,"value":3},{"duration":4,"value":4},{"duration":4,"value":5},{"duration":4,"value":6},{"duration":0,"value":7}]}]}],"defaultActions":[{"gotoAndPlay":"hit"}]}]}