{"width":1024,"imagePath":"A6017_tex.png","height":512,"name":"A6017","SubTexture":[{"y":318,"frameX":-19,"frameHeight":327,"frameY":-222,"width":94,"frameWidth":141,"height":94,"name":"pet6128_2_part04/pet6128_2_part04_00013","x":287},{"y":1,"frameX":-23,"frameHeight":327,"frameY":-44,"width":90,"frameWidth":141,"height":275,"name":"pet6128_2_part04/pet6128_2_part04_00012","x":416},{"y":1,"frameX":0,"frameHeight":327,"frameY":-7,"width":141,"frameWidth":141,"height":320,"name":"pet6128_2_part04/pet6128_2_part04_00010","x":1},{"y":1,"frameX":0,"frameHeight":327,"frameY":-12,"width":127,"frameWidth":141,"height":315,"name":"pet6128_2_part04/pet6128_2_part04_00011","x":287},{"y":1,"frameX":0,"frameHeight":327,"frameY":-11,"width":141,"frameWidth":141,"height":316,"name":"pet6128_2_part04/pet6128_2_part04_00009","x":144},{"y":319,"frameX":-26,"frameHeight":327,"frameY":-237,"width":83,"frameWidth":141,"height":67,"name":"pet6128_2_part04/pet6128_2_part04_00014","x":144},{"y":278,"frameX":-24,"frameHeight":327,"frameY":-3,"width":103,"frameWidth":141,"height":207,"name":"pet6128_2_part04/pet6128_2_part04_00008","x":416},{"y":323,"frameX":-26,"frameHeight":327,"frameY":-226,"width":81,"frameWidth":141,"height":65,"name":"pet6128_2_part04/pet6128_2_part04_00015","x":1}]}